prioridad,tipo,urba_club_id,nombre,categoria,sufijo,union_id,sport,logo_url,id_sugerido,institucion_padre_urba_id,anios,veces,motivo
1,institucion,201,15 de Diciembre,"","",urba,rugby,https://urbaimagenes-cddyfadwc8dqcchn.z03.azurefd.net/img/clubs/15dediciembre.png,15-de-diciembre,,2021 2022 2023,5,no existe en el padrón
1,institucion,202,AG Propiedades,"","",urba,rugby,https://urbaimagenes-cddyfadwc8dqcchn.z03.azurefd.net/img/clubs/agpropiedades.png,ag-propiedades,,2021 2022,3,no existe en el padrón
1,institucion,121,Aguiluchos Rugby,"","",urba,rugby,https://urbaimagenes-cddyfadwc8dqcchn.z03.azurefd.net/img/clubs/aguiluchosrugby.png,aguiluchos-rugby,,2024 2025 2026,5,no existe en el padrón
1,institucion,61,Albatros,"","",urba,rugby,https://urbaimagenes-cddyfadwc8dqcchn.z03.azurefd.net/img/clubs/albatros.png,albatros,,2021 2022 2023 2024 2025 2026,47,no existe en el padrón
1,institucion,74,Almafuerte,"","",urba,rugby,https://urbaimagenes-cddyfadwc8dqcchn.z03.azurefd.net/img/clubs/almafuerte.png,almafuerte,,2021 2022 2023 2024 2025 2026,43,no existe en el padrón
1,institucion,67,Arsenal Zarate,"","",urba,rugby,https://urbaimagenes-cddyfadwc8dqcchn.z03.azurefd.net/img/clubs/arsenalzarate.png,arsenal-zarate,,2021 2022 2023 2024 2025 2026,40,no existe en el padrón
1,institucion,60,Atletico Chascomus,"","",urba,rugby,https://urbaimagenes-cddyfadwc8dqcchn.z03.azurefd.net/img/clubs/atleticochascomus.png,atletico-chascomus,,2021 2022 2023 2024 2025 2026,43,no existe en el padrón
1,institucion,75,Atletico San Andres,"","",urba,rugby,https://urbaimagenes-cddyfadwc8dqcchn.z03.azurefd.net/img/clubs/atleticosanandres.png,atletico-san-andres,,2021 2022 2023 2024 2025 2026,36,Atlético San Andrés es distinto de San Andrés (id 31)
1,institucion,63,Atletico y Progreso,"","",urba,rugby,https://urbaimagenes-cddyfadwc8dqcchn.z03.azurefd.net/img/clubs/atleticoyprogreso.png,atletico-y-progreso,,2021 2022 2023 2024 2025 2026,45,no existe en el padrón
1,institucion,109,Banco Central,"","",urba,rugby,https://urbaimagenes-cddyfadwc8dqcchn.z03.azurefd.net/img/clubs/bancocentral.png,banco-central,,2021 2022 2023 2024 2025 2026,9,no existe en el padrón
1,institucion,80,Banco Hipotecario,"","",urba,rugby,https://urbaimagenes-cddyfadwc8dqcchn.z03.azurefd.net/img/clubs/bancohipotecario.png,banco-hipotecario,,2021 2022 2023 2024 2025 2026,38,no existe en el padrón
1,institucion,98,Barcelo Rugby,"","",urba,rugby,https://urbaimagenes-cddyfadwc8dqcchn.z03.azurefd.net/img/clubs/fundacionbarcelo.png,barcelo-rugby,,2021 2022 2023 2024 2025 2026,13,no existe en el padrón
1,institucion,89,Berisso,"","",urba,rugby,https://urbaimagenes-cddyfadwc8dqcchn.z03.azurefd.net/img/clubs/berisso.png,berisso,,2021 2022 2023 2024 2025 2026,23,no existe en el padrón
1,institucion,71,Beromama,"","",urba,rugby,https://urbaimagenes-cddyfadwc8dqcchn.z03.azurefd.net/img/clubs/beromama.png,beromama,,2021 2022 2023 2024 2025 2026,49,no existe en el padrón
1,institucion,126,Blue XV,"","",urba,rugby,https://urbaimagenes-cddyfadwc8dqcchn.z03.azurefd.net/img/clubs/bluexv.png,blue-xv,,2024 2025,3,no existe en el padrón
1,institucion,203,Cabaña Camino Viejo,"","",urba,rugby,https://urbaimagenes-cddyfadwc8dqcchn.z03.azurefd.net/img/clubs/cabañacaminoviejo.png,cabana-camino-viejo,,2022 2023,3,no existe en el padrón
1,institucion,118,Camioneros R.C.,"","",urba,rugby,https://urbaimagenes-cddyfadwc8dqcchn.z03.azurefd.net/img/clubs/camioneros.png,camioneros-r-c,,2024 2025,5,no existe en el padrón
1,institucion,111,Cardales Rugby,"","",urba,rugby,https://urbaimagenes-cddyfadwc8dqcchn.z03.azurefd.net/img/clubs/cardalesrugby.png,cardales-rugby,,2024,2,no existe en el padrón
1,institucion,114,Ciervos Pampas,"","",urba,rugby,https://urbaimagenes-cddyfadwc8dqcchn.z03.azurefd.net/img/clubs/ciervospampas.png,ciervos-pampas,,2022 2023 2025 2026,6,no existe en el padrón
1,institucion,204,Circulo Policia Federal,"","",urba,rugby,https://urbaimagenes-cddyfadwc8dqcchn.z03.azurefd.net/img/clubs/circulopoliciafederal.png,circulo-policia-federal,,2022 2023,3,no existe en el padrón
1,institucion,125,CIRFAA Patriotas Rugby,"","",urba,rugby,https://urbaimagenes-cddyfadwc8dqcchn.z03.azurefd.net/img/clubs/patriotasrugby.png,cirfaa-patriotas-rugby,,2021 2022 2023 2024 2025 2026,9,no existe en el padrón
1,institucion,76,Ciudad de Campana,"","",urba,rugby,https://urbaimagenes-cddyfadwc8dqcchn.z03.azurefd.net/img/clubs/ciudaddecampana.png,ciudad-de-campana,,2021 2022 2023 2024 2025 2026,40,no existe en el padrón
1,institucion,97,CUNE,"","",urba,rugby,https://urbaimagenes-cddyfadwc8dqcchn.z03.azurefd.net/img/clubs/cune.png,cune,,2021 2022 2023 2024 2025 2026,11,no existe en el padrón
1,institucion,84,Defensores de Glew,"","",urba,rugby,https://urbaimagenes-cddyfadwc8dqcchn.z03.azurefd.net/img/clubs/defensoresdeglew.png,defensores-de-glew,,2021 2022 2023 2024 2025 2026,18,no existe en el padrón
1,institucion,127,Del Oeste Rugby,"","",urba,rugby,https://urbaimagenes-cddyfadwc8dqcchn.z03.azurefd.net/img/clubs/deloeste.png,del-oeste-rugby,,2025 2026,4,no existe en el padrón
1,institucion,205,Distribuidora del Oeste,"","",urba,rugby,https://urbaimagenes-cddyfadwc8dqcchn.z03.azurefd.net/img/clubs/distribuidoradeloeste.png,distribuidora-del-oeste,,2021 2022,2,no existe en el padrón
1,institucion,131,Dorrego Rugby,"","",urba,rugby,https://urbaimagenes-cddyfadwc8dqcchn.z03.azurefd.net/img/clubs/dorrego.png,dorrego-rugby,,2025 2026,4,no existe en el padrón
1,institucion,48,El Retiro,"","",urba,rugby,https://urbaimagenes-cddyfadwc8dqcchn.z03.azurefd.net/img/clubs/elretiro.png,el-retiro,,2021 2022 2023 2024 2025 2026,54,no existe en el padrón
1,institucion,112,Elaion,"","",urba,rugby,https://urbaimagenes-cddyfadwc8dqcchn.z03.azurefd.net/img/clubs/elaion.png,elaion,,2021 2022 2023 2024,6,no existe en el padrón
1,institucion,108,Ensenada,"","",urba,rugby,https://urbaimagenes-cddyfadwc8dqcchn.z03.azurefd.net/img/clubs/ensenada.png,ensenada,,2021 2022 2023 2024 2025 2026,9,no existe en el padrón
1,institucion,122,Espartanos,"","",urba,rugby,https://urbaimagenes-cddyfadwc8dqcchn.z03.azurefd.net/img/clubs/espartanos.png,espartanos,,2023 2024 2025 2026,7,no existe en el padrón
1,institucion,86,Ezeiza,"","",urba,rugby,https://urbaimagenes-cddyfadwc8dqcchn.z03.azurefd.net/img/clubs/ezeiza.png,ezeiza,,2021 2023 2024 2025 2026,30,no existe en el padrón
1,institucion,87,Floresta,"","",urba,rugby,https://urbaimagenes-cddyfadwc8dqcchn.z03.azurefd.net/img/clubs/floresta.png,floresta,,2021 2022 2023 2024 2025 2026,21,no existe en el padrón
1,institucion,59,G y E de Ituzaingo,"","",urba,rugby,https://urbaimagenes-cddyfadwc8dqcchn.z03.azurefd.net/img/clubs/gyedeituzaingo.png,g-y-e-de-ituzaingo,,2021 2022 2023 2024 2025 2026,57,no existe en el padrón
1,institucion,206,Guernica,"","",urba,rugby,https://urbaimagenes-cddyfadwc8dqcchn.z03.azurefd.net/img/clubs/guernica.png,guernica,,2021 2022,3,no existe en el padrón
1,institucion,133,Handoff Rugby,"","",urba,rugby,https://urbaimagenes-cddyfadwc8dqcchn.z03.azurefd.net/img/clubs/handoff.png,handoff-rugby,,2025 2026,3,no existe en el padrón
1,institucion,110,Ivem,"","",urba,rugby,https://urbaimagenes-cddyfadwc8dqcchn.z03.azurefd.net/img/clubs/ivem.png,ivem,,2024,2,no existe en el padrón
1,institucion,64,La Salle,"","",urba,rugby,https://urbaimagenes-cddyfadwc8dqcchn.z03.azurefd.net/img/clubs/lasalle.png,la-salle,,2021 2022 2023 2024 2025 2026,40,no existe en el padrón
1,institucion,73,Las Cañas,"","",urba,rugby,https://urbaimagenes-cddyfadwc8dqcchn.z03.azurefd.net/img/clubs/lascañas.png,las-canas,,2021 2022 2023 2024 2025 2026,51,no existe en el padrón
1,institucion,207,Laz Spare Parts,"","",urba,rugby,https://urbaimagenes-cddyfadwc8dqcchn.z03.azurefd.net/img/clubs/lazspareparts.png,laz-spare-parts,,2023,2,no existe en el padrón
1,institucion,208,Lomas Social,"","",urba,rugby,https://urbaimagenes-cddyfadwc8dqcchn.z03.azurefd.net/img/clubs/lomassocial.png,lomas-social,,2022 2023 2026,5,no existe en el padrón
1,institucion,78,Los Cedros,"","",urba,rugby,https://urbaimagenes-cddyfadwc8dqcchn.z03.azurefd.net/img/clubs/loscedros.png,los-cedros,,2021 2022 2023 2024 2025 2026,42,no existe en el padrón
1,institucion,79,Los Pinos,"","",urba,rugby,https://urbaimagenes-cddyfadwc8dqcchn.z03.azurefd.net/img/clubs/lospinos.png,los-pinos,,2021 2022 2023 2024 2025 2026,35,no existe en el padrón
1,institucion,113,Malvinas Argentinas,"","",urba,rugby,https://urbaimagenes-cddyfadwc8dqcchn.z03.azurefd.net/img/clubs/malvinasargentinas.png,malvinas-argentinas,,2024 2025 2026,5,no existe en el padrón
1,institucion,124,Manzanares R.C.,"","",urba,rugby,https://urbaimagenes-cddyfadwc8dqcchn.z03.azurefd.net/img/clubs/manzanaresrc.png,manzanares-r-c,,2021 2022 2023 2024 2025 2026,11,no existe en el padrón
1,institucion,82,Marcos Paz,"","",urba,rugby,https://urbaimagenes-cddyfadwc8dqcchn.z03.azurefd.net/img/clubs/marcospaz.png,marcos-paz,,2021 2022 2023 2024 2025 2026,38,no existe en el padrón
1,institucion,47,Mercedes,"","",urba,rugby,https://urbaimagenes-cddyfadwc8dqcchn.z03.azurefd.net/img/clubs/mercedes.png,mercedes,,2021 2022 2023 2024 2025 2026,33,no existe en el padrón
1,institucion,115,Ministerio de Seguridad CABA,"","",urba,rugby,https://urbaimagenes-cddyfadwc8dqcchn.z03.azurefd.net/img/clubs/ministeriodeseguridadcaba.png,ministerio-de-seguridad-caba,,2024,2,no existe en el padrón
1,institucion,123,Municipalidad de Avellaneda,"","",urba,rugby,https://urbaimagenes-cddyfadwc8dqcchn.z03.azurefd.net/img/clubs/municipalidaddeavellaneda.png,municipalidad-de-avellaneda,,2021 2022 2023 2024 2025 2026,17,no existe en el padrón
1,institucion,91,Municipalidad de Berazategui,"","",urba,rugby,https://urbaimagenes-cddyfadwc8dqcchn.z03.azurefd.net/img/clubs/municipalidaddeberazategui.png,municipalidad-de-berazategui,,2021 2022 2023 2024 2025 2026,49,no existe en el padrón
1,institucion,119,Municipalidad de Moreno,"","",urba,rugby,https://urbaimagenes-cddyfadwc8dqcchn.z03.azurefd.net/img/clubs/municipalidaddemoreno.png,municipalidad-de-moreno,,2023 2024 2025,6,no existe en el padrón
1,institucion,93,Municipio de Avellaneda,"","",urba,rugby,https://urbaimagenes-cddyfadwc8dqcchn.z03.azurefd.net/img/clubs/municipiodeavellaneda.png,municipio-de-avellaneda,,2024 2025,2,no existe en el padrón
1,institucion,120,New Lions R.C.,"","",urba,rugby,https://urbaimagenes-cddyfadwc8dqcchn.z03.azurefd.net/img/clubs/newlions.png,new-lions-r-c,,2024 2025 2026,5,no existe en el padrón
1,institucion,90,Obras Sanitarias,"","",urba,rugby,https://urbaimagenes-cddyfadwc8dqcchn.z03.azurefd.net/img/clubs/obrassanitarias.png,obras-sanitarias,,2021 2022 2023 2024 2025 2026,16,no existe en el padrón
1,institucion,128,Old Bankers,"","",urba,rugby,https://urbaimagenes-cddyfadwc8dqcchn.z03.azurefd.net/img/clubs/oldbankers.png,old-bankers,,2025 2026,3,no existe en el padrón
1,institucion,66,Old Georgian,"","",urba,rugby,https://urbaimagenes-cddyfadwc8dqcchn.z03.azurefd.net/img/clubs/oldgeorgian.png,old-georgian,,2021 2022 2023 2024 2025 2026,51,no existe en el padrón
1,institucion,209,Omar Etcheverry,"","",urba,rugby,https://urbaimagenes-cddyfadwc8dqcchn.z03.azurefd.net/img/clubs/omaretcheverry.png,omar-etcheverry,,2021 2022 2023,5,no existe en el padrón
1,institucion,85,Pac General Rodriguez,"","",urba,rugby,https://urbaimagenes-cddyfadwc8dqcchn.z03.azurefd.net/img/clubs/pacgeneralrodriguez.png,pac-general-rodriguez,,2021 2022 2023 2024 2025 2026,30,no existe en el padrón
1,institucion,210,Pacific Shark,"","",urba,rugby,https://urbaimagenes-cddyfadwc8dqcchn.z03.azurefd.net/img/clubs/pacificshark.png,pacific-shark,,2021 2022 2023,5,no existe en el padrón
1,institucion,211,Policia de la Ciudad,"","",urba,rugby,https://urbaimagenes-cddyfadwc8dqcchn.z03.azurefd.net/img/clubs/policiadelaciudad.png,policia-de-la-ciudad,,2021 2022 2023 2026,4,no existe en el padrón
1,institucion,134,Policias de la Ciudad,"","",urba,rugby,https://urbaimagenes-cddyfadwc8dqcchn.z03.azurefd.net/img/clubs/policiadelaciudad.png,policias-de-la-ciudad,,2025,2,no existe en el padrón
1,institucion,70,Porteño,"","",urba,rugby,https://urbaimagenes-cddyfadwc8dqcchn.z03.azurefd.net/img/clubs/porteño.png,porteno,,2021 2022 2023 2024 2025 2026,50,no existe en el padrón
1,institucion,212,Rectificación Parra Pilar,"","",urba,rugby,https://urbaimagenes-cddyfadwc8dqcchn.z03.azurefd.net/img/clubs/rectificaciónparrapilar.png,rectificacion-parra-pilar,,2021 2022,3,no existe en el padrón
1,institucion,213,RESTA,"","",urba,rugby,https://urbaimagenes-cddyfadwc8dqcchn.z03.azurefd.net/img/clubs/resta.png,resta,,2021 2022 2023,4,no existe en el padrón
1,institucion,88,Rivadavia de Lobos,"","",urba,rugby,https://urbaimagenes-cddyfadwc8dqcchn.z03.azurefd.net/img/clubs/rivadaviadelobos.png,rivadavia-de-lobos,,2021 2022 2023 2024 2025 2026,22,no existe en el padrón
1,institucion,214,Robles Campos,"","",urba,rugby,https://urbaimagenes-cddyfadwc8dqcchn.z03.azurefd.net/img/clubs/roblescampos.png,robles-campos,,2021 2022,3,no existe en el padrón
1,institucion,129,Ruda Macho,"","",urba,rugby,https://urbaimagenes-cddyfadwc8dqcchn.z03.azurefd.net/img/clubs/rudamacho.png,ruda-macho,,2025 2026,3,no existe en el padrón
1,institucion,57,San Marcos,"","",urba,rugby,https://urbaimagenes-cddyfadwc8dqcchn.z03.azurefd.net/img/clubs/sanmarcos.png,san-marcos,,2021 2022 2023 2024 2025 2026,40,no existe en el padrón
1,institucion,215,SATSAID,"","",urba,rugby,https://urbaimagenes-cddyfadwc8dqcchn.z03.azurefd.net/img/clubs/satsaid.png,satsaid,,2021 2022 2023,4,no existe en el padrón
1,institucion,81,Sociedad Hebraica,"","",urba,rugby,https://urbaimagenes-cddyfadwc8dqcchn.z03.azurefd.net/img/clubs/sociedadhebraica.png,sociedad-hebraica,,2021 2022 2023 2024 2025 2026,20,no existe en el padrón
1,institucion,132,Suipacha,"","",urba,rugby,https://urbaimagenes-cddyfadwc8dqcchn.z03.azurefd.net/img/clubs/suipacha.png,suipacha,,2025 2026,3,no existe en el padrón
1,institucion,216,Tactical Lacsi,"","",urba,rugby,https://urbaimagenes-cddyfadwc8dqcchn.z03.azurefd.net/img/clubs/tacticallacsi.png,tactical-lacsi,,2021,1,no existe en el padrón
1,institucion,117,Tehuelches,"","",urba,rugby,https://urbaimagenes-cddyfadwc8dqcchn.z03.azurefd.net/img/clubs/tehuelches.png,tehuelches,,2024,2,no existe en el padrón
1,institucion,217,Telnet Soluciones,"","",urba,rugby,https://urbaimagenes-cddyfadwc8dqcchn.z03.azurefd.net/img/clubs/telnetsoluciones.png,telnet-soluciones,,2022 2023,3,no existe en el padrón
1,institucion,218,TEQNA,"","",urba,rugby,https://urbaimagenes-cddyfadwc8dqcchn.z03.azurefd.net/img/clubs/teqna.png,teqna,,2021,1,no existe en el padrón
1,institucion,72,Tigre,"","",urba,rugby,https://urbaimagenes-cddyfadwc8dqcchn.z03.azurefd.net/img/clubs/tigre.png,tigre,,2021 2022 2023 2024 2025 2026,57,no existe en el padrón
1,institucion,69,Tiro Federal de Baradero,"","",urba,rugby,https://urbaimagenes-cddyfadwc8dqcchn.z03.azurefd.net/img/clubs/tirofederaldebaradero.png,tiro-federal-de-baradero,,2021 2022 2023 2024 2025 2026,27,Tiro Federal de Baradero no es Tiro Federal Salta
1,institucion,62,Tiro Federal de San Pedro,"","",urba,rugby,https://urbaimagenes-cddyfadwc8dqcchn.z03.azurefd.net/img/clubs/tirofederaldesanpedro.png,tiro-federal-de-san-pedro,,2021 2022 2023 2024 2025 2026,47,no existe en el padrón
1,institucion,130,Tizal,"","",urba,rugby,https://urbaimagenes-cddyfadwc8dqcchn.z03.azurefd.net/img/clubs/tizal.png,tizal,,2022 2023 2025,5,no existe en el padrón
1,institucion,100,UBA Agronomia,"","",urba,rugby,https://urbaimagenes-cddyfadwc8dqcchn.z03.azurefd.net/img/clubs/ubaagronomia.png,uba-agronomia,,2021 2022 2023 2024 2025 2026,15,no existe en el padrón
1,institucion,219,UBA Escuela Tecnica,"","",urba,rugby,https://urbaimagenes-cddyfadwc8dqcchn.z03.azurefd.net/img/clubs/ubaescuelatecnica.png,uba-escuela-tecnica,,2021 2022,4,no existe en el padrón
1,institucion,101,UBA Ingenieria,"","",urba,rugby,https://urbaimagenes-cddyfadwc8dqcchn.z03.azurefd.net/img/clubs/ubaingenieria.png,uba-ingenieria,,2021 2022 2023 2024 2025 2026,12,no existe en el padrón
1,institucion,102,UBA Medicina,"","",urba,rugby,https://urbaimagenes-cddyfadwc8dqcchn.z03.azurefd.net/img/clubs/ubamedicina.png,uba-medicina,,2021 2022 2023 2024 2025 2026,10,no existe en el padrón
1,institucion,220,UBA Sociales,"","",urba,rugby,https://urbaimagenes-cddyfadwc8dqcchn.z03.azurefd.net/img/clubs/ubasociales.png,uba-sociales,,2021 2022,3,no existe en el padrón
1,institucion,104,UBA Veterinaria,"","",urba,rugby,https://urbaimagenes-cddyfadwc8dqcchn.z03.azurefd.net/img/clubs/ubaveterinaria.png,uba-veterinaria,,2023 2024 2025,5,no existe en el padrón
1,institucion,96,UCA la Plata,"","",urba,rugby,https://urbaimagenes-cddyfadwc8dqcchn.z03.azurefd.net/img/clubs/ucalaplata.png,uca-la-plata,,2021 2022 2023 2024 2025 2026,11,no existe en el padrón
1,institucion,106,Univ. Nac de la Matanza,"","",urba,rugby,https://urbaimagenes-cddyfadwc8dqcchn.z03.azurefd.net/img/clubs/univnacdelamatanza.png,univ-nac-de-la-matanza,,2021 2022 2023 2024 2025 2026,11,no existe en el padrón
1,institucion,95,Univ. Nac de la Plata,"","",urba,rugby,https://urbaimagenes-cddyfadwc8dqcchn.z03.azurefd.net/img/clubs/unlp.png,univ-nac-de-la-plata,,2021 2022 2023 2024 2025 2026,13,no existe en el padrón
1,institucion,99,Univ. Nac de Lomas,"","",urba,rugby,https://urbaimagenes-cddyfadwc8dqcchn.z03.azurefd.net/img/clubs/univnacdelomas.png,univ-nac-de-lomas,,2022 2023 2024 2025 2026,8,no existe en el padrón
1,institucion,116,Univ. Nac de Quilmes,"","",urba,rugby,https://urbaimagenes-cddyfadwc8dqcchn.z03.azurefd.net/img/clubs/univnacdequilmes.png,univ-nac-de-quilmes,,2022 2023 2024 2025,7,no existe en el padrón
1,institucion,103,Univ. Nac de San Martin,"","",urba,rugby,https://urbaimagenes-cddyfadwc8dqcchn.z03.azurefd.net/img/clubs/univnacdesanmartin.png,univ-nac-de-san-martin,,2021 2022 2023 2024 2025 2026,9,no existe en el padrón
1,institucion,107,UNTREF,"","",urba,rugby,https://urbaimagenes-cddyfadwc8dqcchn.z03.azurefd.net/img/clubs/untref.png,untref,,2021 2022 2023 2024 2025 2026,9,no existe en el padrón
1,institucion,94,UTN Haedo,"","",urba,rugby,https://urbaimagenes-cddyfadwc8dqcchn.z03.azurefd.net/img/clubs/utnhaedo.png,utn-haedo,,2021 2022 2023 2024,15,no existe en el padrón
1,institucion,105,UTN Medrano,"","",urba,rugby,https://urbaimagenes-cddyfadwc8dqcchn.z03.azurefd.net/img/clubs/utnmedrano.png,utn-medrano,,2021 2022 2023 2024 2025 2026,9,no existe en el padrón
1,institucion,68,Varela Jr.,"","",urba,rugby,https://urbaimagenes-cddyfadwc8dqcchn.z03.azurefd.net/img/clubs/varelajr.png,varela-jr,,2021 2022 2023 2024 2025 2026,47,no existe en el padrón
1,institucion,77,Vicente Lopez,"","",urba,rugby,https://urbaimagenes-cddyfadwc8dqcchn.z03.azurefd.net/img/clubs/vicentelopez.png,vicente-lopez,,2021 2022 2023 2024 2025 2026,36,no existe en el padrón
2,equipo_juvenil,12,"Asoc. Alumni M15 ""A""",M15,A,urba,rugby,https://urbaimagenes-cddyfadwc8dqcchn.z03.azurefd.net/img/clubs/alumni.png,asoc-alumni-m15-a,12,2021 2022 2023 2024 2025 2026,10,la institución existe; el equipo juvenil no
2,equipo_juvenil,12,"Asoc. Alumni M15 ""B""",M15,B,urba,rugby,https://urbaimagenes-cddyfadwc8dqcchn.z03.azurefd.net/img/clubs/alumni.png,asoc-alumni-m15-b,12,2021 2022 2023 2024 2025 2026,10,la institución existe; el equipo juvenil no
2,equipo_juvenil,12,"Asoc. Alumni M15 ""C""",M15,C,urba,rugby,https://urbaimagenes-cddyfadwc8dqcchn.z03.azurefd.net/img/clubs/alumni.png,asoc-alumni-m15-c,12,2025 2026,3,la institución existe; el equipo juvenil no
2,equipo_juvenil,12,"Asoc. Alumni M15 ""D""",M15,D,urba,rugby,https://urbaimagenes-cddyfadwc8dqcchn.z03.azurefd.net/img/clubs/alumni.png,asoc-alumni-m15-d,12,2025,1,la institución existe; el equipo juvenil no
2,equipo_juvenil,12,"Asoc. Alumni M16 ""A""",M16,A,urba,rugby,https://urbaimagenes-cddyfadwc8dqcchn.z03.azurefd.net/img/clubs/alumni.png,asoc-alumni-m16-a,12,2021 2022 2023 2024 2025 2026,11,la institución existe; el equipo juvenil no
2,equipo_juvenil,12,"Asoc. Alumni M16 ""B""",M16,B,urba,rugby,https://urbaimagenes-cddyfadwc8dqcchn.z03.azurefd.net/img/clubs/alumni.png,asoc-alumni-m16-b,12,2021 2022 2023 2024 2025 2026,10,la institución existe; el equipo juvenil no
2,equipo_juvenil,12,"Asoc. Alumni M16 ""C""",M16,C,urba,rugby,https://urbaimagenes-cddyfadwc8dqcchn.z03.azurefd.net/img/clubs/alumni.png,asoc-alumni-m16-c,12,2021 2024 2025 2026,6,la institución existe; el equipo juvenil no
2,equipo_juvenil,12,"Asoc. Alumni M16 ""D""",M16,D,urba,rugby,https://urbaimagenes-cddyfadwc8dqcchn.z03.azurefd.net/img/clubs/alumni.png,asoc-alumni-m16-d,12,2026,1,la institución existe; el equipo juvenil no
2,equipo_juvenil,12,"Asoc. Alumni M17 ""C""",M17,C,urba,rugby,https://urbaimagenes-cddyfadwc8dqcchn.z03.azurefd.net/img/clubs/alumni.png,asoc-alumni-m17-c,12,2022 2025 2026,5,la institución existe; el equipo juvenil no
2,equipo_juvenil,12,"Asoc. Alumni M18 ""A""",M18,A,urba,rugby,https://urbaimagenes-cddyfadwc8dqcchn.z03.azurefd.net/img/clubs/alumni.png,asoc-alumni-m18-a,12,2021,2,la institución existe; el equipo juvenil no
2,equipo_juvenil,12,"Asoc. Alumni M18 ""B""",M18,B,urba,rugby,https://urbaimagenes-cddyfadwc8dqcchn.z03.azurefd.net/img/clubs/alumni.png,asoc-alumni-m18-b,12,2021,2,la institución existe; el equipo juvenil no
2,equipo_juvenil,12,"Asoc. Alumni M19 ""C""",M19,C,urba,rugby,https://urbaimagenes-cddyfadwc8dqcchn.z03.azurefd.net/img/clubs/alumni.png,asoc-alumni-m19-c,12,2022 2023 2024 2025 2026,10,la institución existe; el equipo juvenil no
2,equipo_juvenil,12,"Asoc. Alumni M19 ""D""",M19,D,urba,rugby,https://urbaimagenes-cddyfadwc8dqcchn.z03.azurefd.net/img/clubs/alumni.png,asoc-alumni-m19-d,12,2023 2024 2025 2026,8,la institución existe; el equipo juvenil no
2,equipo_juvenil,12,"Asoc. Alumni M19 ""E""",M19,E,urba,rugby,https://urbaimagenes-cddyfadwc8dqcchn.z03.azurefd.net/img/clubs/alumni.png,asoc-alumni-m19-e,12,2024 2026,3,la institución existe; el equipo juvenil no
2,equipo_juvenil,12,Asoc. Alumni M20,M20,"",urba,rugby,https://urbaimagenes-cddyfadwc8dqcchn.z03.azurefd.net/img/clubs/alumni.png,asoc-alumni-m20,12,2021,2,la institución existe; el equipo juvenil no
2,equipo_juvenil,12,Asoc. Alumni M22,M22,"",urba,rugby,https://urbaimagenes-cddyfadwc8dqcchn.z03.azurefd.net/img/clubs/alumni.png,asoc-alumni-m22,12,2024 2025 2026,3,la institución existe; el equipo juvenil no
2,equipo_juvenil,46,Club Areco M15,M15,"",urba,rugby,https://urbaimagenes-cddyfadwc8dqcchn.z03.azurefd.net/img/clubs/areco.png,club-areco-m15,46,2021 2022 2023 2024 2025 2026,10,la institución existe; el equipo juvenil no
2,equipo_juvenil,46,Club Areco M16,M16,"",urba,rugby,https://urbaimagenes-cddyfadwc8dqcchn.z03.azurefd.net/img/clubs/areco.png,club-areco-m16,46,2021 2022 2023 2024 2025 2026,11,la institución existe; el equipo juvenil no
2,equipo_juvenil,46,Club Areco M17,M17,"",urba,rugby,https://urbaimagenes-cddyfadwc8dqcchn.z03.azurefd.net/img/clubs/areco.png,club-areco-m17,46,2021 2022 2023 2024 2025 2026,11,la institución existe; el equipo juvenil no
2,equipo_juvenil,46,Club Areco M18,M18,"",urba,rugby,https://urbaimagenes-cddyfadwc8dqcchn.z03.azurefd.net/img/clubs/areco.png,club-areco-m18,46,2021,2,la institución existe; el equipo juvenil no
2,equipo_juvenil,46,Club Areco M19,M19,"",urba,rugby,https://urbaimagenes-cddyfadwc8dqcchn.z03.azurefd.net/img/clubs/areco.png,club-areco-m19,46,2022 2023 2024 2025,8,la institución existe; el equipo juvenil no
2,equipo_juvenil,46,"Club Areco M19 ""A""",M19,A,urba,rugby,https://urbaimagenes-cddyfadwc8dqcchn.z03.azurefd.net/img/clubs/areco.png,club-areco-m19-a,46,2026,2,la institución existe; el equipo juvenil no
2,equipo_juvenil,46,"Club Areco M19 ""B""",M19,B,urba,rugby,https://urbaimagenes-cddyfadwc8dqcchn.z03.azurefd.net/img/clubs/areco.png,club-areco-m19-b,46,2026,2,la institución existe; el equipo juvenil no
2,equipo_juvenil,46,Club Areco M20,M20,"",urba,rugby,https://urbaimagenes-cddyfadwc8dqcchn.z03.azurefd.net/img/clubs/areco.png,club-areco-m20,46,2021,2,la institución existe; el equipo juvenil no
2,equipo_juvenil,53,Argentino R.C. M15,M15,"",urba,rugby,https://urbaimagenes-cddyfadwc8dqcchn.z03.azurefd.net/img/clubs/argentino.png,argentino-r-c-m15,53,2021 2022 2023 2024 2025 2026,9,la institución existe; el equipo juvenil no
2,equipo_juvenil,53,"Argentino R.C. M15 ""A""",M15,A,urba,rugby,https://urbaimagenes-cddyfadwc8dqcchn.z03.azurefd.net/img/clubs/argentino.png,argentino-r-c-m15-a,53,2023,1,la institución existe; el equipo juvenil no
2,equipo_juvenil,53,"Argentino R.C. M15 ""B""",M15,B,urba,rugby,https://urbaimagenes-cddyfadwc8dqcchn.z03.azurefd.net/img/clubs/argentino.png,argentino-r-c-m15-b,53,2023,1,la institución existe; el equipo juvenil no
2,equipo_juvenil,53,Argentino R.C. M16,M16,"",urba,rugby,https://urbaimagenes-cddyfadwc8dqcchn.z03.azurefd.net/img/clubs/argentino.png,argentino-r-c-m16,53,2021 2022 2023 2025,7,la institución existe; el equipo juvenil no
2,equipo_juvenil,53,"Argentino R.C. M16 ""A""",M16,A,urba,rugby,https://urbaimagenes-cddyfadwc8dqcchn.z03.azurefd.net/img/clubs/argentino.png,argentino-r-c-m16-a,53,2024 2026,3,la institución existe; el equipo juvenil no
2,equipo_juvenil,53,"Argentino R.C. M16 ""B""",M16,B,urba,rugby,https://urbaimagenes-cddyfadwc8dqcchn.z03.azurefd.net/img/clubs/argentino.png,argentino-r-c-m16-b,53,2023 2024 2026,4,la institución existe; el equipo juvenil no
2,equipo_juvenil,53,Argentino R.C. M17,M17,"",urba,rugby,https://urbaimagenes-cddyfadwc8dqcchn.z03.azurefd.net/img/clubs/argentino.png,argentino-r-c-m17,53,2022 2023 2024 2025 2026,8,la institución existe; el equipo juvenil no
2,equipo_juvenil,53,"Argentino R.C. M17 ""A""",M17,A,urba,rugby,https://urbaimagenes-cddyfadwc8dqcchn.z03.azurefd.net/img/clubs/argentino.png,argentino-r-c-m17-a,53,2024,1,la institución existe; el equipo juvenil no
2,equipo_juvenil,53,"Argentino R.C. M17 ""B""",M17,B,urba,rugby,https://urbaimagenes-cddyfadwc8dqcchn.z03.azurefd.net/img/clubs/argentino.png,argentino-r-c-m17-b,53,2024,1,la institución existe; el equipo juvenil no
2,equipo_juvenil,53,Argentino R.C. M18,M18,"",urba,rugby,https://urbaimagenes-cddyfadwc8dqcchn.z03.azurefd.net/img/clubs/argentino.png,argentino-r-c-m18,53,2021,1,la institución existe; el equipo juvenil no
2,equipo_juvenil,53,"Argentino R.C. M18 ""A""",M18,A,urba,rugby,https://urbaimagenes-cddyfadwc8dqcchn.z03.azurefd.net/img/clubs/argentino.png,argentino-r-c-m18-a,53,2021,2,la institución existe; el equipo juvenil no
2,equipo_juvenil,53,"Argentino R.C. M18 ""B""",M18,B,urba,rugby,https://urbaimagenes-cddyfadwc8dqcchn.z03.azurefd.net/img/clubs/argentino.png,argentino-r-c-m18-b,53,2021,2,la institución existe; el equipo juvenil no
2,equipo_juvenil,53,Argentino R.C. M19,M19,"",urba,rugby,https://urbaimagenes-cddyfadwc8dqcchn.z03.azurefd.net/img/clubs/argentino.png,argentino-r-c-m19,53,2022 2023,4,la institución existe; el equipo juvenil no
2,equipo_juvenil,53,"Argentino R.C. M19 ""A""",M19,A,urba,rugby,https://urbaimagenes-cddyfadwc8dqcchn.z03.azurefd.net/img/clubs/argentino.png,argentino-r-c-m19-a,53,2024 2025 2026,6,la institución existe; el equipo juvenil no
2,equipo_juvenil,53,"Argentino R.C. M19 ""B""",M19,B,urba,rugby,https://urbaimagenes-cddyfadwc8dqcchn.z03.azurefd.net/img/clubs/argentino.png,argentino-r-c-m19-b,53,2024 2025 2026,6,la institución existe; el equipo juvenil no
2,equipo_juvenil,53,Argentino R.C. M20,M20,"",urba,rugby,https://urbaimagenes-cddyfadwc8dqcchn.z03.azurefd.net/img/clubs/argentino.png,argentino-r-c-m20,53,2021,2,la institución existe; el equipo juvenil no
2,equipo_juvenil,40,Banco Nación M15,M15,"",urba,rugby,https://urbaimagenes-cddyfadwc8dqcchn.z03.azurefd.net/img/clubs/banconacion.png,banco-nacion-m15,40,2021 2022 2023 2024 2025 2026,8,la institución existe; el equipo juvenil no
2,equipo_juvenil,40,"Banco Nación M15 ""A""",M15,A,urba,rugby,https://urbaimagenes-cddyfadwc8dqcchn.z03.azurefd.net/img/clubs/banconacion.png,banco-nacion-m15-a,40,2024,1,la institución existe; el equipo juvenil no
2,equipo_juvenil,40,"Banco Nación M15 ""B""",M15,B,urba,rugby,https://urbaimagenes-cddyfadwc8dqcchn.z03.azurefd.net/img/clubs/banconacion.png,banco-nacion-m15-b,40,2024,1,la institución existe; el equipo juvenil no
2,equipo_juvenil,40,Banco Nación M16,M16,"",urba,rugby,https://urbaimagenes-cddyfadwc8dqcchn.z03.azurefd.net/img/clubs/banconacion.png,banco-nacion-m16,40,2021 2022 2023 2024 2025 2026,11,la institución existe; el equipo juvenil no
2,equipo_juvenil,40,Banco Nación M17,M17,"",urba,rugby,https://urbaimagenes-cddyfadwc8dqcchn.z03.azurefd.net/img/clubs/banconacion.png,banco-nacion-m17,40,2022 2023 2024 2025 2026,7,la institución existe; el equipo juvenil no
2,equipo_juvenil,40,"Banco Nación M17 ""A""",M17,A,urba,rugby,https://urbaimagenes-cddyfadwc8dqcchn.z03.azurefd.net/img/clubs/banconacion.png,banco-nacion-m17-a,40,2024,1,la institución existe; el equipo juvenil no
2,equipo_juvenil,40,"Banco Nación M17 ""B""",M17,B,urba,rugby,https://urbaimagenes-cddyfadwc8dqcchn.z03.azurefd.net/img/clubs/banconacion.png,banco-nacion-m17-b,40,2024,1,la institución existe; el equipo juvenil no
2,equipo_juvenil,40,"Banco Nación M18 ""A""",M18,A,urba,rugby,https://urbaimagenes-cddyfadwc8dqcchn.z03.azurefd.net/img/clubs/banconacion.png,banco-nacion-m18-a,40,2021,2,la institución existe; el equipo juvenil no
2,equipo_juvenil,40,"Banco Nación M18 ""B""",M18,B,urba,rugby,https://urbaimagenes-cddyfadwc8dqcchn.z03.azurefd.net/img/clubs/banconacion.png,banco-nacion-m18-b,40,2021,2,la institución existe; el equipo juvenil no
2,equipo_juvenil,40,Banco Nación M19,M19,"",urba,rugby,https://urbaimagenes-cddyfadwc8dqcchn.z03.azurefd.net/img/clubs/banconacion.png,banco-nacion-m19,40,2023,2,la institución existe; el equipo juvenil no
2,equipo_juvenil,40,"Banco Nación M19 ""A""",M19,A,urba,rugby,https://urbaimagenes-cddyfadwc8dqcchn.z03.azurefd.net/img/clubs/banconacion.png,banco-nacion-m19-a,40,2022 2024 2025 2026,8,la institución existe; el equipo juvenil no
2,equipo_juvenil,40,"Banco Nación M19 ""B""",M19,B,urba,rugby,https://urbaimagenes-cddyfadwc8dqcchn.z03.azurefd.net/img/clubs/banconacion.png,banco-nacion-m19-b,40,2022 2024 2025 2026,8,la institución existe; el equipo juvenil no
2,equipo_juvenil,40,Banco Nación M20,M20,"",urba,rugby,https://urbaimagenes-cddyfadwc8dqcchn.z03.azurefd.net/img/clubs/banconacion.png,banco-nacion-m20,40,2021,1,la institución existe; el equipo juvenil no
2,equipo_juvenil,7,"Belgrano Athletic M15 ""A""",M15,A,urba,rugby,https://urbaimagenes-cddyfadwc8dqcchn.z03.azurefd.net/img/clubs/belgrano.png,belgrano-athletic-m15-a,7,2021 2022 2023 2024 2025 2026,10,la institución existe; el equipo juvenil no
2,equipo_juvenil,7,"Belgrano Athletic M15 ""B""",M15,B,urba,rugby,https://urbaimagenes-cddyfadwc8dqcchn.z03.azurefd.net/img/clubs/belgrano.png,belgrano-athletic-m15-b,7,2021 2022 2023 2024 2025 2026,10,la institución existe; el equipo juvenil no
2,equipo_juvenil,7,"Belgrano Athletic M15 ""C""",M15,C,urba,rugby,https://urbaimagenes-cddyfadwc8dqcchn.z03.azurefd.net/img/clubs/belgrano.png,belgrano-athletic-m15-c,7,2021 2023 2024 2025 2026,8,la institución existe; el equipo juvenil no
2,equipo_juvenil,7,"Belgrano Athletic M15 ""D""",M15,D,urba,rugby,https://urbaimagenes-cddyfadwc8dqcchn.z03.azurefd.net/img/clubs/belgrano.png,belgrano-athletic-m15-d,7,2025,1,la institución existe; el equipo juvenil no
2,equipo_juvenil,7,"Belgrano Athletic M16 ""A""",M16,A,urba,rugby,https://urbaimagenes-cddyfadwc8dqcchn.z03.azurefd.net/img/clubs/belgrano.png,belgrano-athletic-m16-a,7,2021 2022 2023 2024 2025 2026,11,la institución existe; el equipo juvenil no
2,equipo_juvenil,7,"Belgrano Athletic M16 ""B""",M16,B,urba,rugby,https://urbaimagenes-cddyfadwc8dqcchn.z03.azurefd.net/img/clubs/belgrano.png,belgrano-athletic-m16-b,7,2021 2022 2023 2024 2025 2026,11,la institución existe; el equipo juvenil no
2,equipo_juvenil,7,"Belgrano Athletic M16 ""C""",M16,C,urba,rugby,https://urbaimagenes-cddyfadwc8dqcchn.z03.azurefd.net/img/clubs/belgrano.png,belgrano-athletic-m16-c,7,2022 2023 2024 2025 2026,9,la institución existe; el equipo juvenil no
2,equipo_juvenil,7,"Belgrano Athletic M16 ""D""",M16,D,urba,rugby,https://urbaimagenes-cddyfadwc8dqcchn.z03.azurefd.net/img/clubs/belgrano.png,belgrano-athletic-m16-d,7,2026,1,la institución existe; el equipo juvenil no
2,equipo_juvenil,7,"Belgrano Athletic M17 ""C""",M17,C,urba,rugby,https://urbaimagenes-cddyfadwc8dqcchn.z03.azurefd.net/img/clubs/belgrano.png,belgrano-athletic-m17-c,7,2021 2023 2024 2025 2026,8,la institución existe; el equipo juvenil no
2,equipo_juvenil,7,"Belgrano Athletic M18 ""A""",M18,A,urba,rugby,https://urbaimagenes-cddyfadwc8dqcchn.z03.azurefd.net/img/clubs/belgrano.png,belgrano-athletic-m18-a,7,2021,2,la institución existe; el equipo juvenil no
2,equipo_juvenil,7,"Belgrano Athletic M18 ""B""",M18,B,urba,rugby,https://urbaimagenes-cddyfadwc8dqcchn.z03.azurefd.net/img/clubs/belgrano.png,belgrano-athletic-m18-b,7,2021,2,la institución existe; el equipo juvenil no
2,equipo_juvenil,7,"Belgrano Athletic M19 ""A""",M19,A,urba,rugby,https://urbaimagenes-cddyfadwc8dqcchn.z03.azurefd.net/img/clubs/belgrano.png,belgrano-athletic-m19-a,7,2022 2023 2024 2025 2026,10,la institución existe; el equipo juvenil no
2,equipo_juvenil,7,"Belgrano Athletic M19 ""B""",M19,B,urba,rugby,https://urbaimagenes-cddyfadwc8dqcchn.z03.azurefd.net/img/clubs/belgrano.png,belgrano-athletic-m19-b,7,2022 2023 2024 2025 2026,10,la institución existe; el equipo juvenil no
2,equipo_juvenil,7,"Belgrano Athletic M19 ""C""",M19,C,urba,rugby,https://urbaimagenes-cddyfadwc8dqcchn.z03.azurefd.net/img/clubs/belgrano.png,belgrano-athletic-m19-c,7,2022 2023 2024 2025 2026,10,la institución existe; el equipo juvenil no
2,equipo_juvenil,7,"Belgrano Athletic M19 ""D""",M19,D,urba,rugby,https://urbaimagenes-cddyfadwc8dqcchn.z03.azurefd.net/img/clubs/belgrano.png,belgrano-athletic-m19-d,7,2022 2023 2024 2025 2026,10,la institución existe; el equipo juvenil no
2,equipo_juvenil,7,"Belgrano Athletic M19 ""E""",M19,E,urba,rugby,https://urbaimagenes-cddyfadwc8dqcchn.z03.azurefd.net/img/clubs/belgrano.png,belgrano-athletic-m19-e,7,2025 2026,4,la institución existe; el equipo juvenil no
2,equipo_juvenil,7,"Belgrano Athletic M20 ""A""",M20,A,urba,rugby,https://urbaimagenes-cddyfadwc8dqcchn.z03.azurefd.net/img/clubs/belgrano.png,belgrano-athletic-m20-a,7,2021,2,la institución existe; el equipo juvenil no
2,equipo_juvenil,7,"Belgrano Athletic M20 ""B""",M20,B,urba,rugby,https://urbaimagenes-cddyfadwc8dqcchn.z03.azurefd.net/img/clubs/belgrano.png,belgrano-athletic-m20-b,7,2021,2,la institución existe; el equipo juvenil no
2,equipo_juvenil,7,"Belgrano Athletic M20 ""C""",M20,C,urba,rugby,https://urbaimagenes-cddyfadwc8dqcchn.z03.azurefd.net/img/clubs/belgrano.png,belgrano-athletic-m20-c,7,2021,1,la institución existe; el equipo juvenil no
2,equipo_juvenil,7,Belgrano Athletic M22,M22,"",urba,rugby,https://urbaimagenes-cddyfadwc8dqcchn.z03.azurefd.net/img/clubs/belgrano.png,belgrano-athletic-m22,7,2024 2025 2026,3,la institución existe; el equipo juvenil no
2,equipo_juvenil,7,"Belgrano Athletic M22 ""B""",M22,B,urba,rugby,https://urbaimagenes-cddyfadwc8dqcchn.z03.azurefd.net/img/clubs/belgrano.png,belgrano-athletic-m22-b,7,2026,1,la institución existe; el equipo juvenil no
2,equipo_juvenil,8,"Buenos Aires CRC M15 ""A""",M15,A,urba,rugby,https://urbaimagenes-cddyfadwc8dqcchn.z03.azurefd.net/img/clubs/bacrc.png,buenos-aires-crc-m15-a,8,2021 2022 2023 2024 2025 2026,10,la institución existe; el equipo juvenil no
2,equipo_juvenil,8,"Buenos Aires CRC M15 ""B""",M15,B,urba,rugby,https://urbaimagenes-cddyfadwc8dqcchn.z03.azurefd.net/img/clubs/bacrc.png,buenos-aires-crc-m15-b,8,2021 2022 2023 2024 2025 2026,10,la institución existe; el equipo juvenil no
2,equipo_juvenil,8,"Buenos Aires CRC M15 ""C""",M15,C,urba,rugby,https://urbaimagenes-cddyfadwc8dqcchn.z03.azurefd.net/img/clubs/bacrc.png,buenos-aires-crc-m15-c,8,2023 2024 2025 2026,7,la institución existe; el equipo juvenil no
2,equipo_juvenil,8,"Buenos Aires CRC M16 ""A""",M16,A,urba,rugby,https://urbaimagenes-cddyfadwc8dqcchn.z03.azurefd.net/img/clubs/bacrc.png,buenos-aires-crc-m16-a,8,2021 2022 2023 2024 2025 2026,11,la institución existe; el equipo juvenil no
2,equipo_juvenil,8,"Buenos Aires CRC M16 ""B""",M16,B,urba,rugby,https://urbaimagenes-cddyfadwc8dqcchn.z03.azurefd.net/img/clubs/bacrc.png,buenos-aires-crc-m16-b,8,2021 2022 2023 2024 2025 2026,11,la institución existe; el equipo juvenil no
2,equipo_juvenil,8,"Buenos Aires CRC M16 ""C""",M16,C,urba,rugby,https://urbaimagenes-cddyfadwc8dqcchn.z03.azurefd.net/img/clubs/bacrc.png,buenos-aires-crc-m16-c,8,2022 2023 2024 2025,7,la institución existe; el equipo juvenil no
2,equipo_juvenil,8,"Buenos Aires CRC M16 ""D""",M16,D,urba,rugby,https://urbaimagenes-cddyfadwc8dqcchn.z03.azurefd.net/img/clubs/bacrc.png,buenos-aires-crc-m16-d,8,2025,2,la institución existe; el equipo juvenil no
2,equipo_juvenil,8,"Buenos Aires CRC M17 ""C""",M17,C,urba,rugby,https://urbaimagenes-cddyfadwc8dqcchn.z03.azurefd.net/img/clubs/bacrc.png,buenos-aires-crc-m17-c,8,2023 2024 2025 2026,6,la institución existe; el equipo juvenil no
2,equipo_juvenil,8,"Buenos Aires CRC M18 ""A""",M18,A,urba,rugby,https://urbaimagenes-cddyfadwc8dqcchn.z03.azurefd.net/img/clubs/bacrc.png,buenos-aires-crc-m18-a,8,2021,2,la institución existe; el equipo juvenil no
2,equipo_juvenil,8,"Buenos Aires CRC M18 ""B""",M18,B,urba,rugby,https://urbaimagenes-cddyfadwc8dqcchn.z03.azurefd.net/img/clubs/bacrc.png,buenos-aires-crc-m18-b,8,2021,2,la institución existe; el equipo juvenil no
2,equipo_juvenil,8,"Buenos Aires CRC M19 ""C""",M19,C,urba,rugby,https://urbaimagenes-cddyfadwc8dqcchn.z03.azurefd.net/img/clubs/bacrc.png,buenos-aires-crc-m19-c,8,2022 2023 2024 2025 2026,10,la institución existe; el equipo juvenil no
2,equipo_juvenil,8,"Buenos Aires CRC M19 ""D""",M19,D,urba,rugby,https://urbaimagenes-cddyfadwc8dqcchn.z03.azurefd.net/img/clubs/bacrc.png,buenos-aires-crc-m19-d,8,2024 2025 2026,6,la institución existe; el equipo juvenil no
2,equipo_juvenil,8,"Buenos Aires CRC M19 ""E""",M19,E,urba,rugby,https://urbaimagenes-cddyfadwc8dqcchn.z03.azurefd.net/img/clubs/bacrc.png,buenos-aires-crc-m19-e,8,2025 2026,3,la institución existe; el equipo juvenil no
2,equipo_juvenil,8,"Buenos Aires CRC M20 ""A""",M20,A,urba,rugby,https://urbaimagenes-cddyfadwc8dqcchn.z03.azurefd.net/img/clubs/bacrc.png,buenos-aires-crc-m20-a,8,2021,2,la institución existe; el equipo juvenil no
2,equipo_juvenil,8,"Buenos Aires CRC M20 ""B""",M20,B,urba,rugby,https://urbaimagenes-cddyfadwc8dqcchn.z03.azurefd.net/img/clubs/bacrc.png,buenos-aires-crc-m20-b,8,2021,2,la institución existe; el equipo juvenil no
2,equipo_juvenil,8,Buenos Aires CRC M22,M22,"",urba,rugby,https://urbaimagenes-cddyfadwc8dqcchn.z03.azurefd.net/img/clubs/bacrc.png,buenos-aires-crc-m22,8,2025 2026,2,la institución existe; el equipo juvenil no
2,equipo_juvenil,27,CUQ M15,M15,"",urba,rugby,https://urbaimagenes-cddyfadwc8dqcchn.z03.azurefd.net/img/clubs/cudequilmes.png,cuq-m15,27,2022 2025 2026,4,la institución existe; el equipo juvenil no
2,equipo_juvenil,27,"CUQ M15 ""A""",M15,A,urba,rugby,https://urbaimagenes-cddyfadwc8dqcchn.z03.azurefd.net/img/clubs/cudequilmes.png,cuq-m15-a,27,2021 2023 2024 2025,5,la institución existe; el equipo juvenil no
2,equipo_juvenil,27,"CUQ M15 ""B""",M15,B,urba,rugby,https://urbaimagenes-cddyfadwc8dqcchn.z03.azurefd.net/img/clubs/cudequilmes.png,cuq-m15-b,27,2021 2023 2024 2025,6,la institución existe; el equipo juvenil no
2,equipo_juvenil,27,CUQ M16,M16,"",urba,rugby,https://urbaimagenes-cddyfadwc8dqcchn.z03.azurefd.net/img/clubs/cudequilmes.png,cuq-m16,27,2023,2,la institución existe; el equipo juvenil no
2,equipo_juvenil,27,"CUQ M16 ""A""",M16,A,urba,rugby,https://urbaimagenes-cddyfadwc8dqcchn.z03.azurefd.net/img/clubs/cudequilmes.png,cuq-m16-a,27,2021 2022 2024 2025 2026,9,la institución existe; el equipo juvenil no
2,equipo_juvenil,27,"CUQ M16 ""B""",M16,B,urba,rugby,https://urbaimagenes-cddyfadwc8dqcchn.z03.azurefd.net/img/clubs/cudequilmes.png,cuq-m16-b,27,2021 2022 2024 2025 2026,9,la institución existe; el equipo juvenil no
2,equipo_juvenil,27,CUQ M17,M17,"",urba,rugby,https://urbaimagenes-cddyfadwc8dqcchn.z03.azurefd.net/img/clubs/cudequilmes.png,cuq-m17,27,2022 2024 2026,4,la institución existe; el equipo juvenil no
2,equipo_juvenil,27,"CUQ M17 ""A""",M17,A,urba,rugby,https://urbaimagenes-cddyfadwc8dqcchn.z03.azurefd.net/img/clubs/cudequilmes.png,cuq-m17-a,27,2021 2023 2024 2025,6,la institución existe; el equipo juvenil no
2,equipo_juvenil,27,"CUQ M17 ""B""",M17,B,urba,rugby,https://urbaimagenes-cddyfadwc8dqcchn.z03.azurefd.net/img/clubs/cudequilmes.png,cuq-m17-b,27,2021 2023 2024 2025,6,la institución existe; el equipo juvenil no
2,equipo_juvenil,27,"CUQ M18 ""A""",M18,A,urba,rugby,https://urbaimagenes-cddyfadwc8dqcchn.z03.azurefd.net/img/clubs/cudequilmes.png,cuq-m18-a,27,2021,2,la institución existe; el equipo juvenil no
2,equipo_juvenil,27,"CUQ M18 ""B""",M18,B,urba,rugby,https://urbaimagenes-cddyfadwc8dqcchn.z03.azurefd.net/img/clubs/cudequilmes.png,cuq-m18-b,27,2021,2,la institución existe; el equipo juvenil no
2,equipo_juvenil,27,"CUQ M18 ""C""",M18,C,urba,rugby,https://urbaimagenes-cddyfadwc8dqcchn.z03.azurefd.net/img/clubs/cudequilmes.png,cuq-m18-c,27,2021,1,la institución existe; el equipo juvenil no
2,equipo_juvenil,27,"CUQ M19 ""A""",M19,A,urba,rugby,https://urbaimagenes-cddyfadwc8dqcchn.z03.azurefd.net/img/clubs/cudequilmes.png,cuq-m19-a,27,2022 2023 2024 2025 2026,10,la institución existe; el equipo juvenil no
2,equipo_juvenil,27,"CUQ M19 ""B""",M19,B,urba,rugby,https://urbaimagenes-cddyfadwc8dqcchn.z03.azurefd.net/img/clubs/cudequilmes.png,cuq-m19-b,27,2022 2023 2024 2025 2026,9,la institución existe; el equipo juvenil no
2,equipo_juvenil,27,"CUQ M20 ""A""",M20,A,urba,rugby,https://urbaimagenes-cddyfadwc8dqcchn.z03.azurefd.net/img/clubs/cudequilmes.png,cuq-m20-a,27,2021,2,la institución existe; el equipo juvenil no
2,equipo_juvenil,27,"CUQ M20 ""B""",M20,B,urba,rugby,https://urbaimagenes-cddyfadwc8dqcchn.z03.azurefd.net/img/clubs/cudequilmes.png,cuq-m20-b,27,2021,2,la institución existe; el equipo juvenil no
2,equipo_juvenil,49,CASA de Padua M15,M15,"",urba,rugby,https://urbaimagenes-cddyfadwc8dqcchn.z03.azurefd.net/img/clubs/casadepadua.png,casa-de-padua-m15,49,2021 2022 2025 2026,5,la institución existe; el equipo juvenil no
2,equipo_juvenil,49,"CASA de Padua M15 ""A""",M15,A,urba,rugby,https://urbaimagenes-cddyfadwc8dqcchn.z03.azurefd.net/img/clubs/casadepadua.png,casa-de-padua-m15-a,49,2023 2024 2025,4,la institución existe; el equipo juvenil no
2,equipo_juvenil,49,"CASA de Padua M15 ""B""",M15,B,urba,rugby,https://urbaimagenes-cddyfadwc8dqcchn.z03.azurefd.net/img/clubs/casadepadua.png,casa-de-padua-m15-b,49,2023 2024 2025,5,la institución existe; el equipo juvenil no
2,equipo_juvenil,49,CASA de Padua M16,M16,"",urba,rugby,https://urbaimagenes-cddyfadwc8dqcchn.z03.azurefd.net/img/clubs/casadepadua.png,casa-de-padua-m16,49,2022 2023,4,la institución existe; el equipo juvenil no
2,equipo_juvenil,49,"CASA de Padua M16 ""A""",M16,A,urba,rugby,https://urbaimagenes-cddyfadwc8dqcchn.z03.azurefd.net/img/clubs/casadepadua.png,casa-de-padua-m16-a,49,2021 2024 2025 2026,6,la institución existe; el equipo juvenil no
2,equipo_juvenil,49,"CASA de Padua M16 ""B""",M16,B,urba,rugby,https://urbaimagenes-cddyfadwc8dqcchn.z03.azurefd.net/img/clubs/casadepadua.png,casa-de-padua-m16-b,49,2021 2024 2025 2026,6,la institución existe; el equipo juvenil no
2,equipo_juvenil,49,CASA de Padua M17,M17,"",urba,rugby,https://urbaimagenes-cddyfadwc8dqcchn.z03.azurefd.net/img/clubs/casadepadua.png,casa-de-padua-m17,49,2021 2022 2023,5,la institución existe; el equipo juvenil no
2,equipo_juvenil,49,"CASA de Padua M18 ""A""",M18,A,urba,rugby,https://urbaimagenes-cddyfadwc8dqcchn.z03.azurefd.net/img/clubs/casadepadua.png,casa-de-padua-m18-a,49,2021,2,la institución existe; el equipo juvenil no
2,equipo_juvenil,49,"CASA de Padua M18 ""B""",M18,B,urba,rugby,https://urbaimagenes-cddyfadwc8dqcchn.z03.azurefd.net/img/clubs/casadepadua.png,casa-de-padua-m18-b,49,2021,2,la institución existe; el equipo juvenil no
2,equipo_juvenil,49,CASA de Padua M19,M19,"",urba,rugby,https://urbaimagenes-cddyfadwc8dqcchn.z03.azurefd.net/img/clubs/casadepadua.png,casa-de-padua-m19,49,2023 2024 2025 2026,8,la institución existe; el equipo juvenil no
2,equipo_juvenil,49,"CASA de Padua M19 ""A""",M19,A,urba,rugby,https://urbaimagenes-cddyfadwc8dqcchn.z03.azurefd.net/img/clubs/casadepadua.png,casa-de-padua-m19-a,49,2022,2,la institución existe; el equipo juvenil no
2,equipo_juvenil,49,"CASA de Padua M19 ""B""",M19,B,urba,rugby,https://urbaimagenes-cddyfadwc8dqcchn.z03.azurefd.net/img/clubs/casadepadua.png,casa-de-padua-m19-b,49,2022,2,la institución existe; el equipo juvenil no
2,equipo_juvenil,49,CASA de Padua M20,M20,"",urba,rugby,https://urbaimagenes-cddyfadwc8dqcchn.z03.azurefd.net/img/clubs/casadepadua.png,casa-de-padua-m20,49,2021,2,la institución existe; el equipo juvenil no
2,equipo_juvenil,3,"CASI M15 ""A""",M15,A,urba,rugby,https://urbaimagenes-cddyfadwc8dqcchn.z03.azurefd.net/img/clubs/casi.png,casi-m15-a,3,2021 2022 2023 2024 2025 2026,9,la institución existe; el equipo juvenil no
2,equipo_juvenil,3,"CASI M15 ""B""",M15,B,urba,rugby,https://urbaimagenes-cddyfadwc8dqcchn.z03.azurefd.net/img/clubs/casi.png,casi-m15-b,3,2021 2022 2023 2024 2025 2026,10,la institución existe; el equipo juvenil no
2,equipo_juvenil,3,"CASI M15 ""C""",M15,C,urba,rugby,https://urbaimagenes-cddyfadwc8dqcchn.z03.azurefd.net/img/clubs/casi.png,casi-m15-c,3,2022 2023 2024 2025 2026,9,la institución existe; el equipo juvenil no
2,equipo_juvenil,3,"CASI M15 ""D""",M15,D,urba,rugby,https://urbaimagenes-cddyfadwc8dqcchn.z03.azurefd.net/img/clubs/casi.png,casi-m15-d,3,2025 2026,3,la institución existe; el equipo juvenil no
2,equipo_juvenil,3,"CASI M16 ""A""",M16,A,urba,rugby,https://urbaimagenes-cddyfadwc8dqcchn.z03.azurefd.net/img/clubs/casi.png,casi-m16-a,3,2021 2022 2023 2024 2025 2026,11,la institución existe; el equipo juvenil no
2,equipo_juvenil,3,"CASI M16 ""B""",M16,B,urba,rugby,https://urbaimagenes-cddyfadwc8dqcchn.z03.azurefd.net/img/clubs/casi.png,casi-m16-b,3,2021 2022 2023 2024 2025 2026,11,la institución existe; el equipo juvenil no
2,equipo_juvenil,3,"CASI M16 ""C""",M16,C,urba,rugby,https://urbaimagenes-cddyfadwc8dqcchn.z03.azurefd.net/img/clubs/casi.png,casi-m16-c,3,2023 2024 2025 2026,7,la institución existe; el equipo juvenil no
2,equipo_juvenil,3,"CASI M16 ""D""",M16,D,urba,rugby,https://urbaimagenes-cddyfadwc8dqcchn.z03.azurefd.net/img/clubs/casi.png,casi-m16-d,3,2026,1,la institución existe; el equipo juvenil no
2,equipo_juvenil,3,"CASI M17 ""C""",M17,C,urba,rugby,https://urbaimagenes-cddyfadwc8dqcchn.z03.azurefd.net/img/clubs/casi.png,casi-m17-c,3,2023 2024 2025 2026,6,la institución existe; el equipo juvenil no
2,equipo_juvenil,3,"CASI M18 ""A""",M18,A,urba,rugby,https://urbaimagenes-cddyfadwc8dqcchn.z03.azurefd.net/img/clubs/casi.png,casi-m18-a,3,2021,2,la institución existe; el equipo juvenil no
2,equipo_juvenil,3,"CASI M18 ""B""",M18,B,urba,rugby,https://urbaimagenes-cddyfadwc8dqcchn.z03.azurefd.net/img/clubs/casi.png,casi-m18-b,3,2021,2,la institución existe; el equipo juvenil no
2,equipo_juvenil,3,"CASI M19 ""C""",M19,C,urba,rugby,https://urbaimagenes-cddyfadwc8dqcchn.z03.azurefd.net/img/clubs/casi.png,casi-m19-c,3,2022 2023 2024 2025 2026,10,la institución existe; el equipo juvenil no
2,equipo_juvenil,3,"CASI M19 ""D""",M19,D,urba,rugby,https://urbaimagenes-cddyfadwc8dqcchn.z03.azurefd.net/img/clubs/casi.png,casi-m19-d,3,2022 2023 2024 2025 2026,10,la institución existe; el equipo juvenil no
2,equipo_juvenil,3,"CASI M19 ""E""",M19,E,urba,rugby,https://urbaimagenes-cddyfadwc8dqcchn.z03.azurefd.net/img/clubs/casi.png,casi-m19-e,3,2025 2026,4,la institución existe; el equipo juvenil no
2,equipo_juvenil,3,"CASI M19 ""F""",M19,F,urba,rugby,https://urbaimagenes-cddyfadwc8dqcchn.z03.azurefd.net/img/clubs/casi.png,casi-m19-f,3,2026,2,la institución existe; el equipo juvenil no
2,equipo_juvenil,3,"CASI M20 ""A""",M20,A,urba,rugby,https://urbaimagenes-cddyfadwc8dqcchn.z03.azurefd.net/img/clubs/casi.png,casi-m20-a,3,2021,2,la institución existe; el equipo juvenil no
2,equipo_juvenil,3,"CASI M20 ""B""",M20,B,urba,rugby,https://urbaimagenes-cddyfadwc8dqcchn.z03.azurefd.net/img/clubs/casi.png,casi-m20-b,3,2021,2,la institución existe; el equipo juvenil no
2,equipo_juvenil,3,CASI M22,M22,"",urba,rugby,https://urbaimagenes-cddyfadwc8dqcchn.z03.azurefd.net/img/clubs/casi.png,casi-m22,3,2024 2025 2026,3,la institución existe; el equipo juvenil no
2,equipo_juvenil,42,Centro Naval M15,M15,"",urba,rugby,https://urbaimagenes-cddyfadwc8dqcchn.z03.azurefd.net/img/clubs/centronaval.png,centro-naval-m15,42,2021 2022 2023 2025 2026,8,la institución existe; el equipo juvenil no
2,equipo_juvenil,42,Centro Naval M16,M16,"",urba,rugby,https://urbaimagenes-cddyfadwc8dqcchn.z03.azurefd.net/img/clubs/centronaval.png,centro-naval-m16,42,2022 2025 2026,5,la institución existe; el equipo juvenil no
2,equipo_juvenil,42,"Centro Naval M16 ""A""",M16,A,urba,rugby,https://urbaimagenes-cddyfadwc8dqcchn.z03.azurefd.net/img/clubs/centronaval.png,centro-naval-m16-a,42,2021 2024,3,la institución existe; el equipo juvenil no
2,equipo_juvenil,42,"Centro Naval M16 ""B""",M16,B,urba,rugby,https://urbaimagenes-cddyfadwc8dqcchn.z03.azurefd.net/img/clubs/centronaval.png,centro-naval-m16-b,42,2021 2024,3,la institución existe; el equipo juvenil no
2,equipo_juvenil,42,Centro Naval M17,M17,"",urba,rugby,https://urbaimagenes-cddyfadwc8dqcchn.z03.azurefd.net/img/clubs/centronaval.png,centro-naval-m17,42,2022 2023 2024 2025 2026,9,la institución existe; el equipo juvenil no
2,equipo_juvenil,42,"Centro Naval M18 ""A""",M18,A,urba,rugby,https://urbaimagenes-cddyfadwc8dqcchn.z03.azurefd.net/img/clubs/centronaval.png,centro-naval-m18-a,42,2021,2,la institución existe; el equipo juvenil no
2,equipo_juvenil,42,"Centro Naval M18 ""B""",M18,B,urba,rugby,https://urbaimagenes-cddyfadwc8dqcchn.z03.azurefd.net/img/clubs/centronaval.png,centro-naval-m18-b,42,2021,2,la institución existe; el equipo juvenil no
2,equipo_juvenil,42,Centro Naval M19,M19,"",urba,rugby,https://urbaimagenes-cddyfadwc8dqcchn.z03.azurefd.net/img/clubs/centronaval.png,centro-naval-m19,42,2025,2,la institución existe; el equipo juvenil no
2,equipo_juvenil,42,"Centro Naval M19 ""A""",M19,A,urba,rugby,https://urbaimagenes-cddyfadwc8dqcchn.z03.azurefd.net/img/clubs/centronaval.png,centro-naval-m19-a,42,2022 2023 2024 2026,8,la institución existe; el equipo juvenil no
2,equipo_juvenil,42,"Centro Naval M19 ""B""",M19,B,urba,rugby,https://urbaimagenes-cddyfadwc8dqcchn.z03.azurefd.net/img/clubs/centronaval.png,centro-naval-m19-b,42,2022 2023 2024 2026,8,la institución existe; el equipo juvenil no
2,equipo_juvenil,42,Centro Naval M20,M20,"",urba,rugby,https://urbaimagenes-cddyfadwc8dqcchn.z03.azurefd.net/img/clubs/centronaval.png,centro-naval-m20,42,2021,2,la institución existe; el equipo juvenil no
2,equipo_juvenil,11,"Club Champagnat M15 ""A""",M15,A,urba,rugby,https://urbaimagenes-cddyfadwc8dqcchn.z03.azurefd.net/img/clubs/champagnat.png,club-champagnat-m15-a,11,2021 2022 2023 2024 2025 2026,10,la institución existe; el equipo juvenil no
2,equipo_juvenil,11,"Club Champagnat M15 ""B""",M15,B,urba,rugby,https://urbaimagenes-cddyfadwc8dqcchn.z03.azurefd.net/img/clubs/champagnat.png,club-champagnat-m15-b,11,2021 2022 2023 2024 2025 2026,10,la institución existe; el equipo juvenil no
2,equipo_juvenil,11,"Club Champagnat M15 ""C""",M15,C,urba,rugby,https://urbaimagenes-cddyfadwc8dqcchn.z03.azurefd.net/img/clubs/champagnat.png,club-champagnat-m15-c,11,2021 2023 2024 2025 2026,8,la institución existe; el equipo juvenil no
2,equipo_juvenil,11,"Club Champagnat M15 ""D""",M15,D,urba,rugby,https://urbaimagenes-cddyfadwc8dqcchn.z03.azurefd.net/img/clubs/champagnat.png,club-champagnat-m15-d,11,2025,1,la institución existe; el equipo juvenil no
2,equipo_juvenil,11,"Club Champagnat M16 ""A""",M16,A,urba,rugby,https://urbaimagenes-cddyfadwc8dqcchn.z03.azurefd.net/img/clubs/champagnat.png,club-champagnat-m16-a,11,2021 2022 2023 2024 2025 2026,11,la institución existe; el equipo juvenil no
2,equipo_juvenil,11,"Club Champagnat M16 ""B""",M16,B,urba,rugby,https://urbaimagenes-cddyfadwc8dqcchn.z03.azurefd.net/img/clubs/champagnat.png,club-champagnat-m16-b,11,2021 2022 2023 2024 2025 2026,11,la institución existe; el equipo juvenil no
2,equipo_juvenil,11,"Club Champagnat M16 ""C""",M16,C,urba,rugby,https://urbaimagenes-cddyfadwc8dqcchn.z03.azurefd.net/img/clubs/champagnat.png,club-champagnat-m16-c,11,2022 2023 2024 2025 2026,9,la institución existe; el equipo juvenil no
2,equipo_juvenil,11,"Club Champagnat M16 ""D""",M16,D,urba,rugby,https://urbaimagenes-cddyfadwc8dqcchn.z03.azurefd.net/img/clubs/champagnat.png,club-champagnat-m16-d,11,2026,1,la institución existe; el equipo juvenil no
2,equipo_juvenil,11,"Club Champagnat M17 ""C""",M17,C,urba,rugby,https://urbaimagenes-cddyfadwc8dqcchn.z03.azurefd.net/img/clubs/champagnat.png,club-champagnat-m17-c,11,2023 2024 2025 2026,7,la institución existe; el equipo juvenil no
2,equipo_juvenil,11,"Club Champagnat M18 ""A""",M18,A,urba,rugby,https://urbaimagenes-cddyfadwc8dqcchn.z03.azurefd.net/img/clubs/champagnat.png,club-champagnat-m18-a,11,2021,2,la institución existe; el equipo juvenil no
2,equipo_juvenil,11,"Club Champagnat M18 ""B""",M18,B,urba,rugby,https://urbaimagenes-cddyfadwc8dqcchn.z03.azurefd.net/img/clubs/champagnat.png,club-champagnat-m18-b,11,2021,2,la institución existe; el equipo juvenil no
2,equipo_juvenil,11,"Club Champagnat M19 ""B""",M19,B,urba,rugby,https://urbaimagenes-cddyfadwc8dqcchn.z03.azurefd.net/img/clubs/champagnat.png,club-champagnat-m19-b,11,2022 2023 2024 2025 2026,10,la institución existe; el equipo juvenil no
2,equipo_juvenil,11,"Club Champagnat M19 ""C""",M19,C,urba,rugby,https://urbaimagenes-cddyfadwc8dqcchn.z03.azurefd.net/img/clubs/champagnat.png,club-champagnat-m19-c,11,2022 2023 2024 2025 2026,10,la institución existe; el equipo juvenil no
2,equipo_juvenil,11,"Club Champagnat M19 ""D""",M19,D,urba,rugby,https://urbaimagenes-cddyfadwc8dqcchn.z03.azurefd.net/img/clubs/champagnat.png,club-champagnat-m19-d,11,2022 2024 2025 2026,8,la institución existe; el equipo juvenil no
2,equipo_juvenil,11,"Club Champagnat M19 ""E""",M19,E,urba,rugby,https://urbaimagenes-cddyfadwc8dqcchn.z03.azurefd.net/img/clubs/champagnat.png,club-champagnat-m19-e,11,2025 2026,4,la institución existe; el equipo juvenil no
2,equipo_juvenil,11,"Club Champagnat M19 ""F""",M19,F,urba,rugby,https://urbaimagenes-cddyfadwc8dqcchn.z03.azurefd.net/img/clubs/champagnat.png,club-champagnat-m19-f,11,2025,2,la institución existe; el equipo juvenil no
2,equipo_juvenil,11,"Club Champagnat M20 ""A""",M20,A,urba,rugby,https://urbaimagenes-cddyfadwc8dqcchn.z03.azurefd.net/img/clubs/champagnat.png,club-champagnat-m20-a,11,2021,2,la institución existe; el equipo juvenil no
2,equipo_juvenil,11,"Club Champagnat M20 ""B""",M20,B,urba,rugby,https://urbaimagenes-cddyfadwc8dqcchn.z03.azurefd.net/img/clubs/champagnat.png,club-champagnat-m20-b,11,2021,2,la institución existe; el equipo juvenil no
2,equipo_juvenil,11,Club Champagnat M22,M22,"",urba,rugby,https://urbaimagenes-cddyfadwc8dqcchn.z03.azurefd.net/img/clubs/champagnat.png,club-champagnat-m22,11,2024 2026,2,la institución existe; el equipo juvenil no
2,equipo_juvenil,54,Ciudad de Buenos Aires M15,M15,"",urba,rugby,https://urbaimagenes-cddyfadwc8dqcchn.z03.azurefd.net/img/clubs/ciudaddebsas.png,ciudad-de-buenos-aires-m15,54,2021 2023 2024 2025,6,la institución existe; el equipo juvenil no
2,equipo_juvenil,54,"Ciudad de Buenos Aires M15 ""A""",M15,A,urba,rugby,https://urbaimagenes-cddyfadwc8dqcchn.z03.azurefd.net/img/clubs/ciudaddebsas.png,ciudad-de-buenos-aires-m15-a,54,2022 2023 2026,4,la institución existe; el equipo juvenil no
2,equipo_juvenil,54,"Ciudad de Buenos Aires M15 ""B""",M15,B,urba,rugby,https://urbaimagenes-cddyfadwc8dqcchn.z03.azurefd.net/img/clubs/ciudaddebsas.png,ciudad-de-buenos-aires-m15-b,54,2022 2023 2026,4,la institución existe; el equipo juvenil no
2,equipo_juvenil,54,Ciudad de Buenos Aires M16,M16,"",urba,rugby,https://urbaimagenes-cddyfadwc8dqcchn.z03.azurefd.net/img/clubs/ciudaddebsas.png,ciudad-de-buenos-aires-m16,54,2021 2022 2024 2025 2026,7,la institución existe; el equipo juvenil no
2,equipo_juvenil,54,"Ciudad de Buenos Aires M16 ""A""",M16,A,urba,rugby,https://urbaimagenes-cddyfadwc8dqcchn.z03.azurefd.net/img/clubs/ciudaddebsas.png,ciudad-de-buenos-aires-m16-a,54,2022 2023,2,la institución existe; el equipo juvenil no
2,equipo_juvenil,54,"Ciudad de Buenos Aires M16 ""B""",M16,B,urba,rugby,https://urbaimagenes-cddyfadwc8dqcchn.z03.azurefd.net/img/clubs/ciudaddebsas.png,ciudad-de-buenos-aires-m16-b,54,2022 2023,2,la institución existe; el equipo juvenil no
2,equipo_juvenil,54,Ciudad de Buenos Aires M17,M17,"",urba,rugby,https://urbaimagenes-cddyfadwc8dqcchn.z03.azurefd.net/img/clubs/ciudaddebsas.png,ciudad-de-buenos-aires-m17,54,2022 2025 2026,5,la institución existe; el equipo juvenil no
2,equipo_juvenil,54,"Ciudad de Buenos Aires M17 ""A""",M17,A,urba,rugby,https://urbaimagenes-cddyfadwc8dqcchn.z03.azurefd.net/img/clubs/ciudaddebsas.png,ciudad-de-buenos-aires-m17-a,54,2023 2024,4,la institución existe; el equipo juvenil no
2,equipo_juvenil,54,"Ciudad de Buenos Aires M17 ""B""",M17,B,urba,rugby,https://urbaimagenes-cddyfadwc8dqcchn.z03.azurefd.net/img/clubs/ciudaddebsas.png,ciudad-de-buenos-aires-m17-b,54,2023 2024,4,la institución existe; el equipo juvenil no
2,equipo_juvenil,54,"Ciudad de Buenos Aires M18 ""A""",M18,A,urba,rugby,https://urbaimagenes-cddyfadwc8dqcchn.z03.azurefd.net/img/clubs/ciudaddebsas.png,ciudad-de-buenos-aires-m18-a,54,2021,3,la institución existe; el equipo juvenil no
2,equipo_juvenil,54,"Ciudad de Buenos Aires M18 ""B""",M18,B,urba,rugby,https://urbaimagenes-cddyfadwc8dqcchn.z03.azurefd.net/img/clubs/ciudaddebsas.png,ciudad-de-buenos-aires-m18-b,54,2021,2,la institución existe; el equipo juvenil no
2,equipo_juvenil,54,Ciudad de Buenos Aires M19,M19,"",urba,rugby,https://urbaimagenes-cddyfadwc8dqcchn.z03.azurefd.net/img/clubs/ciudaddebsas.png,ciudad-de-buenos-aires-m19,54,2022 2023 2026,5,la institución existe; el equipo juvenil no
2,equipo_juvenil,54,"Ciudad de Buenos Aires M19 ""A""",M19,A,urba,rugby,https://urbaimagenes-cddyfadwc8dqcchn.z03.azurefd.net/img/clubs/ciudaddebsas.png,ciudad-de-buenos-aires-m19-a,54,2024 2025 2026,5,la institución existe; el equipo juvenil no
2,equipo_juvenil,54,"Ciudad de Buenos Aires M19 ""B""",M19,B,urba,rugby,https://urbaimagenes-cddyfadwc8dqcchn.z03.azurefd.net/img/clubs/ciudaddebsas.png,ciudad-de-buenos-aires-m19-b,54,2024 2025 2026,6,la institución existe; el equipo juvenil no
2,equipo_juvenil,54,"Ciudad de Buenos Aires M19 ""C""",M19,C,urba,rugby,https://urbaimagenes-cddyfadwc8dqcchn.z03.azurefd.net/img/clubs/ciudaddebsas.png,ciudad-de-buenos-aires-m19-c,54,2025,2,la institución existe; el equipo juvenil no
2,equipo_juvenil,2,"CUBA M15 ""A""",M15,A,urba,rugby,https://urbaimagenes-cddyfadwc8dqcchn.z03.azurefd.net/img/clubs/cuba.png,cuba-m15-a,2,2021 2022 2023 2024 2025 2026,10,la institución existe; el equipo juvenil no
2,equipo_juvenil,2,"CUBA M15 ""B""",M15,B,urba,rugby,https://urbaimagenes-cddyfadwc8dqcchn.z03.azurefd.net/img/clubs/cuba.png,cuba-m15-b,2,2021 2022 2023 2024 2025 2026,10,la institución existe; el equipo juvenil no
2,equipo_juvenil,2,"CUBA M15 ""C""",M15,C,urba,rugby,https://urbaimagenes-cddyfadwc8dqcchn.z03.azurefd.net/img/clubs/cuba.png,cuba-m15-c,2,2021 2022 2023 2024 2025 2026,10,la institución existe; el equipo juvenil no
2,equipo_juvenil,2,"CUBA M15 ""D""",M15,D,urba,rugby,https://urbaimagenes-cddyfadwc8dqcchn.z03.azurefd.net/img/clubs/cuba.png,cuba-m15-d,2,2023 2025 2026,5,la institución existe; el equipo juvenil no
2,equipo_juvenil,2,"CUBA M16 ""A""",M16,A,urba,rugby,https://urbaimagenes-cddyfadwc8dqcchn.z03.azurefd.net/img/clubs/cuba.png,cuba-m16-a,2,2021 2022 2023 2024 2025 2026,11,la institución existe; el equipo juvenil no
2,equipo_juvenil,2,"CUBA M16 ""B""",M16,B,urba,rugby,https://urbaimagenes-cddyfadwc8dqcchn.z03.azurefd.net/img/clubs/cuba.png,cuba-m16-b,2,2021 2022 2023 2024 2025 2026,11,la institución existe; el equipo juvenil no
2,equipo_juvenil,2,"CUBA M16 ""C""",M16,C,urba,rugby,https://urbaimagenes-cddyfadwc8dqcchn.z03.azurefd.net/img/clubs/cuba.png,cuba-m16-c,2,2021 2022 2023 2024 2025 2026,10,la institución existe; el equipo juvenil no
2,equipo_juvenil,2,"CUBA M16 ""D""",M16,D,urba,rugby,https://urbaimagenes-cddyfadwc8dqcchn.z03.azurefd.net/img/clubs/cuba.png,cuba-m16-d,2,2024 2025 2026,5,la institución existe; el equipo juvenil no
2,equipo_juvenil,2,"CUBA M17 ""C""",M17,C,urba,rugby,https://urbaimagenes-cddyfadwc8dqcchn.z03.azurefd.net/img/clubs/cuba.png,cuba-m17-c,2,2022 2023 2024 2025 2026,9,la institución existe; el equipo juvenil no
2,equipo_juvenil,2,"CUBA M17 ""D""",M17,D,urba,rugby,https://urbaimagenes-cddyfadwc8dqcchn.z03.azurefd.net/img/clubs/cuba.png,cuba-m17-d,2,2025 2026,3,la institución existe; el equipo juvenil no
2,equipo_juvenil,2,"CUBA M18 ""A""",M18,A,urba,rugby,https://urbaimagenes-cddyfadwc8dqcchn.z03.azurefd.net/img/clubs/cuba.png,cuba-m18-a,2,2021,2,la institución existe; el equipo juvenil no
2,equipo_juvenil,2,"CUBA M18 ""B""",M18,B,urba,rugby,https://urbaimagenes-cddyfadwc8dqcchn.z03.azurefd.net/img/clubs/cuba.png,cuba-m18-b,2,2021,2,la institución existe; el equipo juvenil no
2,equipo_juvenil,2,"CUBA M19 ""C""",M19,C,urba,rugby,https://urbaimagenes-cddyfadwc8dqcchn.z03.azurefd.net/img/clubs/cuba.png,cuba-m19-c,2,2022 2023 2024 2025 2026,10,la institución existe; el equipo juvenil no
2,equipo_juvenil,2,"CUBA M19 ""D""",M19,D,urba,rugby,https://urbaimagenes-cddyfadwc8dqcchn.z03.azurefd.net/img/clubs/cuba.png,cuba-m19-d,2,2022 2023 2024 2025 2026,9,la institución existe; el equipo juvenil no
2,equipo_juvenil,2,"CUBA M19 ""E""",M19,E,urba,rugby,https://urbaimagenes-cddyfadwc8dqcchn.z03.azurefd.net/img/clubs/cuba.png,cuba-m19-e,2,2024 2025 2026,6,la institución existe; el equipo juvenil no
2,equipo_juvenil,2,"CUBA M19 ""F""",M19,F,urba,rugby,https://urbaimagenes-cddyfadwc8dqcchn.z03.azurefd.net/img/clubs/cuba.png,cuba-m19-f,2,2025 2026,3,la institución existe; el equipo juvenil no
2,equipo_juvenil,2,"CUBA M20 ""A""",M20,A,urba,rugby,https://urbaimagenes-cddyfadwc8dqcchn.z03.azurefd.net/img/clubs/cuba.png,cuba-m20-a,2,2021,2,la institución existe; el equipo juvenil no
2,equipo_juvenil,2,"CUBA M20 ""B""",M20,B,urba,rugby,https://urbaimagenes-cddyfadwc8dqcchn.z03.azurefd.net/img/clubs/cuba.png,cuba-m20-b,2,2021,2,la institución existe; el equipo juvenil no
2,equipo_juvenil,2,"CUBA M20 ""C""",M20,C,urba,rugby,https://urbaimagenes-cddyfadwc8dqcchn.z03.azurefd.net/img/clubs/cuba.png,cuba-m20-c,2,2021,2,la institución existe; el equipo juvenil no
2,equipo_juvenil,2,CUBA M22,M22,"",urba,rugby,https://urbaimagenes-cddyfadwc8dqcchn.z03.azurefd.net/img/clubs/cuba.png,cuba-m22,2,2024 2025 2026,3,la institución existe; el equipo juvenil no
2,equipo_juvenil,24,Curupaytí M15,M15,"",urba,rugby,https://urbaimagenes-cddyfadwc8dqcchn.z03.azurefd.net/img/clubs/curupayti.png,curupayti-m15,24,2022 2026,3,la institución existe; el equipo juvenil no
2,equipo_juvenil,24,"Curupaytí M15 ""A""",M15,A,urba,rugby,https://urbaimagenes-cddyfadwc8dqcchn.z03.azurefd.net/img/clubs/curupayti.png,curupayti-m15-a,24,2021 2023 2024 2025,7,la institución existe; el equipo juvenil no
2,equipo_juvenil,24,"Curupaytí M15 ""B""",M15,B,urba,rugby,https://urbaimagenes-cddyfadwc8dqcchn.z03.azurefd.net/img/clubs/curupayti.png,curupayti-m15-b,24,2021 2023 2024 2025,7,la institución existe; el equipo juvenil no
2,equipo_juvenil,24,Curupaytí M16,M16,"",urba,rugby,https://urbaimagenes-cddyfadwc8dqcchn.z03.azurefd.net/img/clubs/curupayti.png,curupayti-m16,24,2022 2023,3,la institución existe; el equipo juvenil no
2,equipo_juvenil,24,"Curupaytí M16 ""A""",M16,A,urba,rugby,https://urbaimagenes-cddyfadwc8dqcchn.z03.azurefd.net/img/clubs/curupayti.png,curupayti-m16-a,24,2021 2024 2025 2026,7,la institución existe; el equipo juvenil no
2,equipo_juvenil,24,"Curupaytí M16 ""B""",M16,B,urba,rugby,https://urbaimagenes-cddyfadwc8dqcchn.z03.azurefd.net/img/clubs/curupayti.png,curupayti-m16-b,24,2021 2023 2024 2025 2026,8,la institución existe; el equipo juvenil no
2,equipo_juvenil,24,Curupaytí M17,M17,"",urba,rugby,https://urbaimagenes-cddyfadwc8dqcchn.z03.azurefd.net/img/clubs/curupayti.png,curupayti-m17,24,2023,1,la institución existe; el equipo juvenil no
2,equipo_juvenil,24,"Curupaytí M17 ""A""",M17,A,urba,rugby,https://urbaimagenes-cddyfadwc8dqcchn.z03.azurefd.net/img/clubs/curupayti.png,curupayti-m17-a,24,2021 2022 2023 2024 2025 2026,10,la institución existe; el equipo juvenil no
2,equipo_juvenil,24,"Curupaytí M17 ""B""",M17,B,urba,rugby,https://urbaimagenes-cddyfadwc8dqcchn.z03.azurefd.net/img/clubs/curupayti.png,curupayti-m17-b,24,2021 2022 2023 2024 2025 2026,10,la institución existe; el equipo juvenil no
2,equipo_juvenil,24,"Curupaytí M18 ""A""",M18,A,urba,rugby,https://urbaimagenes-cddyfadwc8dqcchn.z03.azurefd.net/img/clubs/curupayti.png,curupayti-m18-a,24,2021,2,la institución existe; el equipo juvenil no
2,equipo_juvenil,24,"Curupaytí M18 ""B""",M18,B,urba,rugby,https://urbaimagenes-cddyfadwc8dqcchn.z03.azurefd.net/img/clubs/curupayti.png,curupayti-m18-b,24,2021,2,la institución existe; el equipo juvenil no
2,equipo_juvenil,24,"Curupaytí M19 ""A""",M19,A,urba,rugby,https://urbaimagenes-cddyfadwc8dqcchn.z03.azurefd.net/img/clubs/curupayti.png,curupayti-m19-a,24,2022 2023 2024 2025 2026,10,la institución existe; el equipo juvenil no
2,equipo_juvenil,24,"Curupaytí M19 ""B""",M19,B,urba,rugby,https://urbaimagenes-cddyfadwc8dqcchn.z03.azurefd.net/img/clubs/curupayti.png,curupayti-m19-b,24,2022 2023 2024 2025 2026,9,la institución existe; el equipo juvenil no
2,equipo_juvenil,24,"Curupaytí M20 ""A""",M20,A,urba,rugby,https://urbaimagenes-cddyfadwc8dqcchn.z03.azurefd.net/img/clubs/curupayti.png,curupayti-m20-a,24,2021,2,la institución existe; el equipo juvenil no
2,equipo_juvenil,24,"Curupaytí M20 ""B""",M20,B,urba,rugby,https://urbaimagenes-cddyfadwc8dqcchn.z03.azurefd.net/img/clubs/curupayti.png,curupayti-m20-b,24,2021,2,la institución existe; el equipo juvenil no
2,equipo_juvenil,52,Club Daom M15,M15,"",urba,rugby,https://urbaimagenes-cddyfadwc8dqcchn.z03.azurefd.net/img/clubs/daom.png,club-daom-m15,52,2022 2023 2025 2026,7,la institución existe; el equipo juvenil no
2,equipo_juvenil,52,Club Daom M16,M16,"",urba,rugby,https://urbaimagenes-cddyfadwc8dqcchn.z03.azurefd.net/img/clubs/daom.png,club-daom-m16,52,2022 2023 2024 2025 2026,9,la institución existe; el equipo juvenil no
2,equipo_juvenil,52,"Club Daom M16 ""A""",M16,A,urba,rugby,https://urbaimagenes-cddyfadwc8dqcchn.z03.azurefd.net/img/clubs/daom.png,club-daom-m16-a,52,2021,1,la institución existe; el equipo juvenil no
2,equipo_juvenil,52,"Club Daom M16 ""B""",M16,B,urba,rugby,https://urbaimagenes-cddyfadwc8dqcchn.z03.azurefd.net/img/clubs/daom.png,club-daom-m16-b,52,2021,1,la institución existe; el equipo juvenil no
2,equipo_juvenil,52,Club Daom M17,M17,"",urba,rugby,https://urbaimagenes-cddyfadwc8dqcchn.z03.azurefd.net/img/clubs/daom.png,club-daom-m17,52,2022 2023 2024 2025 2026,9,la institución existe; el equipo juvenil no
2,equipo_juvenil,52,Club Daom M18,M18,"",urba,rugby,https://urbaimagenes-cddyfadwc8dqcchn.z03.azurefd.net/img/clubs/daom.png,club-daom-m18,52,2021,1,la institución existe; el equipo juvenil no
2,equipo_juvenil,52,"Club Daom M18 ""A""",M18,A,urba,rugby,https://urbaimagenes-cddyfadwc8dqcchn.z03.azurefd.net/img/clubs/daom.png,club-daom-m18-a,52,2021,2,la institución existe; el equipo juvenil no
2,equipo_juvenil,52,"Club Daom M18 ""B""",M18,B,urba,rugby,https://urbaimagenes-cddyfadwc8dqcchn.z03.azurefd.net/img/clubs/daom.png,club-daom-m18-b,52,2021,2,la institución existe; el equipo juvenil no
2,equipo_juvenil,52,Club Daom M19,M19,"",urba,rugby,https://urbaimagenes-cddyfadwc8dqcchn.z03.azurefd.net/img/clubs/daom.png,club-daom-m19,52,2022 2023 2024 2025 2026,10,la institución existe; el equipo juvenil no
2,equipo_juvenil,44,Asoc. Del Sur M15,M15,"",urba,rugby,https://urbaimagenes-cddyfadwc8dqcchn.z03.azurefd.net/img/clubs/delsur.png,asoc-del-sur-m15,44,2021 2022 2023 2024 2026,7,la institución existe; el equipo juvenil no
2,equipo_juvenil,44,"Asoc. Del Sur M15 ""A""",M15,A,urba,rugby,https://urbaimagenes-cddyfadwc8dqcchn.z03.azurefd.net/img/clubs/delsur.png,asoc-del-sur-m15-a,44,2025,2,la institución existe; el equipo juvenil no
2,equipo_juvenil,44,"Asoc. Del Sur M15 ""B""",M15,B,urba,rugby,https://urbaimagenes-cddyfadwc8dqcchn.z03.azurefd.net/img/clubs/delsur.png,asoc-del-sur-m15-b,44,2025,2,la institución existe; el equipo juvenil no
2,equipo_juvenil,44,Asoc. Del Sur M16,M16,"",urba,rugby,https://urbaimagenes-cddyfadwc8dqcchn.z03.azurefd.net/img/clubs/delsur.png,asoc-del-sur-m16,44,2021 2022 2024,6,la institución existe; el equipo juvenil no
2,equipo_juvenil,44,"Asoc. Del Sur M16 ""A""",M16,A,urba,rugby,https://urbaimagenes-cddyfadwc8dqcchn.z03.azurefd.net/img/clubs/delsur.png,asoc-del-sur-m16-a,44,2026,1,la institución existe; el equipo juvenil no
2,equipo_juvenil,44,"Asoc. Del Sur M16 ""B""",M16,B,urba,rugby,https://urbaimagenes-cddyfadwc8dqcchn.z03.azurefd.net/img/clubs/delsur.png,asoc-del-sur-m16-b,44,2026,1,la institución existe; el equipo juvenil no
2,equipo_juvenil,44,Asoc. Del Sur M17,M17,"",urba,rugby,https://urbaimagenes-cddyfadwc8dqcchn.z03.azurefd.net/img/clubs/delsur.png,asoc-del-sur-m17,44,2022 2024 2026,5,la institución existe; el equipo juvenil no
2,equipo_juvenil,44,"Asoc. Del Sur M17 ""A""",M17,A,urba,rugby,https://urbaimagenes-cddyfadwc8dqcchn.z03.azurefd.net/img/clubs/delsur.png,asoc-del-sur-m17-a,44,2023 2025,4,la institución existe; el equipo juvenil no
2,equipo_juvenil,44,"Asoc. Del Sur M17 ""B""",M17,B,urba,rugby,https://urbaimagenes-cddyfadwc8dqcchn.z03.azurefd.net/img/clubs/delsur.png,asoc-del-sur-m17-b,44,2023 2025,4,la institución existe; el equipo juvenil no
2,equipo_juvenil,44,"Asoc. Del Sur M18 ""A""",M18,A,urba,rugby,https://urbaimagenes-cddyfadwc8dqcchn.z03.azurefd.net/img/clubs/delsur.png,asoc-del-sur-m18-a,44,2021,2,la institución existe; el equipo juvenil no
2,equipo_juvenil,44,"Asoc. Del Sur M18 ""B""",M18,B,urba,rugby,https://urbaimagenes-cddyfadwc8dqcchn.z03.azurefd.net/img/clubs/delsur.png,asoc-del-sur-m18-b,44,2021,2,la institución existe; el equipo juvenil no
2,equipo_juvenil,44,Asoc. Del Sur M19,M19,"",urba,rugby,https://urbaimagenes-cddyfadwc8dqcchn.z03.azurefd.net/img/clubs/delsur.png,asoc-del-sur-m19,44,2022 2024 2025 2026,6,la institución existe; el equipo juvenil no
2,equipo_juvenil,44,"Asoc. Del Sur M19 ""A""",M19,A,urba,rugby,https://urbaimagenes-cddyfadwc8dqcchn.z03.azurefd.net/img/clubs/delsur.png,asoc-del-sur-m19-a,44,2023 2024 2025,4,la institución existe; el equipo juvenil no
2,equipo_juvenil,44,"Asoc. Del Sur M19 ""B""",M19,B,urba,rugby,https://urbaimagenes-cddyfadwc8dqcchn.z03.azurefd.net/img/clubs/delsur.png,asoc-del-sur-m19-b,44,2023 2024 2025,4,la institución existe; el equipo juvenil no
2,equipo_juvenil,33,Delta R.C. M15,M15,"",urba,rugby,https://urbaimagenes-cddyfadwc8dqcchn.z03.azurefd.net/img/clubs/delta.png,delta-r-c-m15,33,2022 2024 2026,5,la institución existe; el equipo juvenil no
2,equipo_juvenil,33,"Delta R.C. M15 ""A""",M15,A,urba,rugby,https://urbaimagenes-cddyfadwc8dqcchn.z03.azurefd.net/img/clubs/delta.png,delta-r-c-m15-a,33,2021 2023 2025,5,la institución existe; el equipo juvenil no
2,equipo_juvenil,33,"Delta R.C. M15 ""B""",M15,B,urba,rugby,https://urbaimagenes-cddyfadwc8dqcchn.z03.azurefd.net/img/clubs/delta.png,delta-r-c-m15-b,33,2021 2023 2025,5,la institución existe; el equipo juvenil no
2,equipo_juvenil,33,Delta R.C. M16,M16,"",urba,rugby,https://urbaimagenes-cddyfadwc8dqcchn.z03.azurefd.net/img/clubs/delta.png,delta-r-c-m16,33,2021 2026,3,la institución existe; el equipo juvenil no
2,equipo_juvenil,33,"Delta R.C. M16 ""A""",M16,A,urba,rugby,https://urbaimagenes-cddyfadwc8dqcchn.z03.azurefd.net/img/clubs/delta.png,delta-r-c-m16-a,33,2022 2023 2024 2025,7,la institución existe; el equipo juvenil no
2,equipo_juvenil,33,"Delta R.C. M16 ""B""",M16,B,urba,rugby,https://urbaimagenes-cddyfadwc8dqcchn.z03.azurefd.net/img/clubs/delta.png,delta-r-c-m16-b,33,2022 2023 2024 2025,7,la institución existe; el equipo juvenil no
2,equipo_juvenil,33,Delta R.C. M17,M17,"",urba,rugby,https://urbaimagenes-cddyfadwc8dqcchn.z03.azurefd.net/img/clubs/delta.png,delta-r-c-m17,33,2021 2024 2025 2026,5,la institución existe; el equipo juvenil no
2,equipo_juvenil,33,"Delta R.C. M17 ""A""",M17,A,urba,rugby,https://urbaimagenes-cddyfadwc8dqcchn.z03.azurefd.net/img/clubs/delta.png,delta-r-c-m17-a,33,2021 2022 2023 2025,6,la institución existe; el equipo juvenil no
2,equipo_juvenil,33,"Delta R.C. M17 ""B""",M17,B,urba,rugby,https://urbaimagenes-cddyfadwc8dqcchn.z03.azurefd.net/img/clubs/delta.png,delta-r-c-m17-b,33,2021 2022 2023 2025,6,la institución existe; el equipo juvenil no
2,equipo_juvenil,33,"Delta R.C. M18 ""A""",M18,A,urba,rugby,https://urbaimagenes-cddyfadwc8dqcchn.z03.azurefd.net/img/clubs/delta.png,delta-r-c-m18-a,33,2021,2,la institución existe; el equipo juvenil no
2,equipo_juvenil,33,"Delta R.C. M18 ""B""",M18,B,urba,rugby,https://urbaimagenes-cddyfadwc8dqcchn.z03.azurefd.net/img/clubs/delta.png,delta-r-c-m18-b,33,2021,2,la institución existe; el equipo juvenil no
2,equipo_juvenil,33,"Delta R.C. M19 ""A""",M19,A,urba,rugby,https://urbaimagenes-cddyfadwc8dqcchn.z03.azurefd.net/img/clubs/delta.png,delta-r-c-m19-a,33,2022 2023 2024 2025 2026,10,la institución existe; el equipo juvenil no
2,equipo_juvenil,33,"Delta R.C. M19 ""B""",M19,B,urba,rugby,https://urbaimagenes-cddyfadwc8dqcchn.z03.azurefd.net/img/clubs/delta.png,delta-r-c-m19-b,33,2022 2023 2024 2025 2026,10,la institución existe; el equipo juvenil no
2,equipo_juvenil,33,"Delta R.C. M19 ""C""",M19,C,urba,rugby,https://urbaimagenes-cddyfadwc8dqcchn.z03.azurefd.net/img/clubs/delta.png,delta-r-c-m19-c,33,2023 2024,3,la institución existe; el equipo juvenil no
2,equipo_juvenil,17,"Deportiva Francesa M15 ""A""",M15,A,urba,rugby,https://urbaimagenes-cddyfadwc8dqcchn.z03.azurefd.net/img/clubs/deportivafrancesa.png,deportiva-francesa-m15-a,17,2021 2022 2023 2024 2025 2026,9,la institución existe; el equipo juvenil no
2,equipo_juvenil,17,"Deportiva Francesa M15 ""B""",M15,B,urba,rugby,https://urbaimagenes-cddyfadwc8dqcchn.z03.azurefd.net/img/clubs/deportivafrancesa.png,deportiva-francesa-m15-b,17,2021 2022 2023 2024 2025 2026,10,la institución existe; el equipo juvenil no
2,equipo_juvenil,17,"Deportiva Francesa M15 ""C""",M15,C,urba,rugby,https://urbaimagenes-cddyfadwc8dqcchn.z03.azurefd.net/img/clubs/deportivafrancesa.png,deportiva-francesa-m15-c,17,2023 2024,4,la institución existe; el equipo juvenil no
2,equipo_juvenil,17,"Deportiva Francesa M16 ""A""",M16,A,urba,rugby,https://urbaimagenes-cddyfadwc8dqcchn.z03.azurefd.net/img/clubs/deportivafrancesa.png,deportiva-francesa-m16-a,17,2021 2022 2023 2024 2025 2026,11,la institución existe; el equipo juvenil no
2,equipo_juvenil,17,"Deportiva Francesa M16 ""B""",M16,B,urba,rugby,https://urbaimagenes-cddyfadwc8dqcchn.z03.azurefd.net/img/clubs/deportivafrancesa.png,deportiva-francesa-m16-b,17,2021 2022 2023 2024 2025 2026,10,la institución existe; el equipo juvenil no
2,equipo_juvenil,17,"Deportiva Francesa M16 ""C""",M16,C,urba,rugby,https://urbaimagenes-cddyfadwc8dqcchn.z03.azurefd.net/img/clubs/deportivafrancesa.png,deportiva-francesa-m16-c,17,2024 2025 2026,5,la institución existe; el equipo juvenil no
2,equipo_juvenil,17,"Deportiva Francesa M17 ""C""",M17,C,urba,rugby,https://urbaimagenes-cddyfadwc8dqcchn.z03.azurefd.net/img/clubs/deportivafrancesa.png,deportiva-francesa-m17-c,17,2022 2023 2025 2026,7,la institución existe; el equipo juvenil no
2,equipo_juvenil,17,"Deportiva Francesa M18 ""A""",M18,A,urba,rugby,https://urbaimagenes-cddyfadwc8dqcchn.z03.azurefd.net/img/clubs/deportivafrancesa.png,deportiva-francesa-m18-a,17,2021,2,la institución existe; el equipo juvenil no
2,equipo_juvenil,17,"Deportiva Francesa M18 ""B""",M18,B,urba,rugby,https://urbaimagenes-cddyfadwc8dqcchn.z03.azurefd.net/img/clubs/deportivafrancesa.png,deportiva-francesa-m18-b,17,2021,2,la institución existe; el equipo juvenil no
2,equipo_juvenil,17,"Deportiva Francesa M19 ""C""",M19,C,urba,rugby,https://urbaimagenes-cddyfadwc8dqcchn.z03.azurefd.net/img/clubs/deportivafrancesa.png,deportiva-francesa-m19-c,17,2022 2023 2024 2025 2026,9,la institución existe; el equipo juvenil no
2,equipo_juvenil,17,"Deportiva Francesa M19 ""D""",M19,D,urba,rugby,https://urbaimagenes-cddyfadwc8dqcchn.z03.azurefd.net/img/clubs/deportivafrancesa.png,deportiva-francesa-m19-d,17,2023 2024,4,la institución existe; el equipo juvenil no
2,equipo_juvenil,17,"Deportiva Francesa M20 ""A""",M20,A,urba,rugby,https://urbaimagenes-cddyfadwc8dqcchn.z03.azurefd.net/img/clubs/deportivafrancesa.png,deportiva-francesa-m20-a,17,2021,2,la institución existe; el equipo juvenil no
2,equipo_juvenil,17,"Deportiva Francesa M20 ""B""",M20,B,urba,rugby,https://urbaimagenes-cddyfadwc8dqcchn.z03.azurefd.net/img/clubs/deportivafrancesa.png,deportiva-francesa-m20-b,17,2021,2,la institución existe; el equipo juvenil no
2,equipo_juvenil,37,Don Bosco M15,M15,"",urba,rugby,https://urbaimagenes-cddyfadwc8dqcchn.z03.azurefd.net/img/clubs/donbosco.png,don-bosco-m15,37,2021 2022 2023 2024 2025 2026,10,la institución existe; el equipo juvenil no
2,equipo_juvenil,37,Don Bosco M16,M16,"",urba,rugby,https://urbaimagenes-cddyfadwc8dqcchn.z03.azurefd.net/img/clubs/donbosco.png,don-bosco-m16,37,2022 2024 2025 2026,7,la institución existe; el equipo juvenil no
2,equipo_juvenil,37,"Don Bosco M16 ""A""",M16,A,urba,rugby,https://urbaimagenes-cddyfadwc8dqcchn.z03.azurefd.net/img/clubs/donbosco.png,don-bosco-m16-a,37,2021,2,la institución existe; el equipo juvenil no
2,equipo_juvenil,37,"Don Bosco M16 ""B""",M16,B,urba,rugby,https://urbaimagenes-cddyfadwc8dqcchn.z03.azurefd.net/img/clubs/donbosco.png,don-bosco-m16-b,37,2021,2,la institución existe; el equipo juvenil no
2,equipo_juvenil,37,Don Bosco M17,M17,"",urba,rugby,https://urbaimagenes-cddyfadwc8dqcchn.z03.azurefd.net/img/clubs/donbosco.png,don-bosco-m17,37,2022 2024 2025 2026,6,la institución existe; el equipo juvenil no
2,equipo_juvenil,37,"Don Bosco M17 ""A""",M17,A,urba,rugby,https://urbaimagenes-cddyfadwc8dqcchn.z03.azurefd.net/img/clubs/donbosco.png,don-bosco-m17-a,37,2023 2025,3,la institución existe; el equipo juvenil no
2,equipo_juvenil,37,"Don Bosco M17 ""B""",M17,B,urba,rugby,https://urbaimagenes-cddyfadwc8dqcchn.z03.azurefd.net/img/clubs/donbosco.png,don-bosco-m17-b,37,2023 2025,3,la institución existe; el equipo juvenil no
2,equipo_juvenil,37,"Don Bosco M18 ""A""",M18,A,urba,rugby,https://urbaimagenes-cddyfadwc8dqcchn.z03.azurefd.net/img/clubs/donbosco.png,don-bosco-m18-a,37,2021,2,la institución existe; el equipo juvenil no
2,equipo_juvenil,37,"Don Bosco M18 ""B""",M18,B,urba,rugby,https://urbaimagenes-cddyfadwc8dqcchn.z03.azurefd.net/img/clubs/donbosco.png,don-bosco-m18-b,37,2021,1,la institución existe; el equipo juvenil no
2,equipo_juvenil,37,Don Bosco M19,M19,"",urba,rugby,https://urbaimagenes-cddyfadwc8dqcchn.z03.azurefd.net/img/clubs/donbosco.png,don-bosco-m19,37,2022 2023 2024 2025 2026,7,la institución existe; el equipo juvenil no
2,equipo_juvenil,37,"Don Bosco M19 ""A""",M19,A,urba,rugby,https://urbaimagenes-cddyfadwc8dqcchn.z03.azurefd.net/img/clubs/donbosco.png,don-bosco-m19-a,37,2022 2023 2025,3,la institución existe; el equipo juvenil no
2,equipo_juvenil,37,"Don Bosco M19 ""B""",M19,B,urba,rugby,https://urbaimagenes-cddyfadwc8dqcchn.z03.azurefd.net/img/clubs/donbosco.png,don-bosco-m19-b,37,2022 2023 2025,3,la institución existe; el equipo juvenil no
2,equipo_juvenil,30,GEBA M15,M15,"",urba,rugby,https://urbaimagenes-cddyfadwc8dqcchn.z03.azurefd.net/img/clubs/gimnasiayesgrima.png,geba-m15,30,2021 2022 2023,4,la institución existe; el equipo juvenil no
2,equipo_juvenil,30,"GEBA M15 ""A""",M15,A,urba,rugby,https://urbaimagenes-cddyfadwc8dqcchn.z03.azurefd.net/img/clubs/gimnasiayesgrima.png,geba-m15-a,30,2023 2024 2025 2026,6,la institución existe; el equipo juvenil no
2,equipo_juvenil,30,"GEBA M15 ""B""",M15,B,urba,rugby,https://urbaimagenes-cddyfadwc8dqcchn.z03.azurefd.net/img/clubs/gimnasiayesgrima.png,geba-m15-b,30,2023 2024 2025 2026,6,la institución existe; el equipo juvenil no
2,equipo_juvenil,30,GEBA M16,M16,"",urba,rugby,https://urbaimagenes-cddyfadwc8dqcchn.z03.azurefd.net/img/clubs/gimnasiayesgrima.png,geba-m16,30,2021 2023,3,la institución existe; el equipo juvenil no
2,equipo_juvenil,30,"GEBA M16 ""A""",M16,A,urba,rugby,https://urbaimagenes-cddyfadwc8dqcchn.z03.azurefd.net/img/clubs/gimnasiayesgrima.png,geba-m16-a,30,2022 2024 2025 2026,7,la institución existe; el equipo juvenil no
2,equipo_juvenil,30,"GEBA M16 ""B""",M16,B,urba,rugby,https://urbaimagenes-cddyfadwc8dqcchn.z03.azurefd.net/img/clubs/gimnasiayesgrima.png,geba-m16-b,30,2022 2024 2025 2026,7,la institución existe; el equipo juvenil no
2,equipo_juvenil,30,GEBA M17,M17,"",urba,rugby,https://urbaimagenes-cddyfadwc8dqcchn.z03.azurefd.net/img/clubs/gimnasiayesgrima.png,geba-m17,30,2022 2023 2024,5,la institución existe; el equipo juvenil no
2,equipo_juvenil,30,"GEBA M18 ""A""",M18,A,urba,rugby,https://urbaimagenes-cddyfadwc8dqcchn.z03.azurefd.net/img/clubs/gimnasiayesgrima.png,geba-m18-a,30,2021,2,la institución existe; el equipo juvenil no
2,equipo_juvenil,30,"GEBA M18 ""B""",M18,B,urba,rugby,https://urbaimagenes-cddyfadwc8dqcchn.z03.azurefd.net/img/clubs/gimnasiayesgrima.png,geba-m18-b,30,2021,2,la institución existe; el equipo juvenil no
2,equipo_juvenil,30,"GEBA M19 ""C""",M19,C,urba,rugby,https://urbaimagenes-cddyfadwc8dqcchn.z03.azurefd.net/img/clubs/gimnasiayesgrima.png,geba-m19-c,30,2024 2025 2026,6,la institución existe; el equipo juvenil no
2,equipo_juvenil,30,"GEBA M20 ""A""",M20,A,urba,rugby,https://urbaimagenes-cddyfadwc8dqcchn.z03.azurefd.net/img/clubs/gimnasiayesgrima.png,geba-m20-a,30,2021,2,la institución existe; el equipo juvenil no
2,equipo_juvenil,30,"GEBA M20 ""B""",M20,B,urba,rugby,https://urbaimagenes-cddyfadwc8dqcchn.z03.azurefd.net/img/clubs/gimnasiayesgrima.png,geba-m20-b,30,2021,2,la institución existe; el equipo juvenil no
2,equipo_juvenil,6,"Hindú Club M15 ""A""",M15,A,urba,rugby,https://urbaimagenes-cddyfadwc8dqcchn.z03.azurefd.net/img/clubs/hindu.png,hindu-club-m15-a,6,2021 2022 2023 2024 2025 2026,9,la institución existe; el equipo juvenil no
2,equipo_juvenil,6,"Hindú Club M15 ""B""",M15,B,urba,rugby,https://urbaimagenes-cddyfadwc8dqcchn.z03.azurefd.net/img/clubs/hindu.png,hindu-club-m15-b,6,2021 2022 2023 2024 2025 2026,10,la institución existe; el equipo juvenil no
2,equipo_juvenil,6,"Hindú Club M16 ""A""",M16,A,urba,rugby,https://urbaimagenes-cddyfadwc8dqcchn.z03.azurefd.net/img/clubs/hindu.png,hindu-club-m16-a,6,2021 2022 2023 2024 2025 2026,11,la institución existe; el equipo juvenil no
2,equipo_juvenil,6,"Hindú Club M16 ""B""",M16,B,urba,rugby,https://urbaimagenes-cddyfadwc8dqcchn.z03.azurefd.net/img/clubs/hindu.png,hindu-club-m16-b,6,2021 2022 2023 2024 2025 2026,10,la institución existe; el equipo juvenil no
2,equipo_juvenil,6,"Hindú Club M18 ""A""",M18,A,urba,rugby,https://urbaimagenes-cddyfadwc8dqcchn.z03.azurefd.net/img/clubs/hindu.png,hindu-club-m18-a,6,2021,2,la institución existe; el equipo juvenil no
2,equipo_juvenil,6,"Hindú Club M18 ""B""",M18,B,urba,rugby,https://urbaimagenes-cddyfadwc8dqcchn.z03.azurefd.net/img/clubs/hindu.png,hindu-club-m18-b,6,2021,2,la institución existe; el equipo juvenil no
2,equipo_juvenil,6,"Hindú Club M19 ""C""",M19,C,urba,rugby,https://urbaimagenes-cddyfadwc8dqcchn.z03.azurefd.net/img/clubs/hindu.png,hindu-club-m19-c,6,2022 2023 2024 2025 2026,10,la institución existe; el equipo juvenil no
2,equipo_juvenil,6,"Hindú Club M19 ""D""",M19,D,urba,rugby,https://urbaimagenes-cddyfadwc8dqcchn.z03.azurefd.net/img/clubs/hindu.png,hindu-club-m19-d,6,2026,2,la institución existe; el equipo juvenil no
2,equipo_juvenil,6,"Hindú Club M20 ""A""",M20,A,urba,rugby,https://urbaimagenes-cddyfadwc8dqcchn.z03.azurefd.net/img/clubs/hindu.png,hindu-club-m20-a,6,2021,2,la institución existe; el equipo juvenil no
2,equipo_juvenil,6,"Hindú Club M20 ""B""",M20,B,urba,rugby,https://urbaimagenes-cddyfadwc8dqcchn.z03.azurefd.net/img/clubs/hindu.png,hindu-club-m20-b,6,2021,2,la institución existe; el equipo juvenil no
2,equipo_juvenil,6,Hindú Club M22,M22,"",urba,rugby,https://urbaimagenes-cddyfadwc8dqcchn.z03.azurefd.net/img/clubs/hindu.png,hindu-club-m22,6,2024 2025 2026,3,la institución existe; el equipo juvenil no
2,equipo_juvenil,19,Hurling M15,M15,"",urba,rugby,https://urbaimagenes-cddyfadwc8dqcchn.z03.azurefd.net/img/clubs/hurling.png,hurling-m15,19,2022 2023 2024 2026,6,la institución existe; el equipo juvenil no
2,equipo_juvenil,19,"Hurling M15 ""A""",M15,A,urba,rugby,https://urbaimagenes-cddyfadwc8dqcchn.z03.azurefd.net/img/clubs/hurling.png,hurling-m15-a,19,2021 2023 2025,4,la institución existe; el equipo juvenil no
2,equipo_juvenil,19,"Hurling M15 ""B""",M15,B,urba,rugby,https://urbaimagenes-cddyfadwc8dqcchn.z03.azurefd.net/img/clubs/hurling.png,hurling-m15-b,19,2021 2023 2025,4,la institución existe; el equipo juvenil no
2,equipo_juvenil,19,Hurling M16,M16,"",urba,rugby,https://urbaimagenes-cddyfadwc8dqcchn.z03.azurefd.net/img/clubs/hurling.png,hurling-m16,19,2023,2,la institución existe; el equipo juvenil no
2,equipo_juvenil,19,"Hurling M16 ""A""",M16,A,urba,rugby,https://urbaimagenes-cddyfadwc8dqcchn.z03.azurefd.net/img/clubs/hurling.png,hurling-m16-a,19,2021 2022 2024 2025 2026,9,la institución existe; el equipo juvenil no
2,equipo_juvenil,19,"Hurling M16 ""B""",M16,B,urba,rugby,https://urbaimagenes-cddyfadwc8dqcchn.z03.azurefd.net/img/clubs/hurling.png,hurling-m16-b,19,2021 2022 2024 2025 2026,9,la institución existe; el equipo juvenil no
2,equipo_juvenil,19,Hurling M17,M17,"",urba,rugby,https://urbaimagenes-cddyfadwc8dqcchn.z03.azurefd.net/img/clubs/hurling.png,hurling-m17,19,2021,1,la institución existe; el equipo juvenil no
2,equipo_juvenil,19,"Hurling M17 ""A""",M17,A,urba,rugby,https://urbaimagenes-cddyfadwc8dqcchn.z03.azurefd.net/img/clubs/hurling.png,hurling-m17-a,19,2022 2023 2024 2025 2026,9,la institución existe; el equipo juvenil no
2,equipo_juvenil,19,"Hurling M17 ""B""",M17,B,urba,rugby,https://urbaimagenes-cddyfadwc8dqcchn.z03.azurefd.net/img/clubs/hurling.png,hurling-m17-b,19,2022 2023 2024 2025 2026,9,la institución existe; el equipo juvenil no
2,equipo_juvenil,19,"Hurling M18 ""A""",M18,A,urba,rugby,https://urbaimagenes-cddyfadwc8dqcchn.z03.azurefd.net/img/clubs/hurling.png,hurling-m18-a,19,2021,2,la institución existe; el equipo juvenil no
2,equipo_juvenil,19,"Hurling M18 ""B""",M18,B,urba,rugby,https://urbaimagenes-cddyfadwc8dqcchn.z03.azurefd.net/img/clubs/hurling.png,hurling-m18-b,19,2021,2,la institución existe; el equipo juvenil no
2,equipo_juvenil,19,"Hurling M19 ""C""",M19,C,urba,rugby,https://urbaimagenes-cddyfadwc8dqcchn.z03.azurefd.net/img/clubs/hurling.png,hurling-m19-c,19,2023 2024,3,la institución existe; el equipo juvenil no
2,equipo_juvenil,28,Club Italiano M15,M15,"",urba,rugby,https://urbaimagenes-cddyfadwc8dqcchn.z03.azurefd.net/img/clubs/italiano.png,club-italiano-m15,28,2022 2023 2024 2025 2026,6,la institución existe; el equipo juvenil no
2,equipo_juvenil,28,"Club Italiano M15 ""A""",M15,A,urba,rugby,https://urbaimagenes-cddyfadwc8dqcchn.z03.azurefd.net/img/clubs/italiano.png,club-italiano-m15-a,28,2023 2024,2,la institución existe; el equipo juvenil no
2,equipo_juvenil,28,"Club Italiano M15 ""B""",M15,B,urba,rugby,https://urbaimagenes-cddyfadwc8dqcchn.z03.azurefd.net/img/clubs/italiano.png,club-italiano-m15-b,28,2023 2024,2,la institución existe; el equipo juvenil no
2,equipo_juvenil,28,Club Italiano M16,M16,"",urba,rugby,https://urbaimagenes-cddyfadwc8dqcchn.z03.azurefd.net/img/clubs/italiano.png,club-italiano-m16,28,2021 2024 2026,3,la institución existe; el equipo juvenil no
2,equipo_juvenil,28,"Club Italiano M16 ""A""",M16,A,urba,rugby,https://urbaimagenes-cddyfadwc8dqcchn.z03.azurefd.net/img/clubs/italiano.png,club-italiano-m16-a,28,2023 2024 2025,5,la institución existe; el equipo juvenil no
2,equipo_juvenil,28,"Club Italiano M16 ""B""",M16,B,urba,rugby,https://urbaimagenes-cddyfadwc8dqcchn.z03.azurefd.net/img/clubs/italiano.png,club-italiano-m16-b,28,2024 2025,3,la institución existe; el equipo juvenil no
2,equipo_juvenil,28,Club Italiano M17,M17,"",urba,rugby,https://urbaimagenes-cddyfadwc8dqcchn.z03.azurefd.net/img/clubs/italiano.png,club-italiano-m17,28,2022 2023 2025 2026,7,la institución existe; el equipo juvenil no
2,equipo_juvenil,28,"Club Italiano M17 ""A""",M17,A,urba,rugby,https://urbaimagenes-cddyfadwc8dqcchn.z03.azurefd.net/img/clubs/italiano.png,club-italiano-m17-a,28,2024,2,la institución existe; el equipo juvenil no
2,equipo_juvenil,28,"Club Italiano M17 ""B""",M17,B,urba,rugby,https://urbaimagenes-cddyfadwc8dqcchn.z03.azurefd.net/img/clubs/italiano.png,club-italiano-m17-b,28,2024,2,la institución existe; el equipo juvenil no
2,equipo_juvenil,28,Club Italiano M18,M18,"",urba,rugby,https://urbaimagenes-cddyfadwc8dqcchn.z03.azurefd.net/img/clubs/italiano.png,club-italiano-m18,28,2021,2,la institución existe; el equipo juvenil no
2,equipo_juvenil,28,Club Italiano M19,M19,"",urba,rugby,https://urbaimagenes-cddyfadwc8dqcchn.z03.azurefd.net/img/clubs/italiano.png,club-italiano-m19,28,2022 2023,4,la institución existe; el equipo juvenil no
2,equipo_juvenil,28,"Club Italiano M19 ""A""",M19,A,urba,rugby,https://urbaimagenes-cddyfadwc8dqcchn.z03.azurefd.net/img/clubs/italiano.png,club-italiano-m19-a,28,2024 2025 2026,6,la institución existe; el equipo juvenil no
2,equipo_juvenil,28,"Club Italiano M19 ""B""",M19,B,urba,rugby,https://urbaimagenes-cddyfadwc8dqcchn.z03.azurefd.net/img/clubs/italiano.png,club-italiano-m19-b,28,2024 2025 2026,6,la institución existe; el equipo juvenil no
2,equipo_juvenil,13,"La Plata M15 ""A""",M15,A,urba,rugby,https://urbaimagenes-cddyfadwc8dqcchn.z03.azurefd.net/img/clubs/laplata.png,la-plata-m15-a,13,2021 2022 2023 2024 2025 2026,9,la institución existe; el equipo juvenil no
2,equipo_juvenil,13,"La Plata M15 ""B""",M15,B,urba,rugby,https://urbaimagenes-cddyfadwc8dqcchn.z03.azurefd.net/img/clubs/laplata.png,la-plata-m15-b,13,2021 2022 2023 2024 2025 2026,10,la institución existe; el equipo juvenil no
2,equipo_juvenil,13,"La Plata M15 ""C""",M15,C,urba,rugby,https://urbaimagenes-cddyfadwc8dqcchn.z03.azurefd.net/img/clubs/laplata.png,la-plata-m15-c,13,2021 2022 2023 2025 2026,7,la institución existe; el equipo juvenil no
2,equipo_juvenil,13,"La Plata M16 ""A""",M16,A,urba,rugby,https://urbaimagenes-cddyfadwc8dqcchn.z03.azurefd.net/img/clubs/laplata.png,la-plata-m16-a,13,2021 2022 2023 2024 2025 2026,11,la institución existe; el equipo juvenil no
2,equipo_juvenil,13,"La Plata M16 ""B""",M16,B,urba,rugby,https://urbaimagenes-cddyfadwc8dqcchn.z03.azurefd.net/img/clubs/laplata.png,la-plata-m16-b,13,2021 2022 2023 2024 2025 2026,10,la institución existe; el equipo juvenil no
2,equipo_juvenil,13,"La Plata M16 ""C""",M16,C,urba,rugby,https://urbaimagenes-cddyfadwc8dqcchn.z03.azurefd.net/img/clubs/laplata.png,la-plata-m16-c,13,2021 2022 2023 2024 2025 2026,10,la institución existe; el equipo juvenil no
2,equipo_juvenil,13,"La Plata M17 ""C""",M17,C,urba,rugby,https://urbaimagenes-cddyfadwc8dqcchn.z03.azurefd.net/img/clubs/laplata.png,la-plata-m17-c,13,2021 2023 2024 2025 2026,9,la institución existe; el equipo juvenil no
2,equipo_juvenil,13,"La Plata M18 ""A""",M18,A,urba,rugby,https://urbaimagenes-cddyfadwc8dqcchn.z03.azurefd.net/img/clubs/laplata.png,la-plata-m18-a,13,2021,2,la institución existe; el equipo juvenil no
2,equipo_juvenil,13,"La Plata M18 ""B""",M18,B,urba,rugby,https://urbaimagenes-cddyfadwc8dqcchn.z03.azurefd.net/img/clubs/laplata.png,la-plata-m18-b,13,2021,1,la institución existe; el equipo juvenil no
2,equipo_juvenil,13,"La Plata M19 ""C""",M19,C,urba,rugby,https://urbaimagenes-cddyfadwc8dqcchn.z03.azurefd.net/img/clubs/laplata.png,la-plata-m19-c,13,2022 2023 2025 2026,8,la institución existe; el equipo juvenil no
2,equipo_juvenil,13,"La Plata M19 ""D""",M19,D,urba,rugby,https://urbaimagenes-cddyfadwc8dqcchn.z03.azurefd.net/img/clubs/laplata.png,la-plata-m19-d,13,2024 2025 2026,6,la institución existe; el equipo juvenil no
2,equipo_juvenil,13,"La Plata M19 ""E""",M19,E,urba,rugby,https://urbaimagenes-cddyfadwc8dqcchn.z03.azurefd.net/img/clubs/laplata.png,la-plata-m19-e,13,2024 2025,4,la institución existe; el equipo juvenil no
2,equipo_juvenil,13,"La Plata M20 ""A""",M20,A,urba,rugby,https://urbaimagenes-cddyfadwc8dqcchn.z03.azurefd.net/img/clubs/laplata.png,la-plata-m20-a,13,2021,2,la institución existe; el equipo juvenil no
2,equipo_juvenil,13,"La Plata M20 ""B""",M20,B,urba,rugby,https://urbaimagenes-cddyfadwc8dqcchn.z03.azurefd.net/img/clubs/laplata.png,la-plata-m20-b,13,2021,2,la institución existe; el equipo juvenil no
2,equipo_juvenil,13,La Plata M22,M22,"",urba,rugby,https://urbaimagenes-cddyfadwc8dqcchn.z03.azurefd.net/img/clubs/laplata.png,la-plata-m22,13,2024 2025 2026,3,la institución existe; el equipo juvenil no
2,equipo_juvenil,51,Lanús R.C. M15,M15,"",urba,rugby,https://urbaimagenes-cddyfadwc8dqcchn.z03.azurefd.net/img/clubs/lanus.png,lanus-r-c-m15,51,2021 2022 2023 2024 2025 2026,10,la institución existe; el equipo juvenil no
2,equipo_juvenil,51,Lanús R.C. M16,M16,"",urba,rugby,https://urbaimagenes-cddyfadwc8dqcchn.z03.azurefd.net/img/clubs/lanus.png,lanus-r-c-m16,51,2021 2022 2023 2024 2025 2026,11,la institución existe; el equipo juvenil no
2,equipo_juvenil,51,Lanús R.C. M17,M17,"",urba,rugby,https://urbaimagenes-cddyfadwc8dqcchn.z03.azurefd.net/img/clubs/lanus.png,lanus-r-c-m17,51,2022 2023 2024 2025 2026,9,la institución existe; el equipo juvenil no
2,equipo_juvenil,51,"Lanús R.C. M18 ""A""",M18,A,urba,rugby,https://urbaimagenes-cddyfadwc8dqcchn.z03.azurefd.net/img/clubs/lanus.png,lanus-r-c-m18-a,51,2021,2,la institución existe; el equipo juvenil no
2,equipo_juvenil,51,"Lanús R.C. M18 ""B""",M18,B,urba,rugby,https://urbaimagenes-cddyfadwc8dqcchn.z03.azurefd.net/img/clubs/lanus.png,lanus-r-c-m18-b,51,2021,1,la institución existe; el equipo juvenil no
2,equipo_juvenil,51,Lanús R.C. M19,M19,"",urba,rugby,https://urbaimagenes-cddyfadwc8dqcchn.z03.azurefd.net/img/clubs/lanus.png,lanus-r-c-m19,51,2023 2024 2025 2026,8,la institución existe; el equipo juvenil no
2,equipo_juvenil,51,"Lanús R.C. M19 ""A""",M19,A,urba,rugby,https://urbaimagenes-cddyfadwc8dqcchn.z03.azurefd.net/img/clubs/lanus.png,lanus-r-c-m19-a,51,2022,2,la institución existe; el equipo juvenil no
2,equipo_juvenil,51,"Lanús R.C. M19 ""B""",M19,B,urba,rugby,https://urbaimagenes-cddyfadwc8dqcchn.z03.azurefd.net/img/clubs/lanus.png,lanus-r-c-m19-b,51,2022,2,la institución existe; el equipo juvenil no
2,equipo_juvenil,51,Lanús R.C. M20,M20,"",urba,rugby,https://urbaimagenes-cddyfadwc8dqcchn.z03.azurefd.net/img/clubs/lanus.png,lanus-r-c-m20,51,2021,1,la institución existe; el equipo juvenil no
2,equipo_juvenil,36,Liceo Militar M15,M15,"",urba,rugby,https://urbaimagenes-cddyfadwc8dqcchn.z03.azurefd.net/img/clubs/liceomilitar.png,liceo-militar-m15,36,2021 2022 2023 2024 2025 2026,9,la institución existe; el equipo juvenil no
2,equipo_juvenil,36,"Liceo Militar M15 ""A""",M15,A,urba,rugby,https://urbaimagenes-cddyfadwc8dqcchn.z03.azurefd.net/img/clubs/liceomilitar.png,liceo-militar-m15-a,36,2024,1,la institución existe; el equipo juvenil no
2,equipo_juvenil,36,"Liceo Militar M15 ""B""",M15,B,urba,rugby,https://urbaimagenes-cddyfadwc8dqcchn.z03.azurefd.net/img/clubs/liceomilitar.png,liceo-militar-m15-b,36,2024,1,la institución existe; el equipo juvenil no
2,equipo_juvenil,36,Liceo Militar M16,M16,"",urba,rugby,https://urbaimagenes-cddyfadwc8dqcchn.z03.azurefd.net/img/clubs/liceomilitar.png,liceo-militar-m16,36,2021 2022 2023 2024 2025 2026,9,la institución existe; el equipo juvenil no
2,equipo_juvenil,36,"Liceo Militar M16 ""A""",M16,A,urba,rugby,https://urbaimagenes-cddyfadwc8dqcchn.z03.azurefd.net/img/clubs/liceomilitar.png,liceo-militar-m16-a,36,2025,1,la institución existe; el equipo juvenil no
2,equipo_juvenil,36,"Liceo Militar M16 ""B""",M16,B,urba,rugby,https://urbaimagenes-cddyfadwc8dqcchn.z03.azurefd.net/img/clubs/liceomilitar.png,liceo-militar-m16-b,36,2025,1,la institución existe; el equipo juvenil no
2,equipo_juvenil,36,Liceo Militar M17,M17,"",urba,rugby,https://urbaimagenes-cddyfadwc8dqcchn.z03.azurefd.net/img/clubs/liceomilitar.png,liceo-militar-m17,36,2022 2023 2024 2025 2026,8,la institución existe; el equipo juvenil no
2,equipo_juvenil,36,"Liceo Militar M17 ""A""",M17,A,urba,rugby,https://urbaimagenes-cddyfadwc8dqcchn.z03.azurefd.net/img/clubs/liceomilitar.png,liceo-militar-m17-a,36,2021,2,la institución existe; el equipo juvenil no
2,equipo_juvenil,36,"Liceo Militar M17 ""B""",M17,B,urba,rugby,https://urbaimagenes-cddyfadwc8dqcchn.z03.azurefd.net/img/clubs/liceomilitar.png,liceo-militar-m17-b,36,2021,2,la institución existe; el equipo juvenil no
2,equipo_juvenil,36,Liceo Militar M18,M18,"",urba,rugby,https://urbaimagenes-cddyfadwc8dqcchn.z03.azurefd.net/img/clubs/liceomilitar.png,liceo-militar-m18,36,2021,2,la institución existe; el equipo juvenil no
2,equipo_juvenil,36,Liceo Militar M19,M19,"",urba,rugby,https://urbaimagenes-cddyfadwc8dqcchn.z03.azurefd.net/img/clubs/liceomilitar.png,liceo-militar-m19,36,2024 2025 2026,6,la institución existe; el equipo juvenil no
2,equipo_juvenil,36,"Liceo Militar M19 ""A""",M19,A,urba,rugby,https://urbaimagenes-cddyfadwc8dqcchn.z03.azurefd.net/img/clubs/liceomilitar.png,liceo-militar-m19-a,36,2022 2023,4,la institución existe; el equipo juvenil no
2,equipo_juvenil,36,"Liceo Militar M19 ""B""",M19,B,urba,rugby,https://urbaimagenes-cddyfadwc8dqcchn.z03.azurefd.net/img/clubs/liceomilitar.png,liceo-militar-m19-b,36,2022 2023,4,la institución existe; el equipo juvenil no
2,equipo_juvenil,36,Liceo Militar M20,M20,"",urba,rugby,https://urbaimagenes-cddyfadwc8dqcchn.z03.azurefd.net/img/clubs/liceomilitar.png,liceo-militar-m20,36,2021,2,la institución existe; el equipo juvenil no
2,equipo_juvenil,38,"Liceo Naval M15 ""A""",M15,A,urba,rugby,https://urbaimagenes-cddyfadwc8dqcchn.z03.azurefd.net/img/clubs/liceonaval.png,liceo-naval-m15-a,38,2021 2022 2023 2024 2025 2026,10,la institución existe; el equipo juvenil no
2,equipo_juvenil,38,"Liceo Naval M15 ""B""",M15,B,urba,rugby,https://urbaimagenes-cddyfadwc8dqcchn.z03.azurefd.net/img/clubs/liceonaval.png,liceo-naval-m15-b,38,2021 2022 2023 2024 2025 2026,10,la institución existe; el equipo juvenil no
2,equipo_juvenil,38,"Liceo Naval M15 ""C""",M15,C,urba,rugby,https://urbaimagenes-cddyfadwc8dqcchn.z03.azurefd.net/img/clubs/liceonaval.png,liceo-naval-m15-c,38,2025,1,la institución existe; el equipo juvenil no
2,equipo_juvenil,38,"Liceo Naval M16 ""A""",M16,A,urba,rugby,https://urbaimagenes-cddyfadwc8dqcchn.z03.azurefd.net/img/clubs/liceonaval.png,liceo-naval-m16-a,38,2021 2022 2023 2024 2025 2026,11,la institución existe; el equipo juvenil no
2,equipo_juvenil,38,"Liceo Naval M16 ""B""",M16,B,urba,rugby,https://urbaimagenes-cddyfadwc8dqcchn.z03.azurefd.net/img/clubs/liceonaval.png,liceo-naval-m16-b,38,2021 2022 2023 2024 2025 2026,11,la institución existe; el equipo juvenil no
2,equipo_juvenil,38,"Liceo Naval M16 ""C""",M16,C,urba,rugby,https://urbaimagenes-cddyfadwc8dqcchn.z03.azurefd.net/img/clubs/liceonaval.png,liceo-naval-m16-c,38,2026,1,la institución existe; el equipo juvenil no
2,equipo_juvenil,38,Liceo Naval M17,M17,"",urba,rugby,https://urbaimagenes-cddyfadwc8dqcchn.z03.azurefd.net/img/clubs/liceonaval.png,liceo-naval-m17,38,2021,2,la institución existe; el equipo juvenil no
2,equipo_juvenil,38,"Liceo Naval M17 ""C""",M17,C,urba,rugby,https://urbaimagenes-cddyfadwc8dqcchn.z03.azurefd.net/img/clubs/liceonaval.png,liceo-naval-m17-c,38,2026,1,la institución existe; el equipo juvenil no
2,equipo_juvenil,38,"Liceo Naval M18 ""A""",M18,A,urba,rugby,https://urbaimagenes-cddyfadwc8dqcchn.z03.azurefd.net/img/clubs/liceonaval.png,liceo-naval-m18-a,38,2021,2,la institución existe; el equipo juvenil no
2,equipo_juvenil,38,"Liceo Naval M18 ""B""",M18,B,urba,rugby,https://urbaimagenes-cddyfadwc8dqcchn.z03.azurefd.net/img/clubs/liceonaval.png,liceo-naval-m18-b,38,2021,2,la institución existe; el equipo juvenil no
2,equipo_juvenil,38,"Liceo Naval M19 ""C""",M19,C,urba,rugby,https://urbaimagenes-cddyfadwc8dqcchn.z03.azurefd.net/img/clubs/liceonaval.png,liceo-naval-m19-c,38,2024 2025 2026,6,la institución existe; el equipo juvenil no
2,equipo_juvenil,38,"Liceo Naval M20 ""A""",M20,A,urba,rugby,https://urbaimagenes-cddyfadwc8dqcchn.z03.azurefd.net/img/clubs/liceonaval.png,liceo-naval-m20-a,38,2021,2,la institución existe; el equipo juvenil no
2,equipo_juvenil,38,"Liceo Naval M20 ""B""",M20,B,urba,rugby,https://urbaimagenes-cddyfadwc8dqcchn.z03.azurefd.net/img/clubs/liceonaval.png,liceo-naval-m20-b,38,2021,2,la institución existe; el equipo juvenil no
2,equipo_juvenil,15,"Lomas Athletic M15 ""A""",M15,A,urba,rugby,https://urbaimagenes-cddyfadwc8dqcchn.z03.azurefd.net/img/clubs/lomasathletic.png,lomas-athletic-m15-a,15,2021 2022 2023 2024 2025 2026,9,la institución existe; el equipo juvenil no
2,equipo_juvenil,15,"Lomas Athletic M15 ""B""",M15,B,urba,rugby,https://urbaimagenes-cddyfadwc8dqcchn.z03.azurefd.net/img/clubs/lomasathletic.png,lomas-athletic-m15-b,15,2021 2022 2023 2024 2025 2026,10,la institución existe; el equipo juvenil no
2,equipo_juvenil,15,"Lomas Athletic M15 ""C""",M15,C,urba,rugby,https://urbaimagenes-cddyfadwc8dqcchn.z03.azurefd.net/img/clubs/lomasathletic.png,lomas-athletic-m15-c,15,2024 2025,3,la institución existe; el equipo juvenil no
2,equipo_juvenil,15,Lomas Athletic M16,M16,"",urba,rugby,https://urbaimagenes-cddyfadwc8dqcchn.z03.azurefd.net/img/clubs/lomasathletic.png,lomas-athletic-m16,15,2021,2,la institución existe; el equipo juvenil no
2,equipo_juvenil,15,"Lomas Athletic M16 ""A""",M16,A,urba,rugby,https://urbaimagenes-cddyfadwc8dqcchn.z03.azurefd.net/img/clubs/lomasathletic.png,lomas-athletic-m16-a,15,2022 2023 2024 2025 2026,9,la institución existe; el equipo juvenil no
2,equipo_juvenil,15,"Lomas Athletic M16 ""B""",M16,B,urba,rugby,https://urbaimagenes-cddyfadwc8dqcchn.z03.azurefd.net/img/clubs/lomasathletic.png,lomas-athletic-m16-b,15,2022 2023 2024 2025 2026,8,la institución existe; el equipo juvenil no
2,equipo_juvenil,15,"Lomas Athletic M16 ""C""",M16,C,urba,rugby,https://urbaimagenes-cddyfadwc8dqcchn.z03.azurefd.net/img/clubs/lomasathletic.png,lomas-athletic-m16-c,15,2024 2026,2,la institución existe; el equipo juvenil no
2,equipo_juvenil,15,Lomas Athletic M17,M17,"",urba,rugby,https://urbaimagenes-cddyfadwc8dqcchn.z03.azurefd.net/img/clubs/lomasathletic.png,lomas-athletic-m17,15,2022,1,la institución existe; el equipo juvenil no
2,equipo_juvenil,15,"Lomas Athletic M18 ""A""",M18,A,urba,rugby,https://urbaimagenes-cddyfadwc8dqcchn.z03.azurefd.net/img/clubs/lomasathletic.png,lomas-athletic-m18-a,15,2021,2,la institución existe; el equipo juvenil no
2,equipo_juvenil,15,"Lomas Athletic M18 ""B""",M18,B,urba,rugby,https://urbaimagenes-cddyfadwc8dqcchn.z03.azurefd.net/img/clubs/lomasathletic.png,lomas-athletic-m18-b,15,2021,1,la institución existe; el equipo juvenil no
2,equipo_juvenil,15,"Lomas Athletic M19 ""C""",M19,C,urba,rugby,https://urbaimagenes-cddyfadwc8dqcchn.z03.azurefd.net/img/clubs/lomasathletic.png,lomas-athletic-m19-c,15,2025 2026,4,la institución existe; el equipo juvenil no
2,equipo_juvenil,23,"Los Matreros M15 ""A""",M15,A,urba,rugby,https://urbaimagenes-cddyfadwc8dqcchn.z03.azurefd.net/img/clubs/losmatreros.png,los-matreros-m15-a,23,2021 2022 2023 2024 2025 2026,10,la institución existe; el equipo juvenil no
2,equipo_juvenil,23,"Los Matreros M15 ""B""",M15,B,urba,rugby,https://urbaimagenes-cddyfadwc8dqcchn.z03.azurefd.net/img/clubs/losmatreros.png,los-matreros-m15-b,23,2021 2022 2023 2024 2025 2026,10,la institución existe; el equipo juvenil no
2,equipo_juvenil,23,"Los Matreros M15 ""C""",M15,C,urba,rugby,https://urbaimagenes-cddyfadwc8dqcchn.z03.azurefd.net/img/clubs/losmatreros.png,los-matreros-m15-c,23,2022,2,la institución existe; el equipo juvenil no
2,equipo_juvenil,23,"Los Matreros M16 ""A""",M16,A,urba,rugby,https://urbaimagenes-cddyfadwc8dqcchn.z03.azurefd.net/img/clubs/losmatreros.png,los-matreros-m16-a,23,2021 2022 2023 2024 2025 2026,10,la institución existe; el equipo juvenil no
2,equipo_juvenil,23,"Los Matreros M16 ""B""",M16,B,urba,rugby,https://urbaimagenes-cddyfadwc8dqcchn.z03.azurefd.net/img/clubs/losmatreros.png,los-matreros-m16-b,23,2021 2022 2023 2024 2025 2026,11,la institución existe; el equipo juvenil no
2,equipo_juvenil,23,"Los Matreros M16 ""C""",M16,C,urba,rugby,https://urbaimagenes-cddyfadwc8dqcchn.z03.azurefd.net/img/clubs/losmatreros.png,los-matreros-m16-c,23,2023,2,la institución existe; el equipo juvenil no
2,equipo_juvenil,23,Los Matreros M17,M17,"",urba,rugby,https://urbaimagenes-cddyfadwc8dqcchn.z03.azurefd.net/img/clubs/losmatreros.png,los-matreros-m17,23,2023,1,la institución existe; el equipo juvenil no
2,equipo_juvenil,23,"Los Matreros M17 ""C""",M17,C,urba,rugby,https://urbaimagenes-cddyfadwc8dqcchn.z03.azurefd.net/img/clubs/losmatreros.png,los-matreros-m17-c,23,2024,2,la institución existe; el equipo juvenil no
2,equipo_juvenil,23,"Los Matreros M18 ""A""",M18,A,urba,rugby,https://urbaimagenes-cddyfadwc8dqcchn.z03.azurefd.net/img/clubs/losmatreros.png,los-matreros-m18-a,23,2021,2,la institución existe; el equipo juvenil no
2,equipo_juvenil,23,"Los Matreros M18 ""B""",M18,B,urba,rugby,https://urbaimagenes-cddyfadwc8dqcchn.z03.azurefd.net/img/clubs/losmatreros.png,los-matreros-m18-b,23,2021,2,la institución existe; el equipo juvenil no
2,equipo_juvenil,23,"Los Matreros M19 ""A""",M19,A,urba,rugby,https://urbaimagenes-cddyfadwc8dqcchn.z03.azurefd.net/img/clubs/losmatreros.png,los-matreros-m19-a,23,2022 2023 2024 2025 2026,10,la institución existe; el equipo juvenil no
2,equipo_juvenil,23,"Los Matreros M19 ""B""",M19,B,urba,rugby,https://urbaimagenes-cddyfadwc8dqcchn.z03.azurefd.net/img/clubs/losmatreros.png,los-matreros-m19-b,23,2022 2023 2024 2025 2026,9,la institución existe; el equipo juvenil no
2,equipo_juvenil,23,"Los Matreros M19 ""C""",M19,C,urba,rugby,https://urbaimagenes-cddyfadwc8dqcchn.z03.azurefd.net/img/clubs/losmatreros.png,los-matreros-m19-c,23,2023 2025 2026,6,la institución existe; el equipo juvenil no
2,equipo_juvenil,23,"Los Matreros M20 ""A""",M20,A,urba,rugby,https://urbaimagenes-cddyfadwc8dqcchn.z03.azurefd.net/img/clubs/losmatreros.png,los-matreros-m20-a,23,2021,2,la institución existe; el equipo juvenil no
2,equipo_juvenil,23,"Los Matreros M20 ""B""",M20,B,urba,rugby,https://urbaimagenes-cddyfadwc8dqcchn.z03.azurefd.net/img/clubs/losmatreros.png,los-matreros-m20-b,23,2021,2,la institución existe; el equipo juvenil no
2,equipo_juvenil,65,Los Molinos M15,M15,"",urba,rugby,https://urbaimagenes-cddyfadwc8dqcchn.z03.azurefd.net/img/clubs/losmolinos.png,los-molinos-m15,65,2021 2022 2023 2024,5,la institución existe; el equipo juvenil no
2,equipo_juvenil,65,"Los Molinos M15 ""A""",M15,A,urba,rugby,https://urbaimagenes-cddyfadwc8dqcchn.z03.azurefd.net/img/clubs/losmolinos.png,los-molinos-m15-a,65,2022 2025 2026,4,la institución existe; el equipo juvenil no
2,equipo_juvenil,65,"Los Molinos M15 ""B""",M15,B,urba,rugby,https://urbaimagenes-cddyfadwc8dqcchn.z03.azurefd.net/img/clubs/losmolinos.png,los-molinos-m15-b,65,2022 2025 2026,4,la institución existe; el equipo juvenil no
2,equipo_juvenil,65,"Los Molinos M15 ""C""",M15,C,urba,rugby,https://urbaimagenes-cddyfadwc8dqcchn.z03.azurefd.net/img/clubs/losmolinos.png,los-molinos-m15-c,65,2026,1,la institución existe; el equipo juvenil no
2,equipo_juvenil,65,Los Molinos M16,M16,"",urba,rugby,https://urbaimagenes-cddyfadwc8dqcchn.z03.azurefd.net/img/clubs/losmolinos.png,los-molinos-m16,65,2021 2022 2024,6,la institución existe; el equipo juvenil no
2,equipo_juvenil,65,"Los Molinos M16 ""A""",M16,A,urba,rugby,https://urbaimagenes-cddyfadwc8dqcchn.z03.azurefd.net/img/clubs/losmolinos.png,los-molinos-m16-a,65,2023 2025 2026,5,la institución existe; el equipo juvenil no
2,equipo_juvenil,65,"Los Molinos M16 ""B""",M16,B,urba,rugby,https://urbaimagenes-cddyfadwc8dqcchn.z03.azurefd.net/img/clubs/losmolinos.png,los-molinos-m16-b,65,2025 2026,3,la institución existe; el equipo juvenil no
2,equipo_juvenil,65,Los Molinos M17,M17,"",urba,rugby,https://urbaimagenes-cddyfadwc8dqcchn.z03.azurefd.net/img/clubs/losmolinos.png,los-molinos-m17,65,2021 2022 2023,5,la institución existe; el equipo juvenil no
2,equipo_juvenil,65,"Los Molinos M17 ""A""",M17,A,urba,rugby,https://urbaimagenes-cddyfadwc8dqcchn.z03.azurefd.net/img/clubs/losmolinos.png,los-molinos-m17-a,65,2024 2025 2026,5,la institución existe; el equipo juvenil no
2,equipo_juvenil,65,"Los Molinos M17 ""B""",M17,B,urba,rugby,https://urbaimagenes-cddyfadwc8dqcchn.z03.azurefd.net/img/clubs/losmolinos.png,los-molinos-m17-b,65,2024 2025 2026,5,la institución existe; el equipo juvenil no
2,equipo_juvenil,65,Los Molinos M19,M19,"",urba,rugby,https://urbaimagenes-cddyfadwc8dqcchn.z03.azurefd.net/img/clubs/losmolinos.png,los-molinos-m19,65,2022,2,la institución existe; el equipo juvenil no
2,equipo_juvenil,65,"Los Molinos M19 ""A""",M19,A,urba,rugby,https://urbaimagenes-cddyfadwc8dqcchn.z03.azurefd.net/img/clubs/losmolinos.png,los-molinos-m19-a,65,2023 2024 2025 2026,8,la institución existe; el equipo juvenil no
2,equipo_juvenil,65,"Los Molinos M19 ""B""",M19,B,urba,rugby,https://urbaimagenes-cddyfadwc8dqcchn.z03.azurefd.net/img/clubs/losmolinos.png,los-molinos-m19-b,65,2023 2024 2025 2026,7,la institución existe; el equipo juvenil no
2,equipo_juvenil,65,"Los Molinos M19 ""C""",M19,C,urba,rugby,https://urbaimagenes-cddyfadwc8dqcchn.z03.azurefd.net/img/clubs/losmolinos.png,los-molinos-m19-c,65,2026,2,la institución existe; el equipo juvenil no
2,equipo_juvenil,26,"Los Tilos M15 ""A""",M15,A,urba,rugby,https://urbaimagenes-cddyfadwc8dqcchn.z03.azurefd.net/img/clubs/lostilos.png,los-tilos-m15-a,26,2021 2022 2023 2024 2025 2026,10,la institución existe; el equipo juvenil no
2,equipo_juvenil,26,"Los Tilos M15 ""B""",M15,B,urba,rugby,https://urbaimagenes-cddyfadwc8dqcchn.z03.azurefd.net/img/clubs/lostilos.png,los-tilos-m15-b,26,2021 2022 2023 2024 2025 2026,10,la institución existe; el equipo juvenil no
2,equipo_juvenil,26,"Los Tilos M15 ""C""",M15,C,urba,rugby,https://urbaimagenes-cddyfadwc8dqcchn.z03.azurefd.net/img/clubs/lostilos.png,los-tilos-m15-c,26,2023 2025,3,la institución existe; el equipo juvenil no
2,equipo_juvenil,26,"Los Tilos M16 ""A""",M16,A,urba,rugby,https://urbaimagenes-cddyfadwc8dqcchn.z03.azurefd.net/img/clubs/lostilos.png,los-tilos-m16-a,26,2021 2022 2023 2024 2025 2026,11,la institución existe; el equipo juvenil no
2,equipo_juvenil,26,"Los Tilos M16 ""B""",M16,B,urba,rugby,https://urbaimagenes-cddyfadwc8dqcchn.z03.azurefd.net/img/clubs/lostilos.png,los-tilos-m16-b,26,2021 2022 2023 2024 2025 2026,11,la institución existe; el equipo juvenil no
2,equipo_juvenil,26,"Los Tilos M16 ""C""",M16,C,urba,rugby,https://urbaimagenes-cddyfadwc8dqcchn.z03.azurefd.net/img/clubs/lostilos.png,los-tilos-m16-c,26,2023 2024 2025 2026,6,la institución existe; el equipo juvenil no
2,equipo_juvenil,26,"Los Tilos M17 ""C""",M17,C,urba,rugby,https://urbaimagenes-cddyfadwc8dqcchn.z03.azurefd.net/img/clubs/lostilos.png,los-tilos-m17-c,26,2022 2024 2025 2026,7,la institución existe; el equipo juvenil no
2,equipo_juvenil,26,"Los Tilos M17 ""D""",M17,D,urba,rugby,https://urbaimagenes-cddyfadwc8dqcchn.z03.azurefd.net/img/clubs/lostilos.png,los-tilos-m17-d,26,2024,1,la institución existe; el equipo juvenil no
2,equipo_juvenil,26,"Los Tilos M18 ""A""",M18,A,urba,rugby,https://urbaimagenes-cddyfadwc8dqcchn.z03.azurefd.net/img/clubs/lostilos.png,los-tilos-m18-a,26,2021,2,la institución existe; el equipo juvenil no
2,equipo_juvenil,26,"Los Tilos M18 ""B""",M18,B,urba,rugby,https://urbaimagenes-cddyfadwc8dqcchn.z03.azurefd.net/img/clubs/lostilos.png,los-tilos-m18-b,26,2021,1,la institución existe; el equipo juvenil no
2,equipo_juvenil,26,"Los Tilos M19 ""C""",M19,C,urba,rugby,https://urbaimagenes-cddyfadwc8dqcchn.z03.azurefd.net/img/clubs/lostilos.png,los-tilos-m19-c,26,2022 2023 2024 2025 2026,10,la institución existe; el equipo juvenil no
2,equipo_juvenil,26,"Los Tilos M19 ""D""",M19,D,urba,rugby,https://urbaimagenes-cddyfadwc8dqcchn.z03.azurefd.net/img/clubs/lostilos.png,los-tilos-m19-d,26,2024 2025 2026,5,la institución existe; el equipo juvenil no
2,equipo_juvenil,26,Los Tilos M22,M22,"",urba,rugby,https://urbaimagenes-cddyfadwc8dqcchn.z03.azurefd.net/img/clubs/lostilos.png,los-tilos-m22,26,2024 2025 2026,3,la institución existe; el equipo juvenil no
2,equipo_juvenil,50,Lujan R.C. M15,M15,"",urba,rugby,https://urbaimagenes-cddyfadwc8dqcchn.z03.azurefd.net/img/clubs/lujan.png,lujan-r-c-m15,50,2022 2023 2024 2025 2026,9,la institución existe; el equipo juvenil no
2,equipo_juvenil,50,Lujan R.C. M16,M16,"",urba,rugby,https://urbaimagenes-cddyfadwc8dqcchn.z03.azurefd.net/img/clubs/lujan.png,lujan-r-c-m16,50,2021 2023 2024 2025 2026,7,la institución existe; el equipo juvenil no
2,equipo_juvenil,50,"Lujan R.C. M16 ""A""",M16,A,urba,rugby,https://urbaimagenes-cddyfadwc8dqcchn.z03.azurefd.net/img/clubs/lujan.png,lujan-r-c-m16-a,50,2025,1,la institución existe; el equipo juvenil no
2,equipo_juvenil,50,"Lujan R.C. M16 ""B""",M16,B,urba,rugby,https://urbaimagenes-cddyfadwc8dqcchn.z03.azurefd.net/img/clubs/lujan.png,lujan-r-c-m16-b,50,2025,1,la institución existe; el equipo juvenil no
2,equipo_juvenil,50,Lujan R.C. M17,M17,"",urba,rugby,https://urbaimagenes-cddyfadwc8dqcchn.z03.azurefd.net/img/clubs/lujan.png,lujan-r-c-m17,50,2022 2023 2024 2025,8,la institución existe; el equipo juvenil no
2,equipo_juvenil,50,"Lujan R.C. M17 ""A""",M17,A,urba,rugby,https://urbaimagenes-cddyfadwc8dqcchn.z03.azurefd.net/img/clubs/lujan.png,lujan-r-c-m17-a,50,2026,1,la institución existe; el equipo juvenil no
2,equipo_juvenil,50,"Lujan R.C. M17 ""B""",M17,B,urba,rugby,https://urbaimagenes-cddyfadwc8dqcchn.z03.azurefd.net/img/clubs/lujan.png,lujan-r-c-m17-b,50,2026,1,la institución existe; el equipo juvenil no
2,equipo_juvenil,50,Lujan R.C. M18,M18,"",urba,rugby,https://urbaimagenes-cddyfadwc8dqcchn.z03.azurefd.net/img/clubs/lujan.png,lujan-r-c-m18,50,2021,1,la institución existe; el equipo juvenil no
2,equipo_juvenil,50,"Lujan R.C. M18 ""A""",M18,A,urba,rugby,https://urbaimagenes-cddyfadwc8dqcchn.z03.azurefd.net/img/clubs/lujan.png,lujan-r-c-m18-a,50,2021,2,la institución existe; el equipo juvenil no
2,equipo_juvenil,50,"Lujan R.C. M18 ""B""",M18,B,urba,rugby,https://urbaimagenes-cddyfadwc8dqcchn.z03.azurefd.net/img/clubs/lujan.png,lujan-r-c-m18-b,50,2021,2,la institución existe; el equipo juvenil no
2,equipo_juvenil,50,Lujan R.C. M19,M19,"",urba,rugby,https://urbaimagenes-cddyfadwc8dqcchn.z03.azurefd.net/img/clubs/lujan.png,lujan-r-c-m19,50,2023 2024 2025,5,la institución existe; el equipo juvenil no
2,equipo_juvenil,50,"Lujan R.C. M19 ""A""",M19,A,urba,rugby,https://urbaimagenes-cddyfadwc8dqcchn.z03.azurefd.net/img/clubs/lujan.png,lujan-r-c-m19-a,50,2022 2025 2026,5,la institución existe; el equipo juvenil no
2,equipo_juvenil,50,"Lujan R.C. M19 ""B""",M19,B,urba,rugby,https://urbaimagenes-cddyfadwc8dqcchn.z03.azurefd.net/img/clubs/lujan.png,lujan-r-c-m19-b,50,2022 2025 2026,5,la institución existe; el equipo juvenil no
2,equipo_juvenil,34,Manuel Belgrano M15,M15,"",urba,rugby,https://urbaimagenes-cddyfadwc8dqcchn.z03.azurefd.net/img/clubs/manuelbelgrano.png,manuel-belgrano-m15,34,2023 2024 2026,3,la institución existe; el equipo juvenil no
2,equipo_juvenil,34,"Manuel Belgrano M15 ""A""",M15,A,urba,rugby,https://urbaimagenes-cddyfadwc8dqcchn.z03.azurefd.net/img/clubs/manuelbelgrano.png,manuel-belgrano-m15-a,34,2021 2022 2023 2024 2025,7,la institución existe; el equipo juvenil no
2,equipo_juvenil,34,"Manuel Belgrano M15 ""B""",M15,B,urba,rugby,https://urbaimagenes-cddyfadwc8dqcchn.z03.azurefd.net/img/clubs/manuelbelgrano.png,manuel-belgrano-m15-b,34,2021 2022 2023 2024 2025,7,la institución existe; el equipo juvenil no
2,equipo_juvenil,34,"Manuel Belgrano M16 ""A""",M16,A,urba,rugby,https://urbaimagenes-cddyfadwc8dqcchn.z03.azurefd.net/img/clubs/manuelbelgrano.png,manuel-belgrano-m16-a,34,2021 2022 2023 2024 2025 2026,10,la institución existe; el equipo juvenil no
2,equipo_juvenil,34,"Manuel Belgrano M16 ""B""",M16,B,urba,rugby,https://urbaimagenes-cddyfadwc8dqcchn.z03.azurefd.net/img/clubs/manuelbelgrano.png,manuel-belgrano-m16-b,34,2021 2022 2023 2024 2025 2026,10,la institución existe; el equipo juvenil no
2,equipo_juvenil,34,Manuel Belgrano M17,M17,"",urba,rugby,https://urbaimagenes-cddyfadwc8dqcchn.z03.azurefd.net/img/clubs/manuelbelgrano.png,manuel-belgrano-m17,34,2021,2,la institución existe; el equipo juvenil no
2,equipo_juvenil,34,"Manuel Belgrano M17 ""A""",M17,A,urba,rugby,https://urbaimagenes-cddyfadwc8dqcchn.z03.azurefd.net/img/clubs/manuelbelgrano.png,manuel-belgrano-m17-a,34,2022 2023 2024 2025 2026,9,la institución existe; el equipo juvenil no
2,equipo_juvenil,34,"Manuel Belgrano M17 ""B""",M17,B,urba,rugby,https://urbaimagenes-cddyfadwc8dqcchn.z03.azurefd.net/img/clubs/manuelbelgrano.png,manuel-belgrano-m17-b,34,2022 2023 2024 2025 2026,9,la institución existe; el equipo juvenil no
2,equipo_juvenil,34,"Manuel Belgrano M18 ""A""",M18,A,urba,rugby,https://urbaimagenes-cddyfadwc8dqcchn.z03.azurefd.net/img/clubs/manuelbelgrano.png,manuel-belgrano-m18-a,34,2021,2,la institución existe; el equipo juvenil no
2,equipo_juvenil,34,"Manuel Belgrano M18 ""B""",M18,B,urba,rugby,https://urbaimagenes-cddyfadwc8dqcchn.z03.azurefd.net/img/clubs/manuelbelgrano.png,manuel-belgrano-m18-b,34,2021,2,la institución existe; el equipo juvenil no
2,equipo_juvenil,34,"Manuel Belgrano M19 ""A""",M19,A,urba,rugby,https://urbaimagenes-cddyfadwc8dqcchn.z03.azurefd.net/img/clubs/manuelbelgrano.png,manuel-belgrano-m19-a,34,2022 2023 2024 2025 2026,10,la institución existe; el equipo juvenil no
2,equipo_juvenil,34,"Manuel Belgrano M19 ""B""",M19,B,urba,rugby,https://urbaimagenes-cddyfadwc8dqcchn.z03.azurefd.net/img/clubs/manuelbelgrano.png,manuel-belgrano-m19-b,34,2022 2023 2024 2025 2026,9,la institución existe; el equipo juvenil no
2,equipo_juvenil,34,"Manuel Belgrano M19 ""C""",M19,C,urba,rugby,https://urbaimagenes-cddyfadwc8dqcchn.z03.azurefd.net/img/clubs/manuelbelgrano.png,manuel-belgrano-m19-c,34,2026,2,la institución existe; el equipo juvenil no
2,equipo_juvenil,39,Mariano Moreno M15,M15,"",urba,rugby,https://urbaimagenes-cddyfadwc8dqcchn.z03.azurefd.net/img/clubs/marianomoreno.png,mariano-moreno-m15,39,2021 2022 2026,3,la institución existe; el equipo juvenil no
2,equipo_juvenil,39,"Mariano Moreno M15 ""A""",M15,A,urba,rugby,https://urbaimagenes-cddyfadwc8dqcchn.z03.azurefd.net/img/clubs/marianomoreno.png,mariano-moreno-m15-a,39,2022 2023 2024 2025,6,la institución existe; el equipo juvenil no
2,equipo_juvenil,39,"Mariano Moreno M15 ""B""",M15,B,urba,rugby,https://urbaimagenes-cddyfadwc8dqcchn.z03.azurefd.net/img/clubs/marianomoreno.png,mariano-moreno-m15-b,39,2022 2023 2024 2025,7,la institución existe; el equipo juvenil no
2,equipo_juvenil,39,Mariano Moreno M16,M16,"",urba,rugby,https://urbaimagenes-cddyfadwc8dqcchn.z03.azurefd.net/img/clubs/marianomoreno.png,mariano-moreno-m16,39,2022,2,la institución existe; el equipo juvenil no
2,equipo_juvenil,39,"Mariano Moreno M16 ""A""",M16,A,urba,rugby,https://urbaimagenes-cddyfadwc8dqcchn.z03.azurefd.net/img/clubs/marianomoreno.png,mariano-moreno-m16-a,39,2021 2023 2024 2025 2026,8,la institución existe; el equipo juvenil no
2,equipo_juvenil,39,"Mariano Moreno M16 ""B""",M16,B,urba,rugby,https://urbaimagenes-cddyfadwc8dqcchn.z03.azurefd.net/img/clubs/marianomoreno.png,mariano-moreno-m16-b,39,2021 2023 2024 2025 2026,8,la institución existe; el equipo juvenil no
2,equipo_juvenil,39,Mariano Moreno M17,M17,"",urba,rugby,https://urbaimagenes-cddyfadwc8dqcchn.z03.azurefd.net/img/clubs/marianomoreno.png,mariano-moreno-m17,39,2023,2,la institución existe; el equipo juvenil no
2,equipo_juvenil,39,"Mariano Moreno M17 ""A""",M17,A,urba,rugby,https://urbaimagenes-cddyfadwc8dqcchn.z03.azurefd.net/img/clubs/marianomoreno.png,mariano-moreno-m17-a,39,2021 2022 2024 2025 2026,9,la institución existe; el equipo juvenil no
2,equipo_juvenil,39,"Mariano Moreno M17 ""B""",M17,B,urba,rugby,https://urbaimagenes-cddyfadwc8dqcchn.z03.azurefd.net/img/clubs/marianomoreno.png,mariano-moreno-m17-b,39,2021 2022 2024 2025 2026,9,la institución existe; el equipo juvenil no
2,equipo_juvenil,39,"Mariano Moreno M18 ""A""",M18,A,urba,rugby,https://urbaimagenes-cddyfadwc8dqcchn.z03.azurefd.net/img/clubs/marianomoreno.png,mariano-moreno-m18-a,39,2021,2,la institución existe; el equipo juvenil no
2,equipo_juvenil,39,"Mariano Moreno M18 ""B""",M18,B,urba,rugby,https://urbaimagenes-cddyfadwc8dqcchn.z03.azurefd.net/img/clubs/marianomoreno.png,mariano-moreno-m18-b,39,2021,2,la institución existe; el equipo juvenil no
2,equipo_juvenil,39,"Mariano Moreno M19 ""A""",M19,A,urba,rugby,https://urbaimagenes-cddyfadwc8dqcchn.z03.azurefd.net/img/clubs/marianomoreno.png,mariano-moreno-m19-a,39,2022 2023 2024 2025 2026,10,la institución existe; el equipo juvenil no
2,equipo_juvenil,39,"Mariano Moreno M19 ""B""",M19,B,urba,rugby,https://urbaimagenes-cddyfadwc8dqcchn.z03.azurefd.net/img/clubs/marianomoreno.png,mariano-moreno-m19-b,39,2022 2023 2024 2025 2026,9,la institución existe; el equipo juvenil no
2,equipo_juvenil,39,"Mariano Moreno M19 ""C""",M19,C,urba,rugby,https://urbaimagenes-cddyfadwc8dqcchn.z03.azurefd.net/img/clubs/marianomoreno.png,mariano-moreno-m19-c,39,2022,2,la institución existe; el equipo juvenil no
2,equipo_juvenil,39,"Mariano Moreno M20 ""A""",M20,A,urba,rugby,https://urbaimagenes-cddyfadwc8dqcchn.z03.azurefd.net/img/clubs/marianomoreno.png,mariano-moreno-m20-a,39,2021,2,la institución existe; el equipo juvenil no
2,equipo_juvenil,39,"Mariano Moreno M20 ""B""",M20,B,urba,rugby,https://urbaimagenes-cddyfadwc8dqcchn.z03.azurefd.net/img/clubs/marianomoreno.png,mariano-moreno-m20-b,39,2021,2,la institución existe; el equipo juvenil no
2,equipo_juvenil,41,Monte Grande M15,M15,"",urba,rugby,https://urbaimagenes-cddyfadwc8dqcchn.z03.azurefd.net/img/clubs/montegrande.png,monte-grande-m15,41,2021 2025,3,la institución existe; el equipo juvenil no
2,equipo_juvenil,41,"Monte Grande M15 ""A""",M15,A,urba,rugby,https://urbaimagenes-cddyfadwc8dqcchn.z03.azurefd.net/img/clubs/montegrande.png,monte-grande-m15-a,41,2023 2024 2026,5,la institución existe; el equipo juvenil no
2,equipo_juvenil,41,"Monte Grande M15 ""B""",M15,B,urba,rugby,https://urbaimagenes-cddyfadwc8dqcchn.z03.azurefd.net/img/clubs/montegrande.png,monte-grande-m15-b,41,2023 2024 2026,5,la institución existe; el equipo juvenil no
2,equipo_juvenil,41,Monte Grande M16,M16,"",urba,rugby,https://urbaimagenes-cddyfadwc8dqcchn.z03.azurefd.net/img/clubs/montegrande.png,monte-grande-m16,41,2021 2022 2025 2026,7,la institución existe; el equipo juvenil no
2,equipo_juvenil,41,"Monte Grande M16 ""A""",M16,A,urba,rugby,https://urbaimagenes-cddyfadwc8dqcchn.z03.azurefd.net/img/clubs/montegrande.png,monte-grande-m16-a,41,2024,2,la institución existe; el equipo juvenil no
2,equipo_juvenil,41,"Monte Grande M16 ""B""",M16,B,urba,rugby,https://urbaimagenes-cddyfadwc8dqcchn.z03.azurefd.net/img/clubs/montegrande.png,monte-grande-m16-b,41,2024,2,la institución existe; el equipo juvenil no
2,equipo_juvenil,41,Monte Grande M17,M17,"",urba,rugby,https://urbaimagenes-cddyfadwc8dqcchn.z03.azurefd.net/img/clubs/montegrande.png,monte-grande-m17,41,2021 2022 2023 2024 2025 2026,10,la institución existe; el equipo juvenil no
2,equipo_juvenil,41,Monte Grande M18,M18,"",urba,rugby,https://urbaimagenes-cddyfadwc8dqcchn.z03.azurefd.net/img/clubs/montegrande.png,monte-grande-m18,41,2021,2,la institución existe; el equipo juvenil no
2,equipo_juvenil,41,Monte Grande M19,M19,"",urba,rugby,https://urbaimagenes-cddyfadwc8dqcchn.z03.azurefd.net/img/clubs/montegrande.png,monte-grande-m19,41,2025,2,la institución existe; el equipo juvenil no
2,equipo_juvenil,41,"Monte Grande M19 ""A""",M19,A,urba,rugby,https://urbaimagenes-cddyfadwc8dqcchn.z03.azurefd.net/img/clubs/montegrande.png,monte-grande-m19-a,41,2022 2023 2024 2026,8,la institución existe; el equipo juvenil no
2,equipo_juvenil,41,"Monte Grande M19 ""B""",M19,B,urba,rugby,https://urbaimagenes-cddyfadwc8dqcchn.z03.azurefd.net/img/clubs/montegrande.png,monte-grande-m19-b,41,2022 2023 2024 2026,7,la institución existe; el equipo juvenil no
2,equipo_juvenil,9,"Club Newman M15 ""A""",M15,A,urba,rugby,https://urbaimagenes-cddyfadwc8dqcchn.z03.azurefd.net/img/clubs/newman.png,club-newman-m15-a,9,2021 2022 2023 2024 2025 2026,10,la institución existe; el equipo juvenil no
2,equipo_juvenil,9,"Club Newman M15 ""B""",M15,B,urba,rugby,https://urbaimagenes-cddyfadwc8dqcchn.z03.azurefd.net/img/clubs/newman.png,club-newman-m15-b,9,2021 2022 2023 2024 2025 2026,10,la institución existe; el equipo juvenil no
2,equipo_juvenil,9,"Club Newman M15 ""C""",M15,C,urba,rugby,https://urbaimagenes-cddyfadwc8dqcchn.z03.azurefd.net/img/clubs/newman.png,club-newman-m15-c,9,2021 2022 2023 2024 2025 2026,10,la institución existe; el equipo juvenil no
2,equipo_juvenil,9,"Club Newman M15 ""D""",M15,D,urba,rugby,https://urbaimagenes-cddyfadwc8dqcchn.z03.azurefd.net/img/clubs/newman.png,club-newman-m15-d,9,2021 2023 2025,5,la institución existe; el equipo juvenil no
2,equipo_juvenil,9,"Club Newman M16 ""A""",M16,A,urba,rugby,https://urbaimagenes-cddyfadwc8dqcchn.z03.azurefd.net/img/clubs/newman.png,club-newman-m16-a,9,2021 2022 2023 2024 2025 2026,11,la institución existe; el equipo juvenil no
2,equipo_juvenil,9,"Club Newman M16 ""B""",M16,B,urba,rugby,https://urbaimagenes-cddyfadwc8dqcchn.z03.azurefd.net/img/clubs/newman.png,club-newman-m16-b,9,2021 2022 2023 2024 2025 2026,11,la institución existe; el equipo juvenil no
2,equipo_juvenil,9,"Club Newman M16 ""C""",M16,C,urba,rugby,https://urbaimagenes-cddyfadwc8dqcchn.z03.azurefd.net/img/clubs/newman.png,club-newman-m16-c,9,2021 2022 2023 2024 2025 2026,10,la institución existe; el equipo juvenil no
2,equipo_juvenil,9,"Club Newman M16 ""D""",M16,D,urba,rugby,https://urbaimagenes-cddyfadwc8dqcchn.z03.azurefd.net/img/clubs/newman.png,club-newman-m16-d,9,2025 2026,2,la institución existe; el equipo juvenil no
2,equipo_juvenil,9,"Club Newman M17 ""C""",M17,C,urba,rugby,https://urbaimagenes-cddyfadwc8dqcchn.z03.azurefd.net/img/clubs/newman.png,club-newman-m17-c,9,2021 2022 2023 2024 2025 2026,9,la institución existe; el equipo juvenil no
2,equipo_juvenil,9,"Club Newman M18 ""A""",M18,A,urba,rugby,https://urbaimagenes-cddyfadwc8dqcchn.z03.azurefd.net/img/clubs/newman.png,club-newman-m18-a,9,2021,2,la institución existe; el equipo juvenil no
2,equipo_juvenil,9,"Club Newman M18 ""B""",M18,B,urba,rugby,https://urbaimagenes-cddyfadwc8dqcchn.z03.azurefd.net/img/clubs/newman.png,club-newman-m18-b,9,2021,2,la institución existe; el equipo juvenil no
2,equipo_juvenil,9,"Club Newman M19 ""C""",M19,C,urba,rugby,https://urbaimagenes-cddyfadwc8dqcchn.z03.azurefd.net/img/clubs/newman.png,club-newman-m19-c,9,2022 2023 2024 2025 2026,10,la institución existe; el equipo juvenil no
2,equipo_juvenil,9,"Club Newman M19 ""D""",M19,D,urba,rugby,https://urbaimagenes-cddyfadwc8dqcchn.z03.azurefd.net/img/clubs/newman.png,club-newman-m19-d,9,2022 2024 2025 2026,8,la institución existe; el equipo juvenil no
2,equipo_juvenil,9,"Club Newman M19 ""E""",M19,E,urba,rugby,https://urbaimagenes-cddyfadwc8dqcchn.z03.azurefd.net/img/clubs/newman.png,club-newman-m19-e,9,2025 2026,4,la institución existe; el equipo juvenil no
2,equipo_juvenil,9,"Club Newman M20 ""A""",M20,A,urba,rugby,https://urbaimagenes-cddyfadwc8dqcchn.z03.azurefd.net/img/clubs/newman.png,club-newman-m20-a,9,2021,2,la institución existe; el equipo juvenil no
2,equipo_juvenil,9,"Club Newman M20 ""B""",M20,B,urba,rugby,https://urbaimagenes-cddyfadwc8dqcchn.z03.azurefd.net/img/clubs/newman.png,club-newman-m20-b,9,2021,2,la institución existe; el equipo juvenil no
2,equipo_juvenil,9,Club Newman M22,M22,"",urba,rugby,https://urbaimagenes-cddyfadwc8dqcchn.z03.azurefd.net/img/clubs/newman.png,club-newman-m22,9,2024 2025 2026,3,la institución existe; el equipo juvenil no
2,equipo_juvenil,22,"Olivos R.C. M15 ""A""",M15,A,urba,rugby,https://urbaimagenes-cddyfadwc8dqcchn.z03.azurefd.net/img/clubs/olivos.png,olivos-r-c-m15-a,22,2021 2022 2023 2024 2025 2026,9,la institución existe; el equipo juvenil no
2,equipo_juvenil,22,"Olivos R.C. M15 ""B""",M15,B,urba,rugby,https://urbaimagenes-cddyfadwc8dqcchn.z03.azurefd.net/img/clubs/olivos.png,olivos-r-c-m15-b,22,2021 2022 2023 2024 2025 2026,10,la institución existe; el equipo juvenil no
2,equipo_juvenil,22,"Olivos R.C. M15 ""C""",M15,C,urba,rugby,https://urbaimagenes-cddyfadwc8dqcchn.z03.azurefd.net/img/clubs/olivos.png,olivos-r-c-m15-c,22,2023 2026,3,la institución existe; el equipo juvenil no
2,equipo_juvenil,22,Olivos R.C. M16,M16,"",urba,rugby,https://urbaimagenes-cddyfadwc8dqcchn.z03.azurefd.net/img/clubs/olivos.png,olivos-r-c-m16,22,2021,1,la institución existe; el equipo juvenil no
2,equipo_juvenil,22,"Olivos R.C. M16 ""A""",M16,A,urba,rugby,https://urbaimagenes-cddyfadwc8dqcchn.z03.azurefd.net/img/clubs/olivos.png,olivos-r-c-m16-a,22,2022 2023 2024 2025 2026,8,la institución existe; el equipo juvenil no
2,equipo_juvenil,22,"Olivos R.C. M16 ""B""",M16,B,urba,rugby,https://urbaimagenes-cddyfadwc8dqcchn.z03.azurefd.net/img/clubs/olivos.png,olivos-r-c-m16-b,22,2022 2023 2024 2025 2026,9,la institución existe; el equipo juvenil no
2,equipo_juvenil,22,"Olivos R.C. M17 ""A""",M17,A,urba,rugby,https://urbaimagenes-cddyfadwc8dqcchn.z03.azurefd.net/img/clubs/olivos.png,olivos-r-c-m17-a,22,2021 2022 2023 2024 2025 2026,11,la institución existe; el equipo juvenil no
2,equipo_juvenil,22,"Olivos R.C. M17 ""B""",M17,B,urba,rugby,https://urbaimagenes-cddyfadwc8dqcchn.z03.azurefd.net/img/clubs/olivos.png,olivos-r-c-m17-b,22,2021 2022 2023 2024 2025 2026,11,la institución existe; el equipo juvenil no
2,equipo_juvenil,22,"Olivos R.C. M18 ""A""",M18,A,urba,rugby,https://urbaimagenes-cddyfadwc8dqcchn.z03.azurefd.net/img/clubs/olivos.png,olivos-r-c-m18-a,22,2021,2,la institución existe; el equipo juvenil no
2,equipo_juvenil,22,"Olivos R.C. M18 ""B""",M18,B,urba,rugby,https://urbaimagenes-cddyfadwc8dqcchn.z03.azurefd.net/img/clubs/olivos.png,olivos-r-c-m18-b,22,2021,2,la institución existe; el equipo juvenil no
2,equipo_juvenil,22,"Olivos R.C. M19 ""C""",M19,C,urba,rugby,https://urbaimagenes-cddyfadwc8dqcchn.z03.azurefd.net/img/clubs/olivos.png,olivos-r-c-m19-c,22,2023 2024 2025,6,la institución existe; el equipo juvenil no
2,equipo_juvenil,22,Olivos R.C. M20,M20,"",urba,rugby,https://urbaimagenes-cddyfadwc8dqcchn.z03.azurefd.net/img/clubs/olivos.png,olivos-r-c-m20,22,2021,2,la institución existe; el equipo juvenil no
2,equipo_juvenil,16,"Club Pucará M15 ""A""",M15,A,urba,rugby,https://urbaimagenes-cddyfadwc8dqcchn.z03.azurefd.net/img/clubs/pucara.png,club-pucara-m15-a,16,2021 2022 2023 2024 2025 2026,10,la institución existe; el equipo juvenil no
2,equipo_juvenil,16,"Club Pucará M15 ""B""",M15,B,urba,rugby,https://urbaimagenes-cddyfadwc8dqcchn.z03.azurefd.net/img/clubs/pucara.png,club-pucara-m15-b,16,2021 2022 2023 2024 2025 2026,10,la institución existe; el equipo juvenil no
2,equipo_juvenil,16,"Club Pucará M15 ""C""",M15,C,urba,rugby,https://urbaimagenes-cddyfadwc8dqcchn.z03.azurefd.net/img/clubs/pucara.png,club-pucara-m15-c,16,2022 2023 2024 2025 2026,8,la institución existe; el equipo juvenil no
2,equipo_juvenil,16,"Club Pucará M16 ""A""",M16,A,urba,rugby,https://urbaimagenes-cddyfadwc8dqcchn.z03.azurefd.net/img/clubs/pucara.png,club-pucara-m16-a,16,2021 2022 2023 2024 2025 2026,11,la institución existe; el equipo juvenil no
2,equipo_juvenil,16,"Club Pucará M16 ""B""",M16,B,urba,rugby,https://urbaimagenes-cddyfadwc8dqcchn.z03.azurefd.net/img/clubs/pucara.png,club-pucara-m16-b,16,2021 2022 2023 2024 2025 2026,11,la institución existe; el equipo juvenil no
2,equipo_juvenil,16,"Club Pucará M16 ""C""",M16,C,urba,rugby,https://urbaimagenes-cddyfadwc8dqcchn.z03.azurefd.net/img/clubs/pucara.png,club-pucara-m16-c,16,2024 2025 2026,5,la institución existe; el equipo juvenil no
2,equipo_juvenil,16,"Club Pucará M17 ""C""",M17,C,urba,rugby,https://urbaimagenes-cddyfadwc8dqcchn.z03.azurefd.net/img/clubs/pucara.png,club-pucara-m17-c,16,2022 2023 2025 2026,6,la institución existe; el equipo juvenil no
2,equipo_juvenil,16,"Club Pucará M17 ""D""",M17,D,urba,rugby,https://urbaimagenes-cddyfadwc8dqcchn.z03.azurefd.net/img/clubs/pucara.png,club-pucara-m17-d,16,2026,1,la institución existe; el equipo juvenil no
2,equipo_juvenil,16,"Club Pucará M18 ""A""",M18,A,urba,rugby,https://urbaimagenes-cddyfadwc8dqcchn.z03.azurefd.net/img/clubs/pucara.png,club-pucara-m18-a,16,2021,2,la institución existe; el equipo juvenil no
2,equipo_juvenil,16,"Club Pucará M18 ""B""",M18,B,urba,rugby,https://urbaimagenes-cddyfadwc8dqcchn.z03.azurefd.net/img/clubs/pucara.png,club-pucara-m18-b,16,2021,1,la institución existe; el equipo juvenil no
2,equipo_juvenil,16,"Club Pucará M19 ""C""",M19,C,urba,rugby,https://urbaimagenes-cddyfadwc8dqcchn.z03.azurefd.net/img/clubs/pucara.png,club-pucara-m19-c,16,2023 2024 2025 2026,8,la institución existe; el equipo juvenil no
2,equipo_juvenil,16,"Club Pucará M19 ""D""",M19,D,urba,rugby,https://urbaimagenes-cddyfadwc8dqcchn.z03.azurefd.net/img/clubs/pucara.png,club-pucara-m19-d,16,2026,2,la institución existe; el equipo juvenil no
2,equipo_juvenil,16,"Club Pucará M20 ""A""",M20,A,urba,rugby,https://urbaimagenes-cddyfadwc8dqcchn.z03.azurefd.net/img/clubs/pucara.png,club-pucara-m20-a,16,2021,2,la institución existe; el equipo juvenil no
2,equipo_juvenil,16,"Club Pucará M20 ""B""",M20,B,urba,rugby,https://urbaimagenes-cddyfadwc8dqcchn.z03.azurefd.net/img/clubs/pucara.png,club-pucara-m20-b,16,2021,2,la institución existe; el equipo juvenil no
2,equipo_juvenil,16,"Club Pucará M20 ""C""",M20,C,urba,rugby,https://urbaimagenes-cddyfadwc8dqcchn.z03.azurefd.net/img/clubs/pucara.png,club-pucara-m20-c,16,2021,2,la institución existe; el equipo juvenil no
2,equipo_juvenil,16,Club Pucará M22,M22,"",urba,rugby,https://urbaimagenes-cddyfadwc8dqcchn.z03.azurefd.net/img/clubs/pucara.png,club-pucara-m22,16,2024,1,la institución existe; el equipo juvenil no
2,equipo_juvenil,25,"Pueyrredón M15 ""A""",M15,A,urba,rugby,https://urbaimagenes-cddyfadwc8dqcchn.z03.azurefd.net/img/clubs/pueyrredon.png,pueyrredon-m15-a,25,2021 2022 2023 2024 2025 2026,10,la institución existe; el equipo juvenil no
2,equipo_juvenil,25,"Pueyrredón M15 ""B""",M15,B,urba,rugby,https://urbaimagenes-cddyfadwc8dqcchn.z03.azurefd.net/img/clubs/pueyrredon.png,pueyrredon-m15-b,25,2021 2022 2023 2024 2025 2026,10,la institución existe; el equipo juvenil no
2,equipo_juvenil,25,"Pueyrredón M15 ""C""",M15,C,urba,rugby,https://urbaimagenes-cddyfadwc8dqcchn.z03.azurefd.net/img/clubs/pueyrredon.png,pueyrredon-m15-c,25,2022 2025,3,la institución existe; el equipo juvenil no
2,equipo_juvenil,25,"Pueyrredón M16 ""A""",M16,A,urba,rugby,https://urbaimagenes-cddyfadwc8dqcchn.z03.azurefd.net/img/clubs/pueyrredon.png,pueyrredon-m16-a,25,2021 2022 2023 2024 2025 2026,11,la institución existe; el equipo juvenil no
2,equipo_juvenil,25,"Pueyrredón M16 ""B""",M16,B,urba,rugby,https://urbaimagenes-cddyfadwc8dqcchn.z03.azurefd.net/img/clubs/pueyrredon.png,pueyrredon-m16-b,25,2021 2022 2023 2024 2025 2026,10,la institución existe; el equipo juvenil no
2,equipo_juvenil,25,"Pueyrredón M16 ""C""",M16,C,urba,rugby,https://urbaimagenes-cddyfadwc8dqcchn.z03.azurefd.net/img/clubs/pueyrredon.png,pueyrredon-m16-c,25,2022 2023 2024 2026,6,la institución existe; el equipo juvenil no
2,equipo_juvenil,25,"Pueyrredón M17 ""C""",M17,C,urba,rugby,https://urbaimagenes-cddyfadwc8dqcchn.z03.azurefd.net/img/clubs/pueyrredon.png,pueyrredon-m17-c,25,2024 2025,3,la institución existe; el equipo juvenil no
2,equipo_juvenil,25,Pueyrredón M18,M18,"",urba,rugby,https://urbaimagenes-cddyfadwc8dqcchn.z03.azurefd.net/img/clubs/pueyrredon.png,pueyrredon-m18,25,2021,2,la institución existe; el equipo juvenil no
2,equipo_juvenil,25,"Pueyrredón M19 ""C""",M19,C,urba,rugby,https://urbaimagenes-cddyfadwc8dqcchn.z03.azurefd.net/img/clubs/pueyrredon.png,pueyrredon-m19-c,25,2023 2024 2025 2026,7,la institución existe; el equipo juvenil no
2,equipo_juvenil,4,"Regatas de Bella Vista M15 ""A""",M15,A,urba,rugby,https://urbaimagenes-cddyfadwc8dqcchn.z03.azurefd.net/img/clubs/regatasbellavista.png,regatas-de-bella-vista-m15-a,4,2021 2022 2023 2024 2025 2026,10,la institución existe; el equipo juvenil no
2,equipo_juvenil,4,"Regatas de Bella Vista M15 ""B""",M15,B,urba,rugby,https://urbaimagenes-cddyfadwc8dqcchn.z03.azurefd.net/img/clubs/regatasbellavista.png,regatas-de-bella-vista-m15-b,4,2021 2022 2023 2024 2025 2026,10,la institución existe; el equipo juvenil no
2,equipo_juvenil,4,"Regatas de Bella Vista M15 ""C""",M15,C,urba,rugby,https://urbaimagenes-cddyfadwc8dqcchn.z03.azurefd.net/img/clubs/regatasbellavista.png,regatas-de-bella-vista-m15-c,4,2023 2024 2025 2026,7,la institución existe; el equipo juvenil no
2,equipo_juvenil,4,"Regatas de Bella Vista M15 ""D""",M15,D,urba,rugby,https://urbaimagenes-cddyfadwc8dqcchn.z03.azurefd.net/img/clubs/regatasbellavista.png,regatas-de-bella-vista-m15-d,4,2023 2025 2026,3,la institución existe; el equipo juvenil no
2,equipo_juvenil,4,"Regatas de Bella Vista M16 ""A""",M16,A,urba,rugby,https://urbaimagenes-cddyfadwc8dqcchn.z03.azurefd.net/img/clubs/regatasbellavista.png,regatas-de-bella-vista-m16-a,4,2021 2022 2023 2024 2025 2026,11,la institución existe; el equipo juvenil no
2,equipo_juvenil,4,"Regatas de Bella Vista M16 ""B""",M16,B,urba,rugby,https://urbaimagenes-cddyfadwc8dqcchn.z03.azurefd.net/img/clubs/regatasbellavista.png,regatas-de-bella-vista-m16-b,4,2021 2022 2023 2024 2025 2026,11,la institución existe; el equipo juvenil no
2,equipo_juvenil,4,"Regatas de Bella Vista M16 ""C""",M16,C,urba,rugby,https://urbaimagenes-cddyfadwc8dqcchn.z03.azurefd.net/img/clubs/regatasbellavista.png,regatas-de-bella-vista-m16-c,4,2023 2024 2025 2026,6,la institución existe; el equipo juvenil no
2,equipo_juvenil,4,"Regatas de Bella Vista M16 ""D""",M16,D,urba,rugby,https://urbaimagenes-cddyfadwc8dqcchn.z03.azurefd.net/img/clubs/regatasbellavista.png,regatas-de-bella-vista-m16-d,4,2024 2026,3,la institución existe; el equipo juvenil no
2,equipo_juvenil,4,"Regatas de Bella Vista M17 ""C""",M17,C,urba,rugby,https://urbaimagenes-cddyfadwc8dqcchn.z03.azurefd.net/img/clubs/regatasbellavista.png,regatas-de-bella-vista-m17-c,4,2025 2026,2,la institución existe; el equipo juvenil no
2,equipo_juvenil,4,"Regatas de Bella Vista M17 ""D""",M17,D,urba,rugby,https://urbaimagenes-cddyfadwc8dqcchn.z03.azurefd.net/img/clubs/regatasbellavista.png,regatas-de-bella-vista-m17-d,4,2025,2,la institución existe; el equipo juvenil no
2,equipo_juvenil,4,"Regatas de Bella Vista M17 ""E""",M17,E,urba,rugby,https://urbaimagenes-cddyfadwc8dqcchn.z03.azurefd.net/img/clubs/regatasbellavista.png,regatas-de-bella-vista-m17-e,4,2025,1,la institución existe; el equipo juvenil no
2,equipo_juvenil,4,"Regatas de Bella Vista M18 ""A""",M18,A,urba,rugby,https://urbaimagenes-cddyfadwc8dqcchn.z03.azurefd.net/img/clubs/regatasbellavista.png,regatas-de-bella-vista-m18-a,4,2021,2,la institución existe; el equipo juvenil no
2,equipo_juvenil,4,"Regatas de Bella Vista M18 ""B""",M18,B,urba,rugby,https://urbaimagenes-cddyfadwc8dqcchn.z03.azurefd.net/img/clubs/regatasbellavista.png,regatas-de-bella-vista-m18-b,4,2021,2,la institución existe; el equipo juvenil no
2,equipo_juvenil,4,"Regatas de Bella Vista M19 ""C""",M19,C,urba,rugby,https://urbaimagenes-cddyfadwc8dqcchn.z03.azurefd.net/img/clubs/regatasbellavista.png,regatas-de-bella-vista-m19-c,4,2022 2023 2024 2025 2026,10,la institución existe; el equipo juvenil no
2,equipo_juvenil,4,"Regatas de Bella Vista M19 ""D""",M19,D,urba,rugby,https://urbaimagenes-cddyfadwc8dqcchn.z03.azurefd.net/img/clubs/regatasbellavista.png,regatas-de-bella-vista-m19-d,4,2022 2023 2024 2025 2026,9,la institución existe; el equipo juvenil no
2,equipo_juvenil,4,"Regatas de Bella Vista M19 ""E""",M19,E,urba,rugby,https://urbaimagenes-cddyfadwc8dqcchn.z03.azurefd.net/img/clubs/regatasbellavista.png,regatas-de-bella-vista-m19-e,4,2025 2026,4,la institución existe; el equipo juvenil no
2,equipo_juvenil,4,"Regatas de Bella Vista M19 ""F""",M19,F,urba,rugby,https://urbaimagenes-cddyfadwc8dqcchn.z03.azurefd.net/img/clubs/regatasbellavista.png,regatas-de-bella-vista-m19-f,4,2026,1,la institución existe; el equipo juvenil no
2,equipo_juvenil,4,Regatas de Bella Vista M20,M20,"",urba,rugby,https://urbaimagenes-cddyfadwc8dqcchn.z03.azurefd.net/img/clubs/regatasbellavista.png,regatas-de-bella-vista-m20,4,2021,1,la institución existe; el equipo juvenil no
2,equipo_juvenil,4,"Regatas de Bella Vista M20 ""B""",M20,B,urba,rugby,https://urbaimagenes-cddyfadwc8dqcchn.z03.azurefd.net/img/clubs/regatasbellavista.png,regatas-de-bella-vista-m20-b,4,2021,2,la institución existe; el equipo juvenil no
2,equipo_juvenil,4,Regatas de Bella Vista M22,M22,"",urba,rugby,https://urbaimagenes-cddyfadwc8dqcchn.z03.azurefd.net/img/clubs/regatasbellavista.png,regatas-de-bella-vista-m22,4,2025 2026,2,la institución existe; el equipo juvenil no
2,equipo_juvenil,14,San Albano M15,M15,"",urba,rugby,https://urbaimagenes-cddyfadwc8dqcchn.z03.azurefd.net/img/clubs/sanalbano.png,san-albano-m15,14,2022,2,la institución existe; el equipo juvenil no
2,equipo_juvenil,14,"San Albano M15 ""A""",M15,A,urba,rugby,https://urbaimagenes-cddyfadwc8dqcchn.z03.azurefd.net/img/clubs/sanalbano.png,san-albano-m15-a,14,2021 2022 2023 2024 2025 2026,13,la institución existe; el equipo juvenil no
2,equipo_juvenil,14,"San Albano M15 ""B""",M15,B,urba,rugby,https://urbaimagenes-cddyfadwc8dqcchn.z03.azurefd.net/img/clubs/sanalbano.png,san-albano-m15-b,14,2021 2022 2023 2024 2025 2026,13,la institución existe; el equipo juvenil no
2,equipo_juvenil,14,"San Albano M15 ""C""",M15,C,urba,rugby,https://urbaimagenes-cddyfadwc8dqcchn.z03.azurefd.net/img/clubs/sanalbano.png,san-albano-m15-c,14,2023,2,la institución existe; el equipo juvenil no
2,equipo_juvenil,14,"San Albano M16 ""A""",M16,A,urba,rugby,https://urbaimagenes-cddyfadwc8dqcchn.z03.azurefd.net/img/clubs/sanalbano.png,san-albano-m16-a,14,2021 2022 2023 2024 2025 2026,16,la institución existe; el equipo juvenil no
2,equipo_juvenil,14,"San Albano M16 ""B""",M16,B,urba,rugby,https://urbaimagenes-cddyfadwc8dqcchn.z03.azurefd.net/img/clubs/sanalbano.png,san-albano-m16-b,14,2021 2022 2023 2024 2025 2026,14,la institución existe; el equipo juvenil no
2,equipo_juvenil,14,"San Albano M17 ""A""",M17,A,urba,rugby,https://urbaimagenes-cddyfadwc8dqcchn.z03.azurefd.net/img/clubs/sanalbano.png,san-albano-m17-a,14,2022 2023 2024 2025 2026,13,la institución existe; el equipo juvenil no
2,equipo_juvenil,14,"San Albano M17 ""B""",M17,B,urba,rugby,https://urbaimagenes-cddyfadwc8dqcchn.z03.azurefd.net/img/clubs/sanalbano.png,san-albano-m17-b,14,2022 2023 2024 2025 2026,13,la institución existe; el equipo juvenil no
2,equipo_juvenil,14,"San Albano M18 ""A""",M18,A,urba,rugby,https://urbaimagenes-cddyfadwc8dqcchn.z03.azurefd.net/img/clubs/sanalbano.png,san-albano-m18-a,14,2021,4,la institución existe; el equipo juvenil no
2,equipo_juvenil,14,"San Albano M18 ""B""",M18,B,urba,rugby,https://urbaimagenes-cddyfadwc8dqcchn.z03.azurefd.net/img/clubs/sanalbano.png,san-albano-m18-b,14,2021,3,la institución existe; el equipo juvenil no
2,equipo_juvenil,14,San Albano M19,M19,"",urba,rugby,https://urbaimagenes-cddyfadwc8dqcchn.z03.azurefd.net/img/clubs/sanalbano.png,san-albano-m19,14,2023,1,la institución existe; el equipo juvenil no
2,equipo_juvenil,14,"San Albano M19 ""A""",M19,A,urba,rugby,https://urbaimagenes-cddyfadwc8dqcchn.z03.azurefd.net/img/clubs/sanalbano.png,san-albano-m19-a,14,2022 2023 2024 2025 2026,13,la institución existe; el equipo juvenil no
2,equipo_juvenil,14,"San Albano M19 ""B""",M19,B,urba,rugby,https://urbaimagenes-cddyfadwc8dqcchn.z03.azurefd.net/img/clubs/sanalbano.png,san-albano-m19-b,14,2022 2023 2024 2025 2026,12,la institución existe; el equipo juvenil no
2,equipo_juvenil,14,"San Albano M19 ""C""",M19,C,urba,rugby,https://urbaimagenes-cddyfadwc8dqcchn.z03.azurefd.net/img/clubs/sanalbano.png,san-albano-m19-c,14,2024 2025,4,la institución existe; el equipo juvenil no
2,equipo_juvenil,14,"San Albano M20 ""A""",M20,A,urba,rugby,https://urbaimagenes-cddyfadwc8dqcchn.z03.azurefd.net/img/clubs/sanalbano.png,san-albano-m20-a,14,2021,2,la institución existe; el equipo juvenil no
2,equipo_juvenil,14,"San Albano M20 ""B""",M20,B,urba,rugby,https://urbaimagenes-cddyfadwc8dqcchn.z03.azurefd.net/img/clubs/sanalbano.png,san-albano-m20-b,14,2021,2,la institución existe; el equipo juvenil no
2,equipo_juvenil,31,"San Andrés M15 ""A""",M15,A,urba,rugby,https://urbaimagenes-cddyfadwc8dqcchn.z03.azurefd.net/img/clubs/sanandres.png,san-andres-m15-a,31,2024 2025 2026,5,la institución existe; el equipo juvenil no
2,equipo_juvenil,31,"San Andrés M15 ""B""",M15,B,urba,rugby,https://urbaimagenes-cddyfadwc8dqcchn.z03.azurefd.net/img/clubs/sanandres.png,san-andres-m15-b,31,2024 2025 2026,5,la institución existe; el equipo juvenil no
2,equipo_juvenil,31,"San Andrés M15 ""C""",M15,C,urba,rugby,https://urbaimagenes-cddyfadwc8dqcchn.z03.azurefd.net/img/clubs/sanandres.png,san-andres-m15-c,31,2025 2026,3,la institución existe; el equipo juvenil no
2,equipo_juvenil,31,"San Andrés M16 ""A""",M16,A,urba,rugby,https://urbaimagenes-cddyfadwc8dqcchn.z03.azurefd.net/img/clubs/sanandres.png,san-andres-m16-a,31,2024 2025 2026,5,la institución existe; el equipo juvenil no
2,equipo_juvenil,31,"San Andrés M16 ""B""",M16,B,urba,rugby,https://urbaimagenes-cddyfadwc8dqcchn.z03.azurefd.net/img/clubs/sanandres.png,san-andres-m16-b,31,2024 2025 2026,5,la institución existe; el equipo juvenil no
2,equipo_juvenil,31,"San Andrés M16 ""C""",M16,C,urba,rugby,https://urbaimagenes-cddyfadwc8dqcchn.z03.azurefd.net/img/clubs/sanandres.png,san-andres-m16-c,31,2024 2025 2026,5,la institución existe; el equipo juvenil no
2,equipo_juvenil,31,"San Andrés M17 ""C""",M17,C,urba,rugby,https://urbaimagenes-cddyfadwc8dqcchn.z03.azurefd.net/img/clubs/sanandres.png,san-andres-m17-c,31,2026,1,la institución existe; el equipo juvenil no
2,equipo_juvenil,31,"San Andrés M19 ""C""",M19,C,urba,rugby,https://urbaimagenes-cddyfadwc8dqcchn.z03.azurefd.net/img/clubs/sanandres.png,san-andres-m19-c,31,2025 2026,4,la institución existe; el equipo juvenil no
2,equipo_juvenil,35,San Carlos M15,M15,"",urba,rugby,https://urbaimagenes-cddyfadwc8dqcchn.z03.azurefd.net/img/clubs/sancarlos.png,san-carlos-m15,35,2021 2022 2023 2024 2025,8,la institución existe; el equipo juvenil no
2,equipo_juvenil,35,"San Carlos M15 ""A""",M15,A,urba,rugby,https://urbaimagenes-cddyfadwc8dqcchn.z03.azurefd.net/img/clubs/sancarlos.png,san-carlos-m15-a,35,2026,1,la institución existe; el equipo juvenil no
2,equipo_juvenil,35,"San Carlos M15 ""B""",M15,B,urba,rugby,https://urbaimagenes-cddyfadwc8dqcchn.z03.azurefd.net/img/clubs/sancarlos.png,san-carlos-m15-b,35,2026,1,la institución existe; el equipo juvenil no
2,equipo_juvenil,35,San Carlos M16,M16,"",urba,rugby,https://urbaimagenes-cddyfadwc8dqcchn.z03.azurefd.net/img/clubs/sancarlos.png,san-carlos-m16,35,2021 2022 2023 2025 2026,9,la institución existe; el equipo juvenil no
2,equipo_juvenil,35,"San Carlos M16 ""A""",M16,A,urba,rugby,https://urbaimagenes-cddyfadwc8dqcchn.z03.azurefd.net/img/clubs/sancarlos.png,san-carlos-m16-a,35,2024,2,la institución existe; el equipo juvenil no
2,equipo_juvenil,35,"San Carlos M16 ""B""",M16,B,urba,rugby,https://urbaimagenes-cddyfadwc8dqcchn.z03.azurefd.net/img/clubs/sancarlos.png,san-carlos-m16-b,35,2024,2,la institución existe; el equipo juvenil no
2,equipo_juvenil,35,San Carlos M17,M17,"",urba,rugby,https://urbaimagenes-cddyfadwc8dqcchn.z03.azurefd.net/img/clubs/sancarlos.png,san-carlos-m17,35,2022 2023 2024 2025 2026,8,la institución existe; el equipo juvenil no
2,equipo_juvenil,35,"San Carlos M17 ""A""",M17,A,urba,rugby,https://urbaimagenes-cddyfadwc8dqcchn.z03.azurefd.net/img/clubs/sancarlos.png,san-carlos-m17-a,35,2025,1,la institución existe; el equipo juvenil no
2,equipo_juvenil,35,"San Carlos M17 ""B""",M17,B,urba,rugby,https://urbaimagenes-cddyfadwc8dqcchn.z03.azurefd.net/img/clubs/sancarlos.png,san-carlos-m17-b,35,2025,1,la institución existe; el equipo juvenil no
2,equipo_juvenil,35,"San Carlos M18 ""A""",M18,A,urba,rugby,https://urbaimagenes-cddyfadwc8dqcchn.z03.azurefd.net/img/clubs/sancarlos.png,san-carlos-m18-a,35,2021,3,la institución existe; el equipo juvenil no
2,equipo_juvenil,35,"San Carlos M18 ""B""",M18,B,urba,rugby,https://urbaimagenes-cddyfadwc8dqcchn.z03.azurefd.net/img/clubs/sancarlos.png,san-carlos-m18-b,35,2021,3,la institución existe; el equipo juvenil no
2,equipo_juvenil,35,San Carlos M19,M19,"",urba,rugby,https://urbaimagenes-cddyfadwc8dqcchn.z03.azurefd.net/img/clubs/sancarlos.png,san-carlos-m19,35,2022 2024,4,la institución existe; el equipo juvenil no
2,equipo_juvenil,35,"San Carlos M19 ""A""",M19,A,urba,rugby,https://urbaimagenes-cddyfadwc8dqcchn.z03.azurefd.net/img/clubs/sancarlos.png,san-carlos-m19-a,35,2023 2025 2026,6,la institución existe; el equipo juvenil no
2,equipo_juvenil,35,"San Carlos M19 ""B""",M19,B,urba,rugby,https://urbaimagenes-cddyfadwc8dqcchn.z03.azurefd.net/img/clubs/sancarlos.png,san-carlos-m19-b,35,2023 2025 2026,5,la institución existe; el equipo juvenil no
2,equipo_juvenil,35,"San Carlos M20 ""A""",M20,A,urba,rugby,https://urbaimagenes-cddyfadwc8dqcchn.z03.azurefd.net/img/clubs/sancarlos.png,san-carlos-m20-a,35,2021,2,la institución existe; el equipo juvenil no
2,equipo_juvenil,35,"San Carlos M20 ""B""",M20,B,urba,rugby,https://urbaimagenes-cddyfadwc8dqcchn.z03.azurefd.net/img/clubs/sancarlos.png,san-carlos-m20-b,35,2021,2,la institución existe; el equipo juvenil no
2,equipo_juvenil,18,"San Cirano M15 ""A""",M15,A,urba,rugby,https://urbaimagenes-cddyfadwc8dqcchn.z03.azurefd.net/img/clubs/sancirano.png,san-cirano-m15-a,18,2021 2022 2023 2024 2025 2026,9,la institución existe; el equipo juvenil no
2,equipo_juvenil,18,"San Cirano M15 ""B""",M15,B,urba,rugby,https://urbaimagenes-cddyfadwc8dqcchn.z03.azurefd.net/img/clubs/sancirano.png,san-cirano-m15-b,18,2021 2022 2023 2024 2025 2026,10,la institución existe; el equipo juvenil no
2,equipo_juvenil,18,"San Cirano M16 ""A""",M16,A,urba,rugby,https://urbaimagenes-cddyfadwc8dqcchn.z03.azurefd.net/img/clubs/sancirano.png,san-cirano-m16-a,18,2021 2022 2023 2024 2025 2026,10,la institución existe; el equipo juvenil no
2,equipo_juvenil,18,"San Cirano M16 ""B""",M16,B,urba,rugby,https://urbaimagenes-cddyfadwc8dqcchn.z03.azurefd.net/img/clubs/sancirano.png,san-cirano-m16-b,18,2021 2022 2023 2024 2025 2026,11,la institución existe; el equipo juvenil no
2,equipo_juvenil,18,San Cirano M17,M17,"",urba,rugby,https://urbaimagenes-cddyfadwc8dqcchn.z03.azurefd.net/img/clubs/sancirano.png,san-cirano-m17,18,2021,2,la institución existe; el equipo juvenil no
2,equipo_juvenil,18,"San Cirano M18 ""A""",M18,A,urba,rugby,https://urbaimagenes-cddyfadwc8dqcchn.z03.azurefd.net/img/clubs/sancirano.png,san-cirano-m18-a,18,2021,2,la institución existe; el equipo juvenil no
2,equipo_juvenil,18,"San Cirano M18 ""B""",M18,B,urba,rugby,https://urbaimagenes-cddyfadwc8dqcchn.z03.azurefd.net/img/clubs/sancirano.png,san-cirano-m18-b,18,2021,2,la institución existe; el equipo juvenil no
2,equipo_juvenil,18,"San Cirano M19 ""C""",M19,C,urba,rugby,https://urbaimagenes-cddyfadwc8dqcchn.z03.azurefd.net/img/clubs/sancirano.png,san-cirano-m19-c,18,2024 2025 2026,5,la institución existe; el equipo juvenil no
2,equipo_juvenil,18,"San Cirano M20 ""A""",M20,A,urba,rugby,https://urbaimagenes-cddyfadwc8dqcchn.z03.azurefd.net/img/clubs/sancirano.png,san-cirano-m20-a,18,2021,2,la institución existe; el equipo juvenil no
2,equipo_juvenil,18,"San Cirano M20 ""B""",M20,B,urba,rugby,https://urbaimagenes-cddyfadwc8dqcchn.z03.azurefd.net/img/clubs/sancirano.png,san-cirano-m20-b,18,2021,2,la institución existe; el equipo juvenil no
2,equipo_juvenil,32,San Fernando M15,M15,"",urba,rugby,https://urbaimagenes-cddyfadwc8dqcchn.z03.azurefd.net/img/clubs/sanfernando.png,san-fernando-m15,32,2022 2023 2024 2026,6,la institución existe; el equipo juvenil no
2,equipo_juvenil,32,"San Fernando M15 ""A""",M15,A,urba,rugby,https://urbaimagenes-cddyfadwc8dqcchn.z03.azurefd.net/img/clubs/sanfernando.png,san-fernando-m15-a,32,2021 2022 2025,4,la institución existe; el equipo juvenil no
2,equipo_juvenil,32,"San Fernando M15 ""B""",M15,B,urba,rugby,https://urbaimagenes-cddyfadwc8dqcchn.z03.azurefd.net/img/clubs/sanfernando.png,san-fernando-m15-b,32,2021 2022 2025,4,la institución existe; el equipo juvenil no
2,equipo_juvenil,32,San Fernando M16,M16,"",urba,rugby,https://urbaimagenes-cddyfadwc8dqcchn.z03.azurefd.net/img/clubs/sanfernando.png,san-fernando-m16,32,2021 2024 2025,5,la institución existe; el equipo juvenil no
2,equipo_juvenil,32,"San Fernando M16 ""A""",M16,A,urba,rugby,https://urbaimagenes-cddyfadwc8dqcchn.z03.azurefd.net/img/clubs/sanfernando.png,san-fernando-m16-a,32,2022 2023 2024 2026,6,la institución existe; el equipo juvenil no
2,equipo_juvenil,32,"San Fernando M16 ""B""",M16,B,urba,rugby,https://urbaimagenes-cddyfadwc8dqcchn.z03.azurefd.net/img/clubs/sanfernando.png,san-fernando-m16-b,32,2022 2024 2026,4,la institución existe; el equipo juvenil no
2,equipo_juvenil,32,San Fernando M17,M17,"",urba,rugby,https://urbaimagenes-cddyfadwc8dqcchn.z03.azurefd.net/img/clubs/sanfernando.png,san-fernando-m17,32,2022 2026,2,la institución existe; el equipo juvenil no
2,equipo_juvenil,32,"San Fernando M17 ""A""",M17,A,urba,rugby,https://urbaimagenes-cddyfadwc8dqcchn.z03.azurefd.net/img/clubs/sanfernando.png,san-fernando-m17-a,32,2022 2023 2024 2025,7,la institución existe; el equipo juvenil no
2,equipo_juvenil,32,"San Fernando M17 ""B""",M17,B,urba,rugby,https://urbaimagenes-cddyfadwc8dqcchn.z03.azurefd.net/img/clubs/sanfernando.png,san-fernando-m17-b,32,2022 2023 2024 2025,7,la institución existe; el equipo juvenil no
2,equipo_juvenil,32,"San Fernando M18 ""A""",M18,A,urba,rugby,https://urbaimagenes-cddyfadwc8dqcchn.z03.azurefd.net/img/clubs/sanfernando.png,san-fernando-m18-a,32,2021,3,la institución existe; el equipo juvenil no
2,equipo_juvenil,32,"San Fernando M18 ""B""",M18,B,urba,rugby,https://urbaimagenes-cddyfadwc8dqcchn.z03.azurefd.net/img/clubs/sanfernando.png,san-fernando-m18-b,32,2021,3,la institución existe; el equipo juvenil no
2,equipo_juvenil,32,"San Fernando M19 ""A""",M19,A,urba,rugby,https://urbaimagenes-cddyfadwc8dqcchn.z03.azurefd.net/img/clubs/sanfernando.png,san-fernando-m19-a,32,2022 2023 2024 2025 2026,10,la institución existe; el equipo juvenil no
2,equipo_juvenil,32,"San Fernando M19 ""B""",M19,B,urba,rugby,https://urbaimagenes-cddyfadwc8dqcchn.z03.azurefd.net/img/clubs/sanfernando.png,san-fernando-m19-b,32,2022 2023 2024 2025 2026,10,la institución existe; el equipo juvenil no
2,equipo_juvenil,32,"San Fernando M19 ""C""",M19,C,urba,rugby,https://urbaimagenes-cddyfadwc8dqcchn.z03.azurefd.net/img/clubs/sanfernando.png,san-fernando-m19-c,32,2025,2,la institución existe; el equipo juvenil no
2,equipo_juvenil,83,San José M17,M17,"",urba,rugby,https://urbaimagenes-cddyfadwc8dqcchn.z03.azurefd.net/img/clubs/sanjose.png,san-jose-m17,83,2025 2026,3,la institución existe; el equipo juvenil no
2,equipo_juvenil,5,"San Luis M15 ""A""",M15,A,urba,rugby,https://urbaimagenes-cddyfadwc8dqcchn.z03.azurefd.net/img/clubs/sanluis.png,san-luis-m15-a,5,2021 2022 2023 2024 2025 2026,10,la institución existe; el equipo juvenil no
2,equipo_juvenil,5,"San Luis M15 ""B""",M15,B,urba,rugby,https://urbaimagenes-cddyfadwc8dqcchn.z03.azurefd.net/img/clubs/sanluis.png,san-luis-m15-b,5,2021 2022 2023 2024 2025 2026,10,la institución existe; el equipo juvenil no
2,equipo_juvenil,5,"San Luis M16 ""A""",M16,A,urba,rugby,https://urbaimagenes-cddyfadwc8dqcchn.z03.azurefd.net/img/clubs/sanluis.png,san-luis-m16-a,5,2021 2022 2023 2024 2025 2026,11,la institución existe; el equipo juvenil no
2,equipo_juvenil,5,"San Luis M16 ""B""",M16,B,urba,rugby,https://urbaimagenes-cddyfadwc8dqcchn.z03.azurefd.net/img/clubs/sanluis.png,san-luis-m16-b,5,2021 2022 2023 2024 2025 2026,10,la institución existe; el equipo juvenil no
2,equipo_juvenil,5,"San Luis M18 ""A""",M18,A,urba,rugby,https://urbaimagenes-cddyfadwc8dqcchn.z03.azurefd.net/img/clubs/sanluis.png,san-luis-m18-a,5,2021,2,la institución existe; el equipo juvenil no
2,equipo_juvenil,5,"San Luis M18 ""B""",M18,B,urba,rugby,https://urbaimagenes-cddyfadwc8dqcchn.z03.azurefd.net/img/clubs/sanluis.png,san-luis-m18-b,5,2021,1,la institución existe; el equipo juvenil no
2,equipo_juvenil,5,"San Luis M19 ""C""",M19,C,urba,rugby,https://urbaimagenes-cddyfadwc8dqcchn.z03.azurefd.net/img/clubs/sanluis.png,san-luis-m19-c,5,2022 2023 2024 2025 2026,10,la institución existe; el equipo juvenil no
2,equipo_juvenil,5,"San Luis M20 ""A""",M20,A,urba,rugby,https://urbaimagenes-cddyfadwc8dqcchn.z03.azurefd.net/img/clubs/sanluis.png,san-luis-m20-a,5,2021,2,la institución existe; el equipo juvenil no
2,equipo_juvenil,5,"San Luis M20 ""B""",M20,B,urba,rugby,https://urbaimagenes-cddyfadwc8dqcchn.z03.azurefd.net/img/clubs/sanluis.png,san-luis-m20-b,5,2021,2,la institución existe; el equipo juvenil no
2,equipo_juvenil,20,"San Martín M15 ""A""",M15,A,urba,rugby,https://urbaimagenes-cddyfadwc8dqcchn.z03.azurefd.net/img/clubs/sanmartin.png,san-martin-m15-a,20,2021 2022 2023 2024 2025 2026,10,la institución existe; el equipo juvenil no
2,equipo_juvenil,20,"San Martín M15 ""B""",M15,B,urba,rugby,https://urbaimagenes-cddyfadwc8dqcchn.z03.azurefd.net/img/clubs/sanmartin.png,san-martin-m15-b,20,2021 2022 2023 2024 2025 2026,10,la institución existe; el equipo juvenil no
2,equipo_juvenil,20,"San Martín M16 ""A""",M16,A,urba,rugby,https://urbaimagenes-cddyfadwc8dqcchn.z03.azurefd.net/img/clubs/sanmartin.png,san-martin-m16-a,20,2021 2022 2023 2024 2025 2026,11,la institución existe; el equipo juvenil no
2,equipo_juvenil,20,"San Martín M16 ""B""",M16,B,urba,rugby,https://urbaimagenes-cddyfadwc8dqcchn.z03.azurefd.net/img/clubs/sanmartin.png,san-martin-m16-b,20,2021 2022 2023 2024 2025 2026,11,la institución existe; el equipo juvenil no
2,equipo_juvenil,20,"San Martín M16 ""C""",M16,C,urba,rugby,https://urbaimagenes-cddyfadwc8dqcchn.z03.azurefd.net/img/clubs/sanmartin.png,san-martin-m16-c,20,2023 2024,3,la institución existe; el equipo juvenil no
2,equipo_juvenil,20,"San Martín M17 ""A""",M17,A,urba,rugby,https://urbaimagenes-cddyfadwc8dqcchn.z03.azurefd.net/img/clubs/sanmartin.png,san-martin-m17-a,20,2022 2023 2024 2025 2026,9,la institución existe; el equipo juvenil no
2,equipo_juvenil,20,"San Martín M17 ""B""",M17,B,urba,rugby,https://urbaimagenes-cddyfadwc8dqcchn.z03.azurefd.net/img/clubs/sanmartin.png,san-martin-m17-b,20,2022 2023 2024 2025 2026,9,la institución existe; el equipo juvenil no
2,equipo_juvenil,20,"San Martín M17 ""C""",M17,C,urba,rugby,https://urbaimagenes-cddyfadwc8dqcchn.z03.azurefd.net/img/clubs/sanmartin.png,san-martin-m17-c,20,2025,2,la institución existe; el equipo juvenil no
2,equipo_juvenil,20,"San Martín M18 ""A""",M18,A,urba,rugby,https://urbaimagenes-cddyfadwc8dqcchn.z03.azurefd.net/img/clubs/sanmartin.png,san-martin-m18-a,20,2021,2,la institución existe; el equipo juvenil no
2,equipo_juvenil,20,"San Martín M18 ""B""",M18,B,urba,rugby,https://urbaimagenes-cddyfadwc8dqcchn.z03.azurefd.net/img/clubs/sanmartin.png,san-martin-m18-b,20,2021,2,la institución existe; el equipo juvenil no
2,equipo_juvenil,20,"San Martín M18 ""C""",M18,C,urba,rugby,https://urbaimagenes-cddyfadwc8dqcchn.z03.azurefd.net/img/clubs/sanmartin.png,san-martin-m18-c,20,2021,1,la institución existe; el equipo juvenil no
2,equipo_juvenil,20,"San Martín M19 ""C""",M19,C,urba,rugby,https://urbaimagenes-cddyfadwc8dqcchn.z03.azurefd.net/img/clubs/sanmartin.png,san-martin-m19-c,20,2024 2025 2026,6,la institución existe; el equipo juvenil no
2,equipo_juvenil,20,"San Martín M19 ""D""",M19,D,urba,rugby,https://urbaimagenes-cddyfadwc8dqcchn.z03.azurefd.net/img/clubs/sanmartin.png,san-martin-m19-d,20,2025 2026,4,la institución existe; el equipo juvenil no
2,equipo_juvenil,20,"San Martín M20 ""A""",M20,A,urba,rugby,https://urbaimagenes-cddyfadwc8dqcchn.z03.azurefd.net/img/clubs/sanmartin.png,san-martin-m20-a,20,2021,2,la institución existe; el equipo juvenil no
2,equipo_juvenil,20,"San Martín M20 ""B""",M20,B,urba,rugby,https://urbaimagenes-cddyfadwc8dqcchn.z03.azurefd.net/img/clubs/sanmartin.png,san-martin-m20-b,20,2021,2,la institución existe; el equipo juvenil no
2,equipo_juvenil,56,San Miguel R.C. M15,M15,"",urba,rugby,https://urbaimagenes-cddyfadwc8dqcchn.z03.azurefd.net/img/clubs/sanmiguel.png,san-miguel-r-c-m15,56,2026,1,la institución existe; el equipo juvenil no
2,equipo_juvenil,56,San Miguel R.C. M16,M16,"",urba,rugby,https://urbaimagenes-cddyfadwc8dqcchn.z03.azurefd.net/img/clubs/sanmiguel.png,san-miguel-r-c-m16,56,2022 2023 2025,4,la institución existe; el equipo juvenil no
2,equipo_juvenil,56,San Miguel R.C. M17,M17,"",urba,rugby,https://urbaimagenes-cddyfadwc8dqcchn.z03.azurefd.net/img/clubs/sanmiguel.png,san-miguel-r-c-m17,56,2021 2023 2024 2026,6,la institución existe; el equipo juvenil no
2,equipo_juvenil,56,San Miguel R.C. M18,M18,"",urba,rugby,https://urbaimagenes-cddyfadwc8dqcchn.z03.azurefd.net/img/clubs/sanmiguel.png,san-miguel-r-c-m18,56,2021,2,la institución existe; el equipo juvenil no
2,equipo_juvenil,56,San Miguel R.C. M19,M19,"",urba,rugby,https://urbaimagenes-cddyfadwc8dqcchn.z03.azurefd.net/img/clubs/sanmiguel.png,san-miguel-r-c-m19,56,2022 2023 2025 2026,7,la institución existe; el equipo juvenil no
2,equipo_juvenil,21,Club San Patricio M15,M15,"",urba,rugby,https://urbaimagenes-cddyfadwc8dqcchn.z03.azurefd.net/img/clubs/sanpatricio.png,club-san-patricio-m15,21,2021 2022 2023 2024 2026,7,la institución existe; el equipo juvenil no
2,equipo_juvenil,21,"Club San Patricio M15 ""A""",M15,A,urba,rugby,https://urbaimagenes-cddyfadwc8dqcchn.z03.azurefd.net/img/clubs/sanpatricio.png,club-san-patricio-m15-a,21,2025,2,la institución existe; el equipo juvenil no
2,equipo_juvenil,21,"Club San Patricio M15 ""B""",M15,B,urba,rugby,https://urbaimagenes-cddyfadwc8dqcchn.z03.azurefd.net/img/clubs/sanpatricio.png,club-san-patricio-m15-b,21,2025,2,la institución existe; el equipo juvenil no
2,equipo_juvenil,21,Club San Patricio M16,M16,"",urba,rugby,https://urbaimagenes-cddyfadwc8dqcchn.z03.azurefd.net/img/clubs/sanpatricio.png,club-san-patricio-m16,21,2022 2023 2024 2025 2026,9,la institución existe; el equipo juvenil no
2,equipo_juvenil,21,"Club San Patricio M16 ""A""",M16,A,urba,rugby,https://urbaimagenes-cddyfadwc8dqcchn.z03.azurefd.net/img/clubs/sanpatricio.png,club-san-patricio-m16-a,21,2021,1,la institución existe; el equipo juvenil no
2,equipo_juvenil,21,"Club San Patricio M16 ""B""",M16,B,urba,rugby,https://urbaimagenes-cddyfadwc8dqcchn.z03.azurefd.net/img/clubs/sanpatricio.png,club-san-patricio-m16-b,21,2021,1,la institución existe; el equipo juvenil no
2,equipo_juvenil,21,Club San Patricio M17,M17,"",urba,rugby,https://urbaimagenes-cddyfadwc8dqcchn.z03.azurefd.net/img/clubs/sanpatricio.png,club-san-patricio-m17,21,2021 2022 2023 2024 2025 2026,10,la institución existe; el equipo juvenil no
2,equipo_juvenil,21,"Club San Patricio M18 ""A""",M18,A,urba,rugby,https://urbaimagenes-cddyfadwc8dqcchn.z03.azurefd.net/img/clubs/sanpatricio.png,club-san-patricio-m18-a,21,2021,2,la institución existe; el equipo juvenil no
2,equipo_juvenil,21,"Club San Patricio M18 ""B""",M18,B,urba,rugby,https://urbaimagenes-cddyfadwc8dqcchn.z03.azurefd.net/img/clubs/sanpatricio.png,club-san-patricio-m18-b,21,2021,2,la institución existe; el equipo juvenil no
2,equipo_juvenil,21,"Club San Patricio M19 ""A""",M19,A,urba,rugby,https://urbaimagenes-cddyfadwc8dqcchn.z03.azurefd.net/img/clubs/sanpatricio.png,club-san-patricio-m19-a,21,2022 2023 2024 2025 2026,10,la institución existe; el equipo juvenil no
2,equipo_juvenil,21,"Club San Patricio M19 ""B""",M19,B,urba,rugby,https://urbaimagenes-cddyfadwc8dqcchn.z03.azurefd.net/img/clubs/sanpatricio.png,club-san-patricio-m19-b,21,2022 2023 2024 2025 2026,9,la institución existe; el equipo juvenil no
2,equipo_juvenil,1,"SIC M15 ""A""",M15,A,urba,rugby,https://urbaimagenes-cddyfadwc8dqcchn.z03.azurefd.net/img/clubs/sic.png,sic-m15-a,1,2021 2022 2023 2024 2025 2026,9,la institución existe; el equipo juvenil no
2,equipo_juvenil,1,"SIC M15 ""B""",M15,B,urba,rugby,https://urbaimagenes-cddyfadwc8dqcchn.z03.azurefd.net/img/clubs/sic.png,sic-m15-b,1,2021 2022 2023 2024 2025 2026,11,la institución existe; el equipo juvenil no
2,equipo_juvenil,1,"SIC M15 ""C""",M15,C,urba,rugby,https://urbaimagenes-cddyfadwc8dqcchn.z03.azurefd.net/img/clubs/sic.png,sic-m15-c,1,2021 2022 2023 2024 2025 2026,8,la institución existe; el equipo juvenil no
2,equipo_juvenil,1,"SIC M15 ""D""",M15,D,urba,rugby,https://urbaimagenes-cddyfadwc8dqcchn.z03.azurefd.net/img/clubs/sic.png,sic-m15-d,1,2021 2022 2023 2024 2025,8,la institución existe; el equipo juvenil no
2,equipo_juvenil,1,"SIC M16 ""A""",M16,A,urba,rugby,https://urbaimagenes-cddyfadwc8dqcchn.z03.azurefd.net/img/clubs/sic.png,sic-m16-a,1,2021 2022 2023 2024 2025 2026,11,la institución existe; el equipo juvenil no
2,equipo_juvenil,1,"SIC M16 ""B""",M16,B,urba,rugby,https://urbaimagenes-cddyfadwc8dqcchn.z03.azurefd.net/img/clubs/sic.png,sic-m16-b,1,2021 2022 2023 2024 2025 2026,11,la institución existe; el equipo juvenil no
2,equipo_juvenil,1,"SIC M16 ""C""",M16,C,urba,rugby,https://urbaimagenes-cddyfadwc8dqcchn.z03.azurefd.net/img/clubs/sic.png,sic-m16-c,1,2021 2022 2023 2024 2025 2026,10,la institución existe; el equipo juvenil no
2,equipo_juvenil,1,"SIC M16 ""D""",M16,D,urba,rugby,https://urbaimagenes-cddyfadwc8dqcchn.z03.azurefd.net/img/clubs/sic.png,sic-m16-d,1,2022 2023 2024 2025 2026,9,la institución existe; el equipo juvenil no
2,equipo_juvenil,1,"SIC M17 ""C""",M17,C,urba,rugby,https://urbaimagenes-cddyfadwc8dqcchn.z03.azurefd.net/img/clubs/sic.png,sic-m17-c,1,2021 2022 2023 2024 2025 2026,9,la institución existe; el equipo juvenil no
2,equipo_juvenil,1,"SIC M17 ""D""",M17,D,urba,rugby,https://urbaimagenes-cddyfadwc8dqcchn.z03.azurefd.net/img/clubs/sic.png,sic-m17-d,1,2023 2024 2025 2026,7,la institución existe; el equipo juvenil no
2,equipo_juvenil,1,"SIC M18 ""A""",M18,A,urba,rugby,https://urbaimagenes-cddyfadwc8dqcchn.z03.azurefd.net/img/clubs/sic.png,sic-m18-a,1,2021,2,la institución existe; el equipo juvenil no
2,equipo_juvenil,1,"SIC M18 ""B""",M18,B,urba,rugby,https://urbaimagenes-cddyfadwc8dqcchn.z03.azurefd.net/img/clubs/sic.png,sic-m18-b,1,2021,2,la institución existe; el equipo juvenil no
2,equipo_juvenil,1,"SIC M19 ""C""",M19,C,urba,rugby,https://urbaimagenes-cddyfadwc8dqcchn.z03.azurefd.net/img/clubs/sic.png,sic-m19-c,1,2022 2023 2024 2025 2026,10,la institución existe; el equipo juvenil no
2,equipo_juvenil,1,"SIC M19 ""D""",M19,D,urba,rugby,https://urbaimagenes-cddyfadwc8dqcchn.z03.azurefd.net/img/clubs/sic.png,sic-m19-d,1,2022 2023 2024 2025 2026,11,la institución existe; el equipo juvenil no
2,equipo_juvenil,1,"SIC M19 ""E""",M19,E,urba,rugby,https://urbaimagenes-cddyfadwc8dqcchn.z03.azurefd.net/img/clubs/sic.png,sic-m19-e,1,2023 2024 2025 2026,7,la institución existe; el equipo juvenil no
2,equipo_juvenil,1,"SIC M19 ""F""",M19,F,urba,rugby,https://urbaimagenes-cddyfadwc8dqcchn.z03.azurefd.net/img/clubs/sic.png,sic-m19-f,1,2023 2024 2025 2026,8,la institución existe; el equipo juvenil no
2,equipo_juvenil,1,"SIC M19 ""G""",M19,G,urba,rugby,https://urbaimagenes-cddyfadwc8dqcchn.z03.azurefd.net/img/clubs/sic.png,sic-m19-g,1,2024 2025 2026,5,la institución existe; el equipo juvenil no
2,equipo_juvenil,1,"SIC M20 ""A""",M20,A,urba,rugby,https://urbaimagenes-cddyfadwc8dqcchn.z03.azurefd.net/img/clubs/sic.png,sic-m20-a,1,2021,2,la institución existe; el equipo juvenil no
2,equipo_juvenil,1,"SIC M20 ""B""",M20,B,urba,rugby,https://urbaimagenes-cddyfadwc8dqcchn.z03.azurefd.net/img/clubs/sic.png,sic-m20-b,1,2021,2,la institución existe; el equipo juvenil no
2,equipo_juvenil,1,"SIC M20 ""C""",M20,C,urba,rugby,https://urbaimagenes-cddyfadwc8dqcchn.z03.azurefd.net/img/clubs/sic.png,sic-m20-c,1,2021,2,la institución existe; el equipo juvenil no
2,equipo_juvenil,1,"SIC M20 ""D""",M20,D,urba,rugby,https://urbaimagenes-cddyfadwc8dqcchn.z03.azurefd.net/img/clubs/sic.png,sic-m20-d,1,2021,2,la institución existe; el equipo juvenil no
2,equipo_juvenil,1,"SIC M20 ""E""",M20,E,urba,rugby,https://urbaimagenes-cddyfadwc8dqcchn.z03.azurefd.net/img/clubs/sic.png,sic-m20-e,1,2021,1,la institución existe; el equipo juvenil no
2,equipo_juvenil,1,SIC M22,M22,"",urba,rugby,https://urbaimagenes-cddyfadwc8dqcchn.z03.azurefd.net/img/clubs/sic.png,sic-m22,1,2024 2025 2026,3,la institución existe; el equipo juvenil no
2,equipo_juvenil,1,"SIC M22 ""B""",M22,B,urba,rugby,https://urbaimagenes-cddyfadwc8dqcchn.z03.azurefd.net/img/clubs/sic.png,sic-m22-b,1,2024 2025 2026,3,la institución existe; el equipo juvenil no
2,equipo_juvenil,43,SITAS M15,M15,"",urba,rugby,https://urbaimagenes-cddyfadwc8dqcchn.z03.azurefd.net/img/clubs/sitas.png,sitas-m15,43,2022 2023 2025,5,la institución existe; el equipo juvenil no
2,equipo_juvenil,43,"SITAS M15 ""A""",M15,A,urba,rugby,https://urbaimagenes-cddyfadwc8dqcchn.z03.azurefd.net/img/clubs/sitas.png,sitas-m15-a,43,2021 2024 2026,4,la institución existe; el equipo juvenil no
2,equipo_juvenil,43,"SITAS M15 ""B""",M15,B,urba,rugby,https://urbaimagenes-cddyfadwc8dqcchn.z03.azurefd.net/img/clubs/sitas.png,sitas-m15-b,43,2021 2024 2026,4,la institución existe; el equipo juvenil no
2,equipo_juvenil,43,SITAS M16,M16,"",urba,rugby,https://urbaimagenes-cddyfadwc8dqcchn.z03.azurefd.net/img/clubs/sitas.png,sitas-m16,43,2022 2023 2024 2026,6,la institución existe; el equipo juvenil no
2,equipo_juvenil,43,"SITAS M16 ""A""",M16,A,urba,rugby,https://urbaimagenes-cddyfadwc8dqcchn.z03.azurefd.net/img/clubs/sitas.png,sitas-m16-a,43,2021 2022 2025,4,la institución existe; el equipo juvenil no
2,equipo_juvenil,43,"SITAS M16 ""B""",M16,B,urba,rugby,https://urbaimagenes-cddyfadwc8dqcchn.z03.azurefd.net/img/clubs/sitas.png,sitas-m16-b,43,2021 2022 2025,4,la institución existe; el equipo juvenil no
2,equipo_juvenil,43,SITAS M17,M17,"",urba,rugby,https://urbaimagenes-cddyfadwc8dqcchn.z03.azurefd.net/img/clubs/sitas.png,sitas-m17,43,2022 2024 2025,5,la institución existe; el equipo juvenil no
2,equipo_juvenil,43,"SITAS M18 ""A""",M18,A,urba,rugby,https://urbaimagenes-cddyfadwc8dqcchn.z03.azurefd.net/img/clubs/sitas.png,sitas-m18-a,43,2021,2,la institución existe; el equipo juvenil no
2,equipo_juvenil,43,"SITAS M18 ""B""",M18,B,urba,rugby,https://urbaimagenes-cddyfadwc8dqcchn.z03.azurefd.net/img/clubs/sitas.png,sitas-m18-b,43,2021,2,la institución existe; el equipo juvenil no
2,equipo_juvenil,43,"SITAS M19 ""A""",M19,A,urba,rugby,https://urbaimagenes-cddyfadwc8dqcchn.z03.azurefd.net/img/clubs/sitas.png,sitas-m19-a,43,2022 2023 2024 2025 2026,10,la institución existe; el equipo juvenil no
2,equipo_juvenil,43,"SITAS M19 ""B""",M19,B,urba,rugby,https://urbaimagenes-cddyfadwc8dqcchn.z03.azurefd.net/img/clubs/sitas.png,sitas-m19-b,43,2022 2023 2024 2025 2026,10,la institución existe; el equipo juvenil no
2,equipo_juvenil,58,St. Brendan's M16,M16,"",urba,rugby,https://urbaimagenes-cddyfadwc8dqcchn.z03.azurefd.net/img/clubs/stbrendans.png,st-brendans-m16,58,2021 2025,4,la institución existe; el equipo juvenil no
2,equipo_juvenil,58,St. Brendan's M17,M17,"",urba,rugby,https://urbaimagenes-cddyfadwc8dqcchn.z03.azurefd.net/img/clubs/stbrendans.png,st-brendans-m17,58,2022 2023 2024 2026,6,la institución existe; el equipo juvenil no
2,equipo_juvenil,58,St. Brendan's M18,M18,"",urba,rugby,https://urbaimagenes-cddyfadwc8dqcchn.z03.azurefd.net/img/clubs/stbrendans.png,st-brendans-m18,58,2021,2,la institución existe; el equipo juvenil no
2,equipo_juvenil,58,St. Brendan's M19,M19,"",urba,rugby,https://urbaimagenes-cddyfadwc8dqcchn.z03.azurefd.net/img/clubs/stbrendans.png,st-brendans-m19,58,2022 2023 2024 2025,8,la institución existe; el equipo juvenil no
2,equipo_juvenil,58,St. Brendan's M20,M20,"",urba,rugby,https://urbaimagenes-cddyfadwc8dqcchn.z03.azurefd.net/img/clubs/stbrendans.png,st-brendans-m20,58,2021,2,la institución existe; el equipo juvenil no
2,equipo_juvenil,29,Universitario de La Plata M15,M15,"",urba,rugby,https://urbaimagenes-cddyfadwc8dqcchn.z03.azurefd.net/img/clubs/universitariodelaplata.png,universitario-de-la-plata-m15,29,2021 2022 2023 2024,6,la institución existe; el equipo juvenil no
2,equipo_juvenil,29,"Universitario de La Plata M15 ""A""",M15,A,urba,rugby,https://urbaimagenes-cddyfadwc8dqcchn.z03.azurefd.net/img/clubs/universitariodelaplata.png,universitario-de-la-plata-m15-a,29,2025 2026,3,la institución existe; el equipo juvenil no
2,equipo_juvenil,29,"Universitario de La Plata M15 ""B""",M15,B,urba,rugby,https://urbaimagenes-cddyfadwc8dqcchn.z03.azurefd.net/img/clubs/universitariodelaplata.png,universitario-de-la-plata-m15-b,29,2025 2026,3,la institución existe; el equipo juvenil no
2,equipo_juvenil,29,Universitario de La Plata M16,M16,"",urba,rugby,https://urbaimagenes-cddyfadwc8dqcchn.z03.azurefd.net/img/clubs/universitariodelaplata.png,universitario-de-la-plata-m16,29,2021 2022 2023 2024,5,la institución existe; el equipo juvenil no
2,equipo_juvenil,29,"Universitario de La Plata M16 ""A""",M16,A,urba,rugby,https://urbaimagenes-cddyfadwc8dqcchn.z03.azurefd.net/img/clubs/universitariodelaplata.png,universitario-de-la-plata-m16-a,29,2022 2025 2026,4,la institución existe; el equipo juvenil no
2,equipo_juvenil,29,"Universitario de La Plata M16 ""B""",M16,B,urba,rugby,https://urbaimagenes-cddyfadwc8dqcchn.z03.azurefd.net/img/clubs/universitariodelaplata.png,universitario-de-la-plata-m16-b,29,2022 2023 2025 2026,5,la institución existe; el equipo juvenil no
2,equipo_juvenil,29,Universitario de La Plata M17,M17,"",urba,rugby,https://urbaimagenes-cddyfadwc8dqcchn.z03.azurefd.net/img/clubs/universitariodelaplata.png,universitario-de-la-plata-m17,29,2022 2023,2,la institución existe; el equipo juvenil no
2,equipo_juvenil,29,"Universitario de La Plata M17 ""A""",M17,A,urba,rugby,https://urbaimagenes-cddyfadwc8dqcchn.z03.azurefd.net/img/clubs/universitariodelaplata.png,universitario-de-la-plata-m17-a,29,2022 2024 2025 2026,6,la institución existe; el equipo juvenil no
2,equipo_juvenil,29,"Universitario de La Plata M17 ""B""",M17,B,urba,rugby,https://urbaimagenes-cddyfadwc8dqcchn.z03.azurefd.net/img/clubs/universitariodelaplata.png,universitario-de-la-plata-m17-b,29,2022 2024 2025 2026,6,la institución existe; el equipo juvenil no
2,equipo_juvenil,29,"Universitario de La Plata M18 ""A""",M18,A,urba,rugby,https://urbaimagenes-cddyfadwc8dqcchn.z03.azurefd.net/img/clubs/universitariodelaplata.png,universitario-de-la-plata-m18-a,29,2021,2,la institución existe; el equipo juvenil no
2,equipo_juvenil,29,"Universitario de La Plata M18 ""B""",M18,B,urba,rugby,https://urbaimagenes-cddyfadwc8dqcchn.z03.azurefd.net/img/clubs/universitariodelaplata.png,universitario-de-la-plata-m18-b,29,2021,1,la institución existe; el equipo juvenil no
2,equipo_juvenil,29,"Universitario de La Plata M19 ""A""",M19,A,urba,rugby,https://urbaimagenes-cddyfadwc8dqcchn.z03.azurefd.net/img/clubs/universitariodelaplata.png,universitario-de-la-plata-m19-a,29,2022 2023 2024 2025 2026,10,la institución existe; el equipo juvenil no
2,equipo_juvenil,29,"Universitario de La Plata M19 ""B""",M19,B,urba,rugby,https://urbaimagenes-cddyfadwc8dqcchn.z03.azurefd.net/img/clubs/universitariodelaplata.png,universitario-de-la-plata-m19-b,29,2022 2023 2024 2025 2026,10,la institución existe; el equipo juvenil no
2,equipo_juvenil,29,"Universitario de La Plata M19 ""C""",M19,C,urba,rugby,https://urbaimagenes-cddyfadwc8dqcchn.z03.azurefd.net/img/clubs/universitariodelaplata.png,universitario-de-la-plata-m19-c,29,2025,1,la institución existe; el equipo juvenil no
2,equipo_juvenil,45,Vicentinos M15,M15,"",urba,rugby,https://urbaimagenes-cddyfadwc8dqcchn.z03.azurefd.net/img/clubs/vicentinos.png,vicentinos-m15,45,2021 2022 2023 2024 2025 2026,8,la institución existe; el equipo juvenil no
2,equipo_juvenil,45,"Vicentinos M15 ""A""",M15,A,urba,rugby,https://urbaimagenes-cddyfadwc8dqcchn.z03.azurefd.net/img/clubs/vicentinos.png,vicentinos-m15-a,45,2023 2024,2,la institución existe; el equipo juvenil no
2,equipo_juvenil,45,"Vicentinos M15 ""B""",M15,B,urba,rugby,https://urbaimagenes-cddyfadwc8dqcchn.z03.azurefd.net/img/clubs/vicentinos.png,vicentinos-m15-b,45,2023 2024,2,la institución existe; el equipo juvenil no
2,equipo_juvenil,45,Vicentinos M16,M16,"",urba,rugby,https://urbaimagenes-cddyfadwc8dqcchn.z03.azurefd.net/img/clubs/vicentinos.png,vicentinos-m16,45,2022 2023 2024 2026,7,la institución existe; el equipo juvenil no
2,equipo_juvenil,45,"Vicentinos M16 ""A""",M16,A,urba,rugby,https://urbaimagenes-cddyfadwc8dqcchn.z03.azurefd.net/img/clubs/vicentinos.png,vicentinos-m16-a,45,2021 2025,3,la institución existe; el equipo juvenil no
2,equipo_juvenil,45,"Vicentinos M16 ""B""",M16,B,urba,rugby,https://urbaimagenes-cddyfadwc8dqcchn.z03.azurefd.net/img/clubs/vicentinos.png,vicentinos-m16-b,45,2021 2025,3,la institución existe; el equipo juvenil no
2,equipo_juvenil,45,Vicentinos M17,M17,"",urba,rugby,https://urbaimagenes-cddyfadwc8dqcchn.z03.azurefd.net/img/clubs/vicentinos.png,vicentinos-m17,45,2023 2024 2025 2026,6,la institución existe; el equipo juvenil no
2,equipo_juvenil,45,"Vicentinos M17 ""A""",M17,A,urba,rugby,https://urbaimagenes-cddyfadwc8dqcchn.z03.azurefd.net/img/clubs/vicentinos.png,vicentinos-m17-a,45,2022,2,la institución existe; el equipo juvenil no
2,equipo_juvenil,45,"Vicentinos M17 ""B""",M17,B,urba,rugby,https://urbaimagenes-cddyfadwc8dqcchn.z03.azurefd.net/img/clubs/vicentinos.png,vicentinos-m17-b,45,2022,2,la institución existe; el equipo juvenil no
2,equipo_juvenil,45,"Vicentinos M18 ""A""",M18,A,urba,rugby,https://urbaimagenes-cddyfadwc8dqcchn.z03.azurefd.net/img/clubs/vicentinos.png,vicentinos-m18-a,45,2021,2,la institución existe; el equipo juvenil no
2,equipo_juvenil,45,"Vicentinos M18 ""B""",M18,B,urba,rugby,https://urbaimagenes-cddyfadwc8dqcchn.z03.azurefd.net/img/clubs/vicentinos.png,vicentinos-m18-b,45,2021,2,la institución existe; el equipo juvenil no
2,equipo_juvenil,45,Vicentinos M19,M19,"",urba,rugby,https://urbaimagenes-cddyfadwc8dqcchn.z03.azurefd.net/img/clubs/vicentinos.png,vicentinos-m19,45,2025 2026,3,la institución existe; el equipo juvenil no
2,equipo_juvenil,45,"Vicentinos M19 ""A""",M19,A,urba,rugby,https://urbaimagenes-cddyfadwc8dqcchn.z03.azurefd.net/img/clubs/vicentinos.png,vicentinos-m19-a,45,2022 2023 2024 2025,7,la institución existe; el equipo juvenil no
2,equipo_juvenil,45,"Vicentinos M19 ""B""",M19,B,urba,rugby,https://urbaimagenes-cddyfadwc8dqcchn.z03.azurefd.net/img/clubs/vicentinos.png,vicentinos-m19-b,45,2022 2023 2024 2025,7,la institución existe; el equipo juvenil no
2,equipo_juvenil,55,VIrreyes R.C. M15,M15,"",urba,rugby,https://urbaimagenes-cddyfadwc8dqcchn.z03.azurefd.net/img/clubs/virreyes.png,virreyes-r-c-m15,55,2026,1,la institución existe; el equipo juvenil no
2,equipo_juvenil,55,"VIrreyes R.C. M15 ""A""",M15,A,urba,rugby,https://urbaimagenes-cddyfadwc8dqcchn.z03.azurefd.net/img/clubs/virreyes.png,virreyes-r-c-m15-a,55,2021 2022 2023 2024 2025,9,la institución existe; el equipo juvenil no
2,equipo_juvenil,55,"VIrreyes R.C. M15 ""B""",M15,B,urba,rugby,https://urbaimagenes-cddyfadwc8dqcchn.z03.azurefd.net/img/clubs/virreyes.png,virreyes-r-c-m15-b,55,2021 2022 2023 2024 2025,9,la institución existe; el equipo juvenil no
2,equipo_juvenil,55,VIrreyes R.C. M16,M16,"",urba,rugby,https://urbaimagenes-cddyfadwc8dqcchn.z03.azurefd.net/img/clubs/virreyes.png,virreyes-r-c-m16,55,2021 2023 2024,6,la institución existe; el equipo juvenil no
2,equipo_juvenil,55,"VIrreyes R.C. M16 ""A""",M16,A,urba,rugby,https://urbaimagenes-cddyfadwc8dqcchn.z03.azurefd.net/img/clubs/virreyes.png,virreyes-r-c-m16-a,55,2022 2025 2026,5,la institución existe; el equipo juvenil no
2,equipo_juvenil,55,"VIrreyes R.C. M16 ""B""",M16,B,urba,rugby,https://urbaimagenes-cddyfadwc8dqcchn.z03.azurefd.net/img/clubs/virreyes.png,virreyes-r-c-m16-b,55,2022 2025 2026,5,la institución existe; el equipo juvenil no
2,equipo_juvenil,55,VIrreyes R.C. M17,M17,"",urba,rugby,https://urbaimagenes-cddyfadwc8dqcchn.z03.azurefd.net/img/clubs/virreyes.png,virreyes-r-c-m17,55,2023 2024 2025,6,la institución existe; el equipo juvenil no
2,equipo_juvenil,55,"VIrreyes R.C. M17 ""A""",M17,A,urba,rugby,https://urbaimagenes-cddyfadwc8dqcchn.z03.azurefd.net/img/clubs/virreyes.png,virreyes-r-c-m17-a,55,2022 2026,3,la institución existe; el equipo juvenil no
2,equipo_juvenil,55,"VIrreyes R.C. M17 ""B""",M17,B,urba,rugby,https://urbaimagenes-cddyfadwc8dqcchn.z03.azurefd.net/img/clubs/virreyes.png,virreyes-r-c-m17-b,55,2022 2026,3,la institución existe; el equipo juvenil no
2,equipo_juvenil,55,VIrreyes R.C. M18,M18,"",urba,rugby,https://urbaimagenes-cddyfadwc8dqcchn.z03.azurefd.net/img/clubs/virreyes.png,virreyes-r-c-m18,55,2021,2,la institución existe; el equipo juvenil no
2,equipo_juvenil,55,VIrreyes R.C. M19,M19,"",urba,rugby,https://urbaimagenes-cddyfadwc8dqcchn.z03.azurefd.net/img/clubs/virreyes.png,virreyes-r-c-m19,55,2022 2023 2024 2025 2026,10,la institución existe; el equipo juvenil no
2,equipo_juvenil,55,VIrreyes R.C. M20,M20,"",urba,rugby,https://urbaimagenes-cddyfadwc8dqcchn.z03.azurefd.net/img/clubs/virreyes.png,virreyes-r-c-m20,55,2021,1,la institución existe; el equipo juvenil no
3,equipo_juvenil_de_institucion_nueva,61,Albatros M15,M15,"",urba,rugby,https://urbaimagenes-cddyfadwc8dqcchn.z03.azurefd.net/img/clubs/albatros.png,albatros-m15,61,2022 2023 2024 2025 2026,9,depende del alta de institución (prioridad 1)
3,equipo_juvenil_de_institucion_nueva,61,Albatros M16,M16,"",urba,rugby,https://urbaimagenes-cddyfadwc8dqcchn.z03.azurefd.net/img/clubs/albatros.png,albatros-m16,61,2021 2023 2024 2025 2026,9,depende del alta de institución (prioridad 1)
3,equipo_juvenil_de_institucion_nueva,61,Albatros M17,M17,"",urba,rugby,https://urbaimagenes-cddyfadwc8dqcchn.z03.azurefd.net/img/clubs/albatros.png,albatros-m17,61,2022 2023 2024 2025 2026,8,depende del alta de institución (prioridad 1)
3,equipo_juvenil_de_institucion_nueva,61,Albatros M18,M18,"",urba,rugby,https://urbaimagenes-cddyfadwc8dqcchn.z03.azurefd.net/img/clubs/albatros.png,albatros-m18,61,2021,2,depende del alta de institución (prioridad 1)
3,equipo_juvenil_de_institucion_nueva,61,Albatros M19,M19,"",urba,rugby,https://urbaimagenes-cddyfadwc8dqcchn.z03.azurefd.net/img/clubs/albatros.png,albatros-m19,61,2022 2023 2024 2026,8,depende del alta de institución (prioridad 1)
3,equipo_juvenil_de_institucion_nueva,74,Almafuerte M15,M15,"",urba,rugby,https://urbaimagenes-cddyfadwc8dqcchn.z03.azurefd.net/img/clubs/almafuerte.png,almafuerte-m15,74,2021 2022 2023 2024 2025 2026,9,depende del alta de institución (prioridad 1)
3,equipo_juvenil_de_institucion_nueva,74,Almafuerte M16,M16,"",urba,rugby,https://urbaimagenes-cddyfadwc8dqcchn.z03.azurefd.net/img/clubs/almafuerte.png,almafuerte-m16,74,2026,1,depende del alta de institución (prioridad 1)
3,equipo_juvenil_de_institucion_nueva,74,Almafuerte M17,M17,"",urba,rugby,https://urbaimagenes-cddyfadwc8dqcchn.z03.azurefd.net/img/clubs/almafuerte.png,almafuerte-m17,74,2021 2022 2023 2024 2025 2026,11,depende del alta de institución (prioridad 1)
3,equipo_juvenil_de_institucion_nueva,74,Almafuerte M19,M19,"",urba,rugby,https://urbaimagenes-cddyfadwc8dqcchn.z03.azurefd.net/img/clubs/almafuerte.png,almafuerte-m19,74,2022 2023 2024 2025 2026,8,depende del alta de institución (prioridad 1)
3,equipo_juvenil_de_institucion_nueva,67,Arsenal Zarate M15,M15,"",urba,rugby,https://urbaimagenes-cddyfadwc8dqcchn.z03.azurefd.net/img/clubs/arsenalzarate.png,arsenal-zarate-m15,67,2023 2025,4,depende del alta de institución (prioridad 1)
3,equipo_juvenil_de_institucion_nueva,67,Arsenal Zarate M16,M16,"",urba,rugby,https://urbaimagenes-cddyfadwc8dqcchn.z03.azurefd.net/img/clubs/arsenalzarate.png,arsenal-zarate-m16,67,2021 2022 2024 2026,6,depende del alta de institución (prioridad 1)
3,equipo_juvenil_de_institucion_nueva,67,Arsenal Zarate M17,M17,"",urba,rugby,https://urbaimagenes-cddyfadwc8dqcchn.z03.azurefd.net/img/clubs/arsenalzarate.png,arsenal-zarate-m17,67,2022 2023 2024 2025 2026,8,depende del alta de institución (prioridad 1)
3,equipo_juvenil_de_institucion_nueva,67,Arsenal Zarate M18,M18,"",urba,rugby,https://urbaimagenes-cddyfadwc8dqcchn.z03.azurefd.net/img/clubs/arsenalzarate.png,arsenal-zarate-m18,67,2021,2,depende del alta de institución (prioridad 1)
3,equipo_juvenil_de_institucion_nueva,67,Arsenal Zarate M19,M19,"",urba,rugby,https://urbaimagenes-cddyfadwc8dqcchn.z03.azurefd.net/img/clubs/arsenalzarate.png,arsenal-zarate-m19,67,2022 2024 2025 2026,7,depende del alta de institución (prioridad 1)
3,equipo_juvenil_de_institucion_nueva,60,Atletico Chascomus M15,M15,"",urba,rugby,https://urbaimagenes-cddyfadwc8dqcchn.z03.azurefd.net/img/clubs/atleticochascomus.png,atletico-chascomus-m15,60,2021 2022 2023 2024 2025,8,depende del alta de institución (prioridad 1)
3,equipo_juvenil_de_institucion_nueva,60,Atletico Chascomus M16,M16,"",urba,rugby,https://urbaimagenes-cddyfadwc8dqcchn.z03.azurefd.net/img/clubs/atleticochascomus.png,atletico-chascomus-m16,60,2021 2022 2026,5,depende del alta de institución (prioridad 1)
3,equipo_juvenil_de_institucion_nueva,60,Atletico Chascomus M17,M17,"",urba,rugby,https://urbaimagenes-cddyfadwc8dqcchn.z03.azurefd.net/img/clubs/atleticochascomus.png,atletico-chascomus-m17,60,2022 2023 2024 2025 2026,7,depende del alta de institución (prioridad 1)
3,equipo_juvenil_de_institucion_nueva,60,"Atletico Chascomus M17 ""A""",M17,A,urba,rugby,https://urbaimagenes-cddyfadwc8dqcchn.z03.azurefd.net/img/clubs/atleticochascomus.png,atletico-chascomus-m17-a,60,2025,1,depende del alta de institución (prioridad 1)
3,equipo_juvenil_de_institucion_nueva,60,"Atletico Chascomus M17 ""B""",M17,B,urba,rugby,https://urbaimagenes-cddyfadwc8dqcchn.z03.azurefd.net/img/clubs/atleticochascomus.png,atletico-chascomus-m17-b,60,2025,1,depende del alta de institución (prioridad 1)
3,equipo_juvenil_de_institucion_nueva,60,Atletico Chascomus M18,M18,"",urba,rugby,https://urbaimagenes-cddyfadwc8dqcchn.z03.azurefd.net/img/clubs/atleticochascomus.png,atletico-chascomus-m18,60,2021,2,depende del alta de institución (prioridad 1)
3,equipo_juvenil_de_institucion_nueva,60,Atletico Chascomus M19,M19,"",urba,rugby,https://urbaimagenes-cddyfadwc8dqcchn.z03.azurefd.net/img/clubs/atleticochascomus.png,atletico-chascomus-m19,60,2023 2024 2025 2026,8,depende del alta de institución (prioridad 1)
3,equipo_juvenil_de_institucion_nueva,75,Atletico San Andres M15,M15,"",urba,rugby,https://urbaimagenes-cddyfadwc8dqcchn.z03.azurefd.net/img/clubs/atleticosanandres.png,atletico-san-andres-m15,75,2022,2,depende del alta de institución (prioridad 1)
3,equipo_juvenil_de_institucion_nueva,75,Atletico San Andres M16,M16,"",urba,rugby,https://urbaimagenes-cddyfadwc8dqcchn.z03.azurefd.net/img/clubs/atleticosanandres.png,atletico-san-andres-m16,75,2021,1,depende del alta de institución (prioridad 1)
3,equipo_juvenil_de_institucion_nueva,75,Atletico San Andres M17,M17,"",urba,rugby,https://urbaimagenes-cddyfadwc8dqcchn.z03.azurefd.net/img/clubs/atleticosanandres.png,atletico-san-andres-m17,75,2022 2023 2024 2026,6,depende del alta de institución (prioridad 1)
3,equipo_juvenil_de_institucion_nueva,75,Atletico San Andres M18,M18,"",urba,rugby,https://urbaimagenes-cddyfadwc8dqcchn.z03.azurefd.net/img/clubs/atleticosanandres.png,atletico-san-andres-m18,75,2021,2,depende del alta de institución (prioridad 1)
3,equipo_juvenil_de_institucion_nueva,75,Atletico San Andres M19,M19,"",urba,rugby,https://urbaimagenes-cddyfadwc8dqcchn.z03.azurefd.net/img/clubs/atleticosanandres.png,atletico-san-andres-m19,75,2022 2023,4,depende del alta de institución (prioridad 1)
3,equipo_juvenil_de_institucion_nueva,63,Atletico y Progreso M15,M15,"",urba,rugby,https://urbaimagenes-cddyfadwc8dqcchn.z03.azurefd.net/img/clubs/atleticoyprogreso.png,atletico-y-progreso-m15,63,2023 2024 2025,6,depende del alta de institución (prioridad 1)
3,equipo_juvenil_de_institucion_nueva,63,Atletico y Progreso M16,M16,"",urba,rugby,https://urbaimagenes-cddyfadwc8dqcchn.z03.azurefd.net/img/clubs/atleticoyprogreso.png,atletico-y-progreso-m16,63,2026,1,depende del alta de institución (prioridad 1)
3,equipo_juvenil_de_institucion_nueva,63,Atletico y Progreso M17,M17,"",urba,rugby,https://urbaimagenes-cddyfadwc8dqcchn.z03.azurefd.net/img/clubs/atleticoyprogreso.png,atletico-y-progreso-m17,63,2022 2023 2024 2025,8,depende del alta de institución (prioridad 1)
3,equipo_juvenil_de_institucion_nueva,63,Atletico y Progreso M18,M18,"",urba,rugby,https://urbaimagenes-cddyfadwc8dqcchn.z03.azurefd.net/img/clubs/atleticoyprogreso.png,atletico-y-progreso-m18,63,2021,2,depende del alta de institución (prioridad 1)
3,equipo_juvenil_de_institucion_nueva,63,Atletico y Progreso M19,M19,"",urba,rugby,https://urbaimagenes-cddyfadwc8dqcchn.z03.azurefd.net/img/clubs/atleticoyprogreso.png,atletico-y-progreso-m19,63,2022 2023 2024 2026,8,depende del alta de institución (prioridad 1)
3,equipo_juvenil_de_institucion_nueva,80,Banco Hipotecario M15,M15,"",urba,rugby,https://urbaimagenes-cddyfadwc8dqcchn.z03.azurefd.net/img/clubs/bancohipotecario.png,banco-hipotecario-m15,80,2023 2024 2025,6,depende del alta de institución (prioridad 1)
3,equipo_juvenil_de_institucion_nueva,80,Banco Hipotecario M16,M16,"",urba,rugby,https://urbaimagenes-cddyfadwc8dqcchn.z03.azurefd.net/img/clubs/bancohipotecario.png,banco-hipotecario-m16,80,2021 2026,2,depende del alta de institución (prioridad 1)
3,equipo_juvenil_de_institucion_nueva,80,Banco Hipotecario M17,M17,"",urba,rugby,https://urbaimagenes-cddyfadwc8dqcchn.z03.azurefd.net/img/clubs/bancohipotecario.png,banco-hipotecario-m17,80,2022 2023 2025 2026,7,depende del alta de institución (prioridad 1)
3,equipo_juvenil_de_institucion_nueva,80,Banco Hipotecario M18,M18,"",urba,rugby,https://urbaimagenes-cddyfadwc8dqcchn.z03.azurefd.net/img/clubs/bancohipotecario.png,banco-hipotecario-m18,80,2021,2,depende del alta de institución (prioridad 1)
3,equipo_juvenil_de_institucion_nueva,80,Banco Hipotecario M19,M19,"",urba,rugby,https://urbaimagenes-cddyfadwc8dqcchn.z03.azurefd.net/img/clubs/bancohipotecario.png,banco-hipotecario-m19,80,2022 2024,4,depende del alta de institución (prioridad 1)
3,equipo_juvenil_de_institucion_nueva,89,Berisso M15,M15,"",urba,rugby,https://urbaimagenes-cddyfadwc8dqcchn.z03.azurefd.net/img/clubs/berisso.png,berisso-m15,89,2021 2024,3,depende del alta de institución (prioridad 1)
3,equipo_juvenil_de_institucion_nueva,89,Berisso M16,M16,"",urba,rugby,https://urbaimagenes-cddyfadwc8dqcchn.z03.azurefd.net/img/clubs/berisso.png,berisso-m16,89,2025,2,depende del alta de institución (prioridad 1)
3,equipo_juvenil_de_institucion_nueva,89,Berisso M17,M17,"",urba,rugby,https://urbaimagenes-cddyfadwc8dqcchn.z03.azurefd.net/img/clubs/berisso.png,berisso-m17,89,2021 2022 2026,5,depende del alta de institución (prioridad 1)
3,equipo_juvenil_de_institucion_nueva,71,Beromama M15,M15,"",urba,rugby,https://urbaimagenes-cddyfadwc8dqcchn.z03.azurefd.net/img/clubs/beromama.png,beromama-m15,71,2022 2024 2025,6,depende del alta de institución (prioridad 1)
3,equipo_juvenil_de_institucion_nueva,71,Beromama M16,M16,"",urba,rugby,https://urbaimagenes-cddyfadwc8dqcchn.z03.azurefd.net/img/clubs/beromama.png,beromama-m16,71,2021 2023 2024 2026,6,depende del alta de institución (prioridad 1)
3,equipo_juvenil_de_institucion_nueva,71,Beromama M17,M17,"",urba,rugby,https://urbaimagenes-cddyfadwc8dqcchn.z03.azurefd.net/img/clubs/beromama.png,beromama-m17,71,2022 2023 2024 2025 2026,9,depende del alta de institución (prioridad 1)
3,equipo_juvenil_de_institucion_nueva,71,Beromama M18,M18,"",urba,rugby,https://urbaimagenes-cddyfadwc8dqcchn.z03.azurefd.net/img/clubs/beromama.png,beromama-m18,71,2021,2,depende del alta de institución (prioridad 1)
3,equipo_juvenil_de_institucion_nueva,71,Beromama M19,M19,"",urba,rugby,https://urbaimagenes-cddyfadwc8dqcchn.z03.azurefd.net/img/clubs/beromama.png,beromama-m19,71,2022 2024 2025 2026,8,depende del alta de institución (prioridad 1)
3,equipo_juvenil_de_institucion_nueva,76,Ciudad de Campana M15,M15,"",urba,rugby,https://urbaimagenes-cddyfadwc8dqcchn.z03.azurefd.net/img/clubs/ciudaddecampana.png,ciudad-de-campana-m15,76,2022 2024 2025 2026,6,depende del alta de institución (prioridad 1)
3,equipo_juvenil_de_institucion_nueva,76,Ciudad de Campana M16,M16,"",urba,rugby,https://urbaimagenes-cddyfadwc8dqcchn.z03.azurefd.net/img/clubs/ciudaddecampana.png,ciudad-de-campana-m16,76,2023 2025,3,depende del alta de institución (prioridad 1)
3,equipo_juvenil_de_institucion_nueva,76,Ciudad de Campana M17,M17,"",urba,rugby,https://urbaimagenes-cddyfadwc8dqcchn.z03.azurefd.net/img/clubs/ciudaddecampana.png,ciudad-de-campana-m17,76,2023 2024 2025 2026,7,depende del alta de institución (prioridad 1)
3,equipo_juvenil_de_institucion_nueva,76,Ciudad de Campana M18,M18,"",urba,rugby,https://urbaimagenes-cddyfadwc8dqcchn.z03.azurefd.net/img/clubs/ciudaddecampana.png,ciudad-de-campana-m18,76,2021,2,depende del alta de institución (prioridad 1)
3,equipo_juvenil_de_institucion_nueva,76,Ciudad de Campana M19,M19,"",urba,rugby,https://urbaimagenes-cddyfadwc8dqcchn.z03.azurefd.net/img/clubs/ciudaddecampana.png,ciudad-de-campana-m19,76,2022 2024 2025 2026,8,depende del alta de institución (prioridad 1)
3,equipo_juvenil_de_institucion_nueva,84,Defensores de Glew M16,M16,"",urba,rugby,https://urbaimagenes-cddyfadwc8dqcchn.z03.azurefd.net/img/clubs/defensoresdeglew.png,defensores-de-glew-m16,84,2024,1,depende del alta de institución (prioridad 1)
3,equipo_juvenil_de_institucion_nueva,84,Defensores de Glew M19,M19,"",urba,rugby,https://urbaimagenes-cddyfadwc8dqcchn.z03.azurefd.net/img/clubs/defensoresdeglew.png,defensores-de-glew-m19,84,2024,1,depende del alta de institución (prioridad 1)
3,equipo_juvenil_de_institucion_nueva,84,Defensores de Glew M20,M20,"",urba,rugby,https://urbaimagenes-cddyfadwc8dqcchn.z03.azurefd.net/img/clubs/defensoresdeglew.png,defensores-de-glew-m20,84,2021,1,depende del alta de institución (prioridad 1)
3,equipo_juvenil_de_institucion_nueva,131,Dorrego Rugby M16,M16,"",urba,rugby,https://urbaimagenes-cddyfadwc8dqcchn.z03.azurefd.net/img/clubs/dorrego.png,dorrego-rugby-m16,131,2026,1,depende del alta de institución (prioridad 1)
3,equipo_juvenil_de_institucion_nueva,48,El Retiro M15,M15,"",urba,rugby,https://urbaimagenes-cddyfadwc8dqcchn.z03.azurefd.net/img/clubs/elretiro.png,el-retiro-m15,48,2021 2023 2024,5,depende del alta de institución (prioridad 1)
3,equipo_juvenil_de_institucion_nueva,48,"El Retiro M15 ""A""",M15,A,urba,rugby,https://urbaimagenes-cddyfadwc8dqcchn.z03.azurefd.net/img/clubs/elretiro.png,el-retiro-m15-a,48,2025,2,depende del alta de institución (prioridad 1)
3,equipo_juvenil_de_institucion_nueva,48,"El Retiro M15 ""B""",M15,B,urba,rugby,https://urbaimagenes-cddyfadwc8dqcchn.z03.azurefd.net/img/clubs/elretiro.png,el-retiro-m15-b,48,2025,2,depende del alta de institución (prioridad 1)
3,equipo_juvenil_de_institucion_nueva,48,El Retiro M16,M16,"",urba,rugby,https://urbaimagenes-cddyfadwc8dqcchn.z03.azurefd.net/img/clubs/elretiro.png,el-retiro-m16,48,2022 2024 2025,5,depende del alta de institución (prioridad 1)
3,equipo_juvenil_de_institucion_nueva,48,"El Retiro M16 ""A""",M16,A,urba,rugby,https://urbaimagenes-cddyfadwc8dqcchn.z03.azurefd.net/img/clubs/elretiro.png,el-retiro-m16-a,48,2026,1,depende del alta de institución (prioridad 1)
3,equipo_juvenil_de_institucion_nueva,48,"El Retiro M16 ""B""",M16,B,urba,rugby,https://urbaimagenes-cddyfadwc8dqcchn.z03.azurefd.net/img/clubs/elretiro.png,el-retiro-m16-b,48,2026,1,depende del alta de institución (prioridad 1)
3,equipo_juvenil_de_institucion_nueva,48,El Retiro M17,M17,"",urba,rugby,https://urbaimagenes-cddyfadwc8dqcchn.z03.azurefd.net/img/clubs/elretiro.png,el-retiro-m17,48,2023 2024 2025 2026,6,depende del alta de institución (prioridad 1)
3,equipo_juvenil_de_institucion_nueva,48,El Retiro M18,M18,"",urba,rugby,https://urbaimagenes-cddyfadwc8dqcchn.z03.azurefd.net/img/clubs/elretiro.png,el-retiro-m18,48,2021,2,depende del alta de institución (prioridad 1)
3,equipo_juvenil_de_institucion_nueva,48,El Retiro M19,M19,"",urba,rugby,https://urbaimagenes-cddyfadwc8dqcchn.z03.azurefd.net/img/clubs/elretiro.png,el-retiro-m19,48,2022 2024 2025 2026,7,depende del alta de institución (prioridad 1)
3,equipo_juvenil_de_institucion_nueva,48,"El Retiro M19 ""A""",M19,A,urba,rugby,https://urbaimagenes-cddyfadwc8dqcchn.z03.azurefd.net/img/clubs/elretiro.png,el-retiro-m19-a,48,2025,1,depende del alta de institución (prioridad 1)
3,equipo_juvenil_de_institucion_nueva,48,"El Retiro M19 ""B""",M19,B,urba,rugby,https://urbaimagenes-cddyfadwc8dqcchn.z03.azurefd.net/img/clubs/elretiro.png,el-retiro-m19-b,48,2025,1,depende del alta de institución (prioridad 1)
3,equipo_juvenil_de_institucion_nueva,86,Ezeiza M15,M15,"",urba,rugby,https://urbaimagenes-cddyfadwc8dqcchn.z03.azurefd.net/img/clubs/ezeiza.png,ezeiza-m15,86,2021 2023 2025,5,depende del alta de institución (prioridad 1)
3,equipo_juvenil_de_institucion_nueva,86,Ezeiza M16,M16,"",urba,rugby,https://urbaimagenes-cddyfadwc8dqcchn.z03.azurefd.net/img/clubs/ezeiza.png,ezeiza-m16,86,2026,1,depende del alta de institución (prioridad 1)
3,equipo_juvenil_de_institucion_nueva,86,Ezeiza M17,M17,"",urba,rugby,https://urbaimagenes-cddyfadwc8dqcchn.z03.azurefd.net/img/clubs/ezeiza.png,ezeiza-m17,86,2021 2023 2024 2025 2026,9,depende del alta de institución (prioridad 1)
3,equipo_juvenil_de_institucion_nueva,86,Ezeiza M19,M19,"",urba,rugby,https://urbaimagenes-cddyfadwc8dqcchn.z03.azurefd.net/img/clubs/ezeiza.png,ezeiza-m19,86,2024 2026,3,depende del alta de institución (prioridad 1)
3,equipo_juvenil_de_institucion_nueva,87,Floresta M16,M16,"",urba,rugby,https://urbaimagenes-cddyfadwc8dqcchn.z03.azurefd.net/img/clubs/floresta.png,floresta-m16,87,2024,1,depende del alta de institución (prioridad 1)
3,equipo_juvenil_de_institucion_nueva,87,Floresta M17,M17,"",urba,rugby,https://urbaimagenes-cddyfadwc8dqcchn.z03.azurefd.net/img/clubs/floresta.png,floresta-m17,87,2023 2025 2026,4,depende del alta de institución (prioridad 1)
3,equipo_juvenil_de_institucion_nueva,87,Floresta M19,M19,"",urba,rugby,https://urbaimagenes-cddyfadwc8dqcchn.z03.azurefd.net/img/clubs/floresta.png,floresta-m19,87,2025 2026,2,depende del alta de institución (prioridad 1)
3,equipo_juvenil_de_institucion_nueva,59,G y E de Ituzaingo M15,M15,"",urba,rugby,https://urbaimagenes-cddyfadwc8dqcchn.z03.azurefd.net/img/clubs/gyedeituzaingo.png,g-y-e-de-ituzaingo-m15,59,2023 2024 2025 2026,6,depende del alta de institución (prioridad 1)
3,equipo_juvenil_de_institucion_nueva,59,"G y E de Ituzaingo M15 ""A""",M15,A,urba,rugby,https://urbaimagenes-cddyfadwc8dqcchn.z03.azurefd.net/img/clubs/gyedeituzaingo.png,g-y-e-de-ituzaingo-m15-a,59,2021,1,depende del alta de institución (prioridad 1)
3,equipo_juvenil_de_institucion_nueva,59,"G y E de Ituzaingo M15 ""B""",M15,B,urba,rugby,https://urbaimagenes-cddyfadwc8dqcchn.z03.azurefd.net/img/clubs/gyedeituzaingo.png,g-y-e-de-ituzaingo-m15-b,59,2021,1,depende del alta de institución (prioridad 1)
3,equipo_juvenil_de_institucion_nueva,59,G y E de Ituzaingo M16,M16,"",urba,rugby,https://urbaimagenes-cddyfadwc8dqcchn.z03.azurefd.net/img/clubs/gyedeituzaingo.png,g-y-e-de-ituzaingo-m16,59,2021 2022 2023 2024 2025 2026,8,depende del alta de institución (prioridad 1)
3,equipo_juvenil_de_institucion_nueva,59,"G y E de Ituzaingo M16 ""A""",M16,A,urba,rugby,https://urbaimagenes-cddyfadwc8dqcchn.z03.azurefd.net/img/clubs/gyedeituzaingo.png,g-y-e-de-ituzaingo-m16-a,59,2022,1,depende del alta de institución (prioridad 1)
3,equipo_juvenil_de_institucion_nueva,59,"G y E de Ituzaingo M16 ""B""",M16,B,urba,rugby,https://urbaimagenes-cddyfadwc8dqcchn.z03.azurefd.net/img/clubs/gyedeituzaingo.png,g-y-e-de-ituzaingo-m16-b,59,2022,1,depende del alta de institución (prioridad 1)
3,equipo_juvenil_de_institucion_nueva,59,G y E de Ituzaingo M17,M17,"",urba,rugby,https://urbaimagenes-cddyfadwc8dqcchn.z03.azurefd.net/img/clubs/gyedeituzaingo.png,g-y-e-de-ituzaingo-m17,59,2022 2023 2024 2025 2026,8,depende del alta de institución (prioridad 1)
3,equipo_juvenil_de_institucion_nueva,59,G y E de Ituzaingo M18,M18,"",urba,rugby,https://urbaimagenes-cddyfadwc8dqcchn.z03.azurefd.net/img/clubs/gyedeituzaingo.png,g-y-e-de-ituzaingo-m18,59,2021,1,depende del alta de institución (prioridad 1)
3,equipo_juvenil_de_institucion_nueva,59,"G y E de Ituzaingo M18 ""A""",M18,A,urba,rugby,https://urbaimagenes-cddyfadwc8dqcchn.z03.azurefd.net/img/clubs/gyedeituzaingo.png,g-y-e-de-ituzaingo-m18-a,59,2021,1,depende del alta de institución (prioridad 1)
3,equipo_juvenil_de_institucion_nueva,59,"G y E de Ituzaingo M18 ""B""",M18,B,urba,rugby,https://urbaimagenes-cddyfadwc8dqcchn.z03.azurefd.net/img/clubs/gyedeituzaingo.png,g-y-e-de-ituzaingo-m18-b,59,2021,1,depende del alta de institución (prioridad 1)
3,equipo_juvenil_de_institucion_nueva,59,G y E de Ituzaingo M19,M19,"",urba,rugby,https://urbaimagenes-cddyfadwc8dqcchn.z03.azurefd.net/img/clubs/gyedeituzaingo.png,g-y-e-de-ituzaingo-m19,59,2022 2023 2024 2025 2026,9,depende del alta de institución (prioridad 1)
3,equipo_juvenil_de_institucion_nueva,59,"G y E de Ituzaingo M19 ""A""",M19,A,urba,rugby,https://urbaimagenes-cddyfadwc8dqcchn.z03.azurefd.net/img/clubs/gyedeituzaingo.png,g-y-e-de-ituzaingo-m19-a,59,2026,1,depende del alta de institución (prioridad 1)
3,equipo_juvenil_de_institucion_nueva,59,"G y E de Ituzaingo M19 ""B""",M19,B,urba,rugby,https://urbaimagenes-cddyfadwc8dqcchn.z03.azurefd.net/img/clubs/gyedeituzaingo.png,g-y-e-de-ituzaingo-m19-b,59,2026,1,depende del alta de institución (prioridad 1)
3,equipo_juvenil_de_institucion_nueva,64,La Salle M15,M15,"",urba,rugby,https://urbaimagenes-cddyfadwc8dqcchn.z03.azurefd.net/img/clubs/lasalle.png,la-salle-m15,64,2026,1,depende del alta de institución (prioridad 1)
3,equipo_juvenil_de_institucion_nueva,64,La Salle M16,M16,"",urba,rugby,https://urbaimagenes-cddyfadwc8dqcchn.z03.azurefd.net/img/clubs/lasalle.png,la-salle-m16,64,2021 2023 2024,5,depende del alta de institución (prioridad 1)
3,equipo_juvenil_de_institucion_nueva,64,La Salle M17,M17,"",urba,rugby,https://urbaimagenes-cddyfadwc8dqcchn.z03.azurefd.net/img/clubs/lasalle.png,la-salle-m17,64,2022 2025 2026,5,depende del alta de institución (prioridad 1)
3,equipo_juvenil_de_institucion_nueva,64,La Salle M18,M18,"",urba,rugby,https://urbaimagenes-cddyfadwc8dqcchn.z03.azurefd.net/img/clubs/lasalle.png,la-salle-m18,64,2021,2,depende del alta de institución (prioridad 1)
3,equipo_juvenil_de_institucion_nueva,64,La Salle M19,M19,"",urba,rugby,https://urbaimagenes-cddyfadwc8dqcchn.z03.azurefd.net/img/clubs/lasalle.png,la-salle-m19,64,2022 2023 2024 2026,7,depende del alta de institución (prioridad 1)
3,equipo_juvenil_de_institucion_nueva,73,Las Cañas M15,M15,"",urba,rugby,https://urbaimagenes-cddyfadwc8dqcchn.z03.azurefd.net/img/clubs/lascañas.png,las-canas-m15,73,2022 2023 2024 2025 2026,8,depende del alta de institución (prioridad 1)
3,equipo_juvenil_de_institucion_nueva,73,Las Cañas M16,M16,"",urba,rugby,https://urbaimagenes-cddyfadwc8dqcchn.z03.azurefd.net/img/clubs/lascañas.png,las-canas-m16,73,2021 2023 2024 2025 2026,9,depende del alta de institución (prioridad 1)
3,equipo_juvenil_de_institucion_nueva,73,Las Cañas M17,M17,"",urba,rugby,https://urbaimagenes-cddyfadwc8dqcchn.z03.azurefd.net/img/clubs/lascañas.png,las-canas-m17,73,2022 2023 2025 2026,7,depende del alta de institución (prioridad 1)
3,equipo_juvenil_de_institucion_nueva,73,"Las Cañas M17 ""A""",M17,A,urba,rugby,https://urbaimagenes-cddyfadwc8dqcchn.z03.azurefd.net/img/clubs/lascañas.png,las-canas-m17-a,73,2024,2,depende del alta de institución (prioridad 1)
3,equipo_juvenil_de_institucion_nueva,73,"Las Cañas M17 ""B""",M17,B,urba,rugby,https://urbaimagenes-cddyfadwc8dqcchn.z03.azurefd.net/img/clubs/lascañas.png,las-canas-m17-b,73,2024,2,depende del alta de institución (prioridad 1)
3,equipo_juvenil_de_institucion_nueva,73,Las Cañas M18,M18,"",urba,rugby,https://urbaimagenes-cddyfadwc8dqcchn.z03.azurefd.net/img/clubs/lascañas.png,las-canas-m18,73,2021,2,depende del alta de institución (prioridad 1)
3,equipo_juvenil_de_institucion_nueva,73,Las Cañas M19,M19,"",urba,rugby,https://urbaimagenes-cddyfadwc8dqcchn.z03.azurefd.net/img/clubs/lascañas.png,las-canas-m19,73,2022 2024 2026,6,depende del alta de institución (prioridad 1)
3,equipo_juvenil_de_institucion_nueva,73,"Las Cañas M19 ""A""",M19,A,urba,rugby,https://urbaimagenes-cddyfadwc8dqcchn.z03.azurefd.net/img/clubs/lascañas.png,las-canas-m19-a,73,2025,2,depende del alta de institución (prioridad 1)
3,equipo_juvenil_de_institucion_nueva,73,"Las Cañas M19 ""B""",M19,B,urba,rugby,https://urbaimagenes-cddyfadwc8dqcchn.z03.azurefd.net/img/clubs/lascañas.png,las-canas-m19-b,73,2025,2,depende del alta de institución (prioridad 1)
3,equipo_juvenil_de_institucion_nueva,78,Los Cedros M15,M15,"",urba,rugby,https://urbaimagenes-cddyfadwc8dqcchn.z03.azurefd.net/img/clubs/loscedros.png,los-cedros-m15,78,2022 2023 2026,5,depende del alta de institución (prioridad 1)
3,equipo_juvenil_de_institucion_nueva,78,Los Cedros M16,M16,"",urba,rugby,https://urbaimagenes-cddyfadwc8dqcchn.z03.azurefd.net/img/clubs/loscedros.png,los-cedros-m16,78,2021 2023 2024 2025,8,depende del alta de institución (prioridad 1)
3,equipo_juvenil_de_institucion_nueva,78,Los Cedros M17,M17,"",urba,rugby,https://urbaimagenes-cddyfadwc8dqcchn.z03.azurefd.net/img/clubs/loscedros.png,los-cedros-m17,78,2022 2024 2025 2026,7,depende del alta de institución (prioridad 1)
3,equipo_juvenil_de_institucion_nueva,78,Los Cedros M18,M18,"",urba,rugby,https://urbaimagenes-cddyfadwc8dqcchn.z03.azurefd.net/img/clubs/loscedros.png,los-cedros-m18,78,2021,2,depende del alta de institución (prioridad 1)
3,equipo_juvenil_de_institucion_nueva,78,Los Cedros M19,M19,"",urba,rugby,https://urbaimagenes-cddyfadwc8dqcchn.z03.azurefd.net/img/clubs/loscedros.png,los-cedros-m19,78,2022 2023 2025 2026,8,depende del alta de institución (prioridad 1)
3,equipo_juvenil_de_institucion_nueva,79,Los Pinos M15,M15,"",urba,rugby,https://urbaimagenes-cddyfadwc8dqcchn.z03.azurefd.net/img/clubs/lospinos.png,los-pinos-m15,79,2022 2024 2026,5,depende del alta de institución (prioridad 1)
3,equipo_juvenil_de_institucion_nueva,79,Los Pinos M16,M16,"",urba,rugby,https://urbaimagenes-cddyfadwc8dqcchn.z03.azurefd.net/img/clubs/lospinos.png,los-pinos-m16,79,2021 2023 2025,5,depende del alta de institución (prioridad 1)
3,equipo_juvenil_de_institucion_nueva,79,Los Pinos M17,M17,"",urba,rugby,https://urbaimagenes-cddyfadwc8dqcchn.z03.azurefd.net/img/clubs/lospinos.png,los-pinos-m17,79,2022 2024 2026,5,depende del alta de institución (prioridad 1)
3,equipo_juvenil_de_institucion_nueva,79,Los Pinos M18,M18,"",urba,rugby,https://urbaimagenes-cddyfadwc8dqcchn.z03.azurefd.net/img/clubs/lospinos.png,los-pinos-m18,79,2021,2,depende del alta de institución (prioridad 1)
3,equipo_juvenil_de_institucion_nueva,79,Los Pinos M19,M19,"",urba,rugby,https://urbaimagenes-cddyfadwc8dqcchn.z03.azurefd.net/img/clubs/lospinos.png,los-pinos-m19,79,2023 2024 2025,6,depende del alta de institución (prioridad 1)
3,equipo_juvenil_de_institucion_nueva,82,Marcos Paz M15,M15,"",urba,rugby,https://urbaimagenes-cddyfadwc8dqcchn.z03.azurefd.net/img/clubs/marcospaz.png,marcos-paz-m15,82,2025 2026,3,depende del alta de institución (prioridad 1)
3,equipo_juvenil_de_institucion_nueva,82,Marcos Paz M16,M16,"",urba,rugby,https://urbaimagenes-cddyfadwc8dqcchn.z03.azurefd.net/img/clubs/marcospaz.png,marcos-paz-m16,82,2023,2,depende del alta de institución (prioridad 1)
3,equipo_juvenil_de_institucion_nueva,82,Marcos Paz M17,M17,"",urba,rugby,https://urbaimagenes-cddyfadwc8dqcchn.z03.azurefd.net/img/clubs/marcospaz.png,marcos-paz-m17,82,2021 2022 2024 2025 2026,8,depende del alta de institución (prioridad 1)
3,equipo_juvenil_de_institucion_nueva,82,Marcos Paz M19,M19,"",urba,rugby,https://urbaimagenes-cddyfadwc8dqcchn.z03.azurefd.net/img/clubs/marcospaz.png,marcos-paz-m19,82,2022 2023 2024,3,depende del alta de institución (prioridad 1)
3,equipo_juvenil_de_institucion_nueva,47,Mercedes M15,M15,"",urba,rugby,https://urbaimagenes-cddyfadwc8dqcchn.z03.azurefd.net/img/clubs/mercedes.png,mercedes-m15,47,2022 2023 2024 2026,7,depende del alta de institución (prioridad 1)
3,equipo_juvenil_de_institucion_nueva,47,Mercedes M16,M16,"",urba,rugby,https://urbaimagenes-cddyfadwc8dqcchn.z03.azurefd.net/img/clubs/mercedes.png,mercedes-m16,47,2024 2025,3,depende del alta de institución (prioridad 1)
3,equipo_juvenil_de_institucion_nueva,47,Mercedes M17,M17,"",urba,rugby,https://urbaimagenes-cddyfadwc8dqcchn.z03.azurefd.net/img/clubs/mercedes.png,mercedes-m17,47,2021 2022 2023 2024 2025 2026,9,depende del alta de institución (prioridad 1)
3,equipo_juvenil_de_institucion_nueva,47,Mercedes M19,M19,"",urba,rugby,https://urbaimagenes-cddyfadwc8dqcchn.z03.azurefd.net/img/clubs/mercedes.png,mercedes-m19,47,2023,2,depende del alta de institución (prioridad 1)
3,equipo_juvenil_de_institucion_nueva,91,Municipalidad de Berazategui M15,M15,"",urba,rugby,https://urbaimagenes-cddyfadwc8dqcchn.z03.azurefd.net/img/clubs/municipalidaddeberazategui.png,municipalidad-de-berazategui-m15,91,2022 2024 2025 2026,6,depende del alta de institución (prioridad 1)
3,equipo_juvenil_de_institucion_nueva,91,Municipalidad de Berazategui M16,M16,"",urba,rugby,https://urbaimagenes-cddyfadwc8dqcchn.z03.azurefd.net/img/clubs/municipalidaddeberazategui.png,municipalidad-de-berazategui-m16,91,2021 2023,4,depende del alta de institución (prioridad 1)
3,equipo_juvenil_de_institucion_nueva,91,Municipalidad de Berazategui M17,M17,"",urba,rugby,https://urbaimagenes-cddyfadwc8dqcchn.z03.azurefd.net/img/clubs/municipalidaddeberazategui.png,municipalidad-de-berazategui-m17,91,2022 2023 2024 2025 2026,8,depende del alta de institución (prioridad 1)
3,equipo_juvenil_de_institucion_nueva,91,Municipalidad de Berazategui M18,M18,"",urba,rugby,https://urbaimagenes-cddyfadwc8dqcchn.z03.azurefd.net/img/clubs/municipalidaddeberazategui.png,municipalidad-de-berazategui-m18,91,2021,2,depende del alta de institución (prioridad 1)
3,equipo_juvenil_de_institucion_nueva,91,Municipalidad de Berazategui M19,M19,"",urba,rugby,https://urbaimagenes-cddyfadwc8dqcchn.z03.azurefd.net/img/clubs/municipalidaddeberazategui.png,municipalidad-de-berazategui-m19,91,2022 2023 2024 2025 2026,10,depende del alta de institución (prioridad 1)
3,equipo_juvenil_de_institucion_nueva,90,Obras Sanitarias M18,M18,"",urba,rugby,https://urbaimagenes-cddyfadwc8dqcchn.z03.azurefd.net/img/clubs/obrassanitarias.png,obras-sanitarias-m18,90,2021,2,depende del alta de institución (prioridad 1)
3,equipo_juvenil_de_institucion_nueva,66,Old Georgian M15,M15,"",urba,rugby,https://urbaimagenes-cddyfadwc8dqcchn.z03.azurefd.net/img/clubs/oldgeorgian.png,old-georgian-m15,66,2022 2023 2024 2025 2026,9,depende del alta de institución (prioridad 1)
3,equipo_juvenil_de_institucion_nueva,66,Old Georgian M16,M16,"",urba,rugby,https://urbaimagenes-cddyfadwc8dqcchn.z03.azurefd.net/img/clubs/oldgeorgian.png,old-georgian-m16,66,2021,2,depende del alta de institución (prioridad 1)
3,equipo_juvenil_de_institucion_nueva,66,Old Georgian M17,M17,"",urba,rugby,https://urbaimagenes-cddyfadwc8dqcchn.z03.azurefd.net/img/clubs/oldgeorgian.png,old-georgian-m17,66,2022 2023 2024 2025 2026,9,depende del alta de institución (prioridad 1)
3,equipo_juvenil_de_institucion_nueva,66,Old Georgian M18,M18,"",urba,rugby,https://urbaimagenes-cddyfadwc8dqcchn.z03.azurefd.net/img/clubs/oldgeorgian.png,old-georgian-m18,66,2021,2,depende del alta de institución (prioridad 1)
3,equipo_juvenil_de_institucion_nueva,66,Old Georgian M19,M19,"",urba,rugby,https://urbaimagenes-cddyfadwc8dqcchn.z03.azurefd.net/img/clubs/oldgeorgian.png,old-georgian-m19,66,2022 2023 2024,6,depende del alta de institución (prioridad 1)
3,equipo_juvenil_de_institucion_nueva,66,"Old Georgian M19 ""A""",M19,A,urba,rugby,https://urbaimagenes-cddyfadwc8dqcchn.z03.azurefd.net/img/clubs/oldgeorgian.png,old-georgian-m19-a,66,2025 2026,4,depende del alta de institución (prioridad 1)
3,equipo_juvenil_de_institucion_nueva,66,"Old Georgian M19 ""B""",M19,B,urba,rugby,https://urbaimagenes-cddyfadwc8dqcchn.z03.azurefd.net/img/clubs/oldgeorgian.png,old-georgian-m19-b,66,2025 2026,4,depende del alta de institución (prioridad 1)
3,equipo_juvenil_de_institucion_nueva,66,Old Georgian M20,M20,"",urba,rugby,https://urbaimagenes-cddyfadwc8dqcchn.z03.azurefd.net/img/clubs/oldgeorgian.png,old-georgian-m20,66,2021,2,depende del alta de institución (prioridad 1)
3,equipo_juvenil_de_institucion_nueva,85,Pac General Rodriguez M15,M15,"",urba,rugby,https://urbaimagenes-cddyfadwc8dqcchn.z03.azurefd.net/img/clubs/pacgeneralrodriguez.png,pac-general-rodriguez-m15,85,2023 2025,4,depende del alta de institución (prioridad 1)
3,equipo_juvenil_de_institucion_nueva,85,Pac General Rodriguez M16,M16,"",urba,rugby,https://urbaimagenes-cddyfadwc8dqcchn.z03.azurefd.net/img/clubs/pacgeneralrodriguez.png,pac-general-rodriguez-m16,85,2021 2024 2026,4,depende del alta de institución (prioridad 1)
3,equipo_juvenil_de_institucion_nueva,85,Pac General Rodriguez M17,M17,"",urba,rugby,https://urbaimagenes-cddyfadwc8dqcchn.z03.azurefd.net/img/clubs/pacgeneralrodriguez.png,pac-general-rodriguez-m17,85,2022 2023,4,depende del alta de institución (prioridad 1)
3,equipo_juvenil_de_institucion_nueva,85,Pac General Rodriguez M19,M19,"",urba,rugby,https://urbaimagenes-cddyfadwc8dqcchn.z03.azurefd.net/img/clubs/pacgeneralrodriguez.png,pac-general-rodriguez-m19,85,2024 2025,3,depende del alta de institución (prioridad 1)
3,equipo_juvenil_de_institucion_nueva,70,Porteño M15,M15,"",urba,rugby,https://urbaimagenes-cddyfadwc8dqcchn.z03.azurefd.net/img/clubs/porteño.png,porteno-m15,70,2022 2023 2025,6,depende del alta de institución (prioridad 1)
3,equipo_juvenil_de_institucion_nueva,70,Porteño M16,M16,"",urba,rugby,https://urbaimagenes-cddyfadwc8dqcchn.z03.azurefd.net/img/clubs/porteño.png,porteno-m16,70,2021 2024 2026,5,depende del alta de institución (prioridad 1)
3,equipo_juvenil_de_institucion_nueva,70,Porteño M17,M17,"",urba,rugby,https://urbaimagenes-cddyfadwc8dqcchn.z03.azurefd.net/img/clubs/porteño.png,porteno-m17,70,2022 2023 2024 2025,8,depende del alta de institución (prioridad 1)
3,equipo_juvenil_de_institucion_nueva,70,Porteño M18,M18,"",urba,rugby,https://urbaimagenes-cddyfadwc8dqcchn.z03.azurefd.net/img/clubs/porteño.png,porteno-m18,70,2021,2,depende del alta de institución (prioridad 1)
3,equipo_juvenil_de_institucion_nueva,70,Porteño M19,M19,"",urba,rugby,https://urbaimagenes-cddyfadwc8dqcchn.z03.azurefd.net/img/clubs/porteño.png,porteno-m19,70,2022 2023 2024 2025 2026,9,depende del alta de institución (prioridad 1)
3,equipo_juvenil_de_institucion_nueva,88,Rivadavia de Lobos M16,M16,"",urba,rugby,https://urbaimagenes-cddyfadwc8dqcchn.z03.azurefd.net/img/clubs/rivadaviadelobos.png,rivadavia-de-lobos-m16,88,2023,2,depende del alta de institución (prioridad 1)
3,equipo_juvenil_de_institucion_nueva,88,Rivadavia de Lobos M17,M17,"",urba,rugby,https://urbaimagenes-cddyfadwc8dqcchn.z03.azurefd.net/img/clubs/rivadaviadelobos.png,rivadavia-de-lobos-m17,88,2021 2022 2025 2026,6,depende del alta de institución (prioridad 1)
3,equipo_juvenil_de_institucion_nueva,57,San Marcos M15,M15,"",urba,rugby,https://urbaimagenes-cddyfadwc8dqcchn.z03.azurefd.net/img/clubs/sanmarcos.png,san-marcos-m15,57,2021 2023 2025,5,depende del alta de institución (prioridad 1)
3,equipo_juvenil_de_institucion_nueva,57,San Marcos M16,M16,"",urba,rugby,https://urbaimagenes-cddyfadwc8dqcchn.z03.azurefd.net/img/clubs/sanmarcos.png,san-marcos-m16,57,2022 2024 2026,5,depende del alta de institución (prioridad 1)
3,equipo_juvenil_de_institucion_nueva,57,San Marcos M17,M17,"",urba,rugby,https://urbaimagenes-cddyfadwc8dqcchn.z03.azurefd.net/img/clubs/sanmarcos.png,san-marcos-m17,57,2023 2024 2025 2026,6,depende del alta de institución (prioridad 1)
3,equipo_juvenil_de_institucion_nueva,57,San Marcos M18,M18,"",urba,rugby,https://urbaimagenes-cddyfadwc8dqcchn.z03.azurefd.net/img/clubs/sanmarcos.png,san-marcos-m18,57,2021,2,depende del alta de institución (prioridad 1)
3,equipo_juvenil_de_institucion_nueva,57,San Marcos M19,M19,"",urba,rugby,https://urbaimagenes-cddyfadwc8dqcchn.z03.azurefd.net/img/clubs/sanmarcos.png,san-marcos-m19,57,2022 2023 2024 2025 2026,10,depende del alta de institución (prioridad 1)
3,equipo_juvenil_de_institucion_nueva,81,Sociedad Hebraica M17,M17,"",urba,rugby,https://urbaimagenes-cddyfadwc8dqcchn.z03.azurefd.net/img/clubs/sociedadhebraica.png,sociedad-hebraica-m17,81,2024 2025,3,depende del alta de institución (prioridad 1)
3,equipo_juvenil_de_institucion_nueva,81,Sociedad Hebraica M18,M18,"",urba,rugby,https://urbaimagenes-cddyfadwc8dqcchn.z03.azurefd.net/img/clubs/sociedadhebraica.png,sociedad-hebraica-m18,81,2021,1,depende del alta de institución (prioridad 1)
3,equipo_juvenil_de_institucion_nueva,81,Sociedad Hebraica M19,M19,"",urba,rugby,https://urbaimagenes-cddyfadwc8dqcchn.z03.azurefd.net/img/clubs/sociedadhebraica.png,sociedad-hebraica-m19,81,2024,2,depende del alta de institución (prioridad 1)
3,equipo_juvenil_de_institucion_nueva,72,Tigre M15,M15,"",urba,rugby,https://urbaimagenes-cddyfadwc8dqcchn.z03.azurefd.net/img/clubs/tigre.png,tigre-m15,72,2022 2023 2024 2025 2026,9,depende del alta de institución (prioridad 1)
3,equipo_juvenil_de_institucion_nueva,72,Tigre M16,M16,"",urba,rugby,https://urbaimagenes-cddyfadwc8dqcchn.z03.azurefd.net/img/clubs/tigre.png,tigre-m16,72,2021 2023 2024 2025 2026,8,depende del alta de institución (prioridad 1)
3,equipo_juvenil_de_institucion_nueva,72,Tigre M17,M17,"",urba,rugby,https://urbaimagenes-cddyfadwc8dqcchn.z03.azurefd.net/img/clubs/tigre.png,tigre-m17,72,2022 2023 2024 2025 2026,9,depende del alta de institución (prioridad 1)
3,equipo_juvenil_de_institucion_nueva,72,Tigre M18,M18,"",urba,rugby,https://urbaimagenes-cddyfadwc8dqcchn.z03.azurefd.net/img/clubs/tigre.png,tigre-m18,72,2021,2,depende del alta de institución (prioridad 1)
3,equipo_juvenil_de_institucion_nueva,72,Tigre M19,M19,"",urba,rugby,https://urbaimagenes-cddyfadwc8dqcchn.z03.azurefd.net/img/clubs/tigre.png,tigre-m19,72,2022 2023 2024 2025,8,depende del alta de institución (prioridad 1)
3,equipo_juvenil_de_institucion_nueva,72,"Tigre M19 ""A""",M19,A,urba,rugby,https://urbaimagenes-cddyfadwc8dqcchn.z03.azurefd.net/img/clubs/tigre.png,tigre-m19-a,72,2026,2,depende del alta de institución (prioridad 1)
3,equipo_juvenil_de_institucion_nueva,72,"Tigre M19 ""B""",M19,B,urba,rugby,https://urbaimagenes-cddyfadwc8dqcchn.z03.azurefd.net/img/clubs/tigre.png,tigre-m19-b,72,2026,2,depende del alta de institución (prioridad 1)
3,equipo_juvenil_de_institucion_nueva,69,Tiro Federal de Baradero M16,M16,"",urba,rugby,https://urbaimagenes-cddyfadwc8dqcchn.z03.azurefd.net/img/clubs/tirofederaldebaradero.png,tiro-federal-de-baradero-m16,69,2023 2025,4,depende del alta de institución (prioridad 1)
3,equipo_juvenil_de_institucion_nueva,69,Tiro Federal de Baradero M17,M17,"",urba,rugby,https://urbaimagenes-cddyfadwc8dqcchn.z03.azurefd.net/img/clubs/tirofederaldebaradero.png,tiro-federal-de-baradero-m17,69,2021 2022 2024 2025 2026,8,depende del alta de institución (prioridad 1)
3,equipo_juvenil_de_institucion_nueva,69,Tiro Federal de Baradero M19,M19,"",urba,rugby,https://urbaimagenes-cddyfadwc8dqcchn.z03.azurefd.net/img/clubs/tirofederaldebaradero.png,tiro-federal-de-baradero-m19,69,2023 2026,4,depende del alta de institución (prioridad 1)
3,equipo_juvenil_de_institucion_nueva,62,Tiro Federal de San Pedro M15,M15,"",urba,rugby,https://urbaimagenes-cddyfadwc8dqcchn.z03.azurefd.net/img/clubs/tirofederaldesanpedro.png,tiro-federal-de-san-pedro-m15,62,2021 2022 2023 2024 2025 2026,9,depende del alta de institución (prioridad 1)
3,equipo_juvenil_de_institucion_nueva,62,Tiro Federal de San Pedro M16,M16,"",urba,rugby,https://urbaimagenes-cddyfadwc8dqcchn.z03.azurefd.net/img/clubs/tirofederaldesanpedro.png,tiro-federal-de-san-pedro-m16,62,2025 2026,3,depende del alta de institución (prioridad 1)
3,equipo_juvenil_de_institucion_nueva,62,Tiro Federal de San Pedro M17,M17,"",urba,rugby,https://urbaimagenes-cddyfadwc8dqcchn.z03.azurefd.net/img/clubs/tirofederaldesanpedro.png,tiro-federal-de-san-pedro-m17,62,2021 2022 2023 2024 2025 2026,11,depende del alta de institución (prioridad 1)
3,equipo_juvenil_de_institucion_nueva,62,Tiro Federal de San Pedro M19,M19,"",urba,rugby,https://urbaimagenes-cddyfadwc8dqcchn.z03.azurefd.net/img/clubs/tirofederaldesanpedro.png,tiro-federal-de-san-pedro-m19,62,2022 2023 2024 2025 2026,9,depende del alta de institución (prioridad 1)
3,equipo_juvenil_de_institucion_nueva,68,Varela Jr. M15,M15,"",urba,rugby,https://urbaimagenes-cddyfadwc8dqcchn.z03.azurefd.net/img/clubs/varelajr.png,varela-jr-m15,68,2021 2022 2023 2024 2025,9,depende del alta de institución (prioridad 1)
3,equipo_juvenil_de_institucion_nueva,68,Varela Jr. M16,M16,"",urba,rugby,https://urbaimagenes-cddyfadwc8dqcchn.z03.azurefd.net/img/clubs/varelajr.png,varela-jr-m16,68,2021 2022 2023 2025 2026,9,depende del alta de institución (prioridad 1)
3,equipo_juvenil_de_institucion_nueva,68,Varela Jr. M17,M17,"",urba,rugby,https://urbaimagenes-cddyfadwc8dqcchn.z03.azurefd.net/img/clubs/varelajr.png,varela-jr-m17,68,2022 2023 2024 2026,7,depende del alta de institución (prioridad 1)
3,equipo_juvenil_de_institucion_nueva,68,Varela Jr. M18,M18,"",urba,rugby,https://urbaimagenes-cddyfadwc8dqcchn.z03.azurefd.net/img/clubs/varelajr.png,varela-jr-m18,68,2021,2,depende del alta de institución (prioridad 1)
3,equipo_juvenil_de_institucion_nueva,68,Varela Jr. M19,M19,"",urba,rugby,https://urbaimagenes-cddyfadwc8dqcchn.z03.azurefd.net/img/clubs/varelajr.png,varela-jr-m19,68,2022 2023 2024 2025,8,depende del alta de institución (prioridad 1)
3,equipo_juvenil_de_institucion_nueva,77,Vicente Lopez M15,M15,"",urba,rugby,https://urbaimagenes-cddyfadwc8dqcchn.z03.azurefd.net/img/clubs/vicentelopez.png,vicente-lopez-m15,77,2024 2025,3,depende del alta de institución (prioridad 1)
3,equipo_juvenil_de_institucion_nueva,77,Vicente Lopez M16,M16,"",urba,rugby,https://urbaimagenes-cddyfadwc8dqcchn.z03.azurefd.net/img/clubs/vicentelopez.png,vicente-lopez-m16,77,2025 2026,3,depende del alta de institución (prioridad 1)
3,equipo_juvenil_de_institucion_nueva,77,Vicente Lopez M17,M17,"",urba,rugby,https://urbaimagenes-cddyfadwc8dqcchn.z03.azurefd.net/img/clubs/vicentelopez.png,vicente-lopez-m17,77,2022 2026,3,depende del alta de institución (prioridad 1)
3,equipo_juvenil_de_institucion_nueva,77,Vicente Lopez M18,M18,"",urba,rugby,https://urbaimagenes-cddyfadwc8dqcchn.z03.azurefd.net/img/clubs/vicentelopez.png,vicente-lopez-m18,77,2021,2,depende del alta de institución (prioridad 1)
3,equipo_juvenil_de_institucion_nueva,77,Vicente Lopez M19,M19,"",urba,rugby,https://urbaimagenes-cddyfadwc8dqcchn.z03.azurefd.net/img/clubs/vicentelopez.png,vicente-lopez-m19,77,2022 2023,4,depende del alta de institución (prioridad 1)
