urba_club_id,nombre_institucion,nombre_equipo,sufijo,categoria,divisiones,anios,veces,g22_club_id,g22_nombre,g22_union,estado,confianza
201,15 de Diciembre,15 de Diciembre,,empresarial,Empresarial - Campeonato | Empresarial - Campeonato - Clasificación | Empresarial - Campeonato - Revancha A | Empresarial - Zona A,2021 2022 2023,4,,,,club_no_existe,ninguna
201,15 de Diciembre,15 de Diciembre B,B,empresarial,Empresarial - Intermedia,2023,1,,,,club_no_existe,ninguna
202,AG Propiedades,AG Propiedades,,empresarial,Empresarial - Campeonato - Clasificación | Empresarial - Campeonato - Revancha B | Empresarial - Zona A,2021 2022,3,,,,club_no_existe,ninguna
109,Banco Central,Banco Central,,empresarial,Empresarial - Desarrollo | Empresarial - Desarrollo A | Empresarial - Segunda División | Empresarial - Zona A,2021 2022 2023,4,,,,club_no_existe,ninguna
203,Cabaña Camino Viejo,Cabaña Camino Viejo,,empresarial,Empresarial - Campeonato | Empresarial - Campeonato - Clasificación | Empresarial - Campeonato - Revancha B,2022 2023,3,,,,club_no_existe,ninguna
114,Ciervos Pampas,Ciervos Pampas,,empresarial,Empresarial - Desarrollo | Empresarial - Desarrollo A | Empresarial - Tercera División,2022 2023,3,,,,club_no_existe,ninguna
204,Circulo Policia Federal,Circulo Policia Federal,,empresarial,Empresarial - Campeonato | Empresarial - Desarrollo,2022 2023,2,,,,club_no_existe,ninguna
204,Circulo Policia Federal,Circulo Policia Federal B,B,empresarial,Empresarial - Intermedia,2023,1,,,,club_no_existe,ninguna
125,CIRFAA Patriotas Rugby,Patriotas,,empresarial,Empresarial - Campeonato | Empresarial - Campeonato - Clasificación | Empresarial - Campeonato - Revancha B | Empresarial - Zona A,2021 2022 2023,4,,,,club_no_existe,ninguna
205,Distribuidora del Oeste,Distribuidora del Oeste,,empresarial,Empresarial - Desarrollo | Empresarial - Zona B,2021 2022,2,,,,club_no_existe,ninguna
112,Elaion,Elaion,,empresarial,Empresarial - Desarrollo | Empresarial - Desarrollo B | Empresarial - Tercera División | Empresarial - Zona B,2021 2022 2023,4,,,,club_no_existe,ninguna
108,Ensenada,Ensenada,,empresarial,Empresarial - Desarrollo | Empresarial - Desarrollo A | Empresarial - Tercera División | Empresarial - Zona B,2021 2022 2023,4,,,,club_no_existe,ninguna
122,Espartanos,Espartanos,,empresarial,Empresarial - Desarrollo B | Empresarial - Segunda División,2023,2,,,,club_no_existe,ninguna
207,Laz Spare Parts,Laz Spare Parts,,empresarial,Empresarial - Desarrollo B | Empresarial - Segunda División,2023,2,,,,club_no_existe,ninguna
124,Manzanares R.C.,Manzanares,,empresarial,Empresarial - Campeonato,2023,1,,,,club_no_existe,ninguna
124,Manzanares R.C.,Manzanares B,B,empresarial,Empresarial - Intermedia,2023,1,,,,club_no_existe,ninguna
123,Municipalidad de Avellaneda,Munic de Avellaneda,,empresarial,Empresarial - Desarrollo | Empresarial - Desarrollo A | Empresarial - Segunda División,2022 2023,3,,,,club_no_existe,ninguna
123,Municipalidad de Avellaneda,Munic de Avellaneda B,B,empresarial,Empresarial - Intermedia,2023,1,,,,club_no_existe,ninguna
119,Municipalidad de Moreno,Municipalidad de Moreno,,empresarial,Empresarial - Desarrollo A | Empresarial - Segunda División,2023,2,,,,club_no_existe,ninguna
209,Omar Etcheverry,Omar Etcheverry,,empresarial,Empresarial - Campeonato | Empresarial - Campeonato - Clasificación | Empresarial - Campeonato - Revancha A | Empresarial - Zona A,2021 2022 2023,4,,,,club_no_existe,ninguna
209,Omar Etcheverry,Omar Etcheverry B,B,empresarial,Empresarial - Intermedia,2023,1,,,,club_no_existe,ninguna
210,Pacific Shark,Pacific Shark,,empresarial,Empresarial - Campeonato - Clasificación | Empresarial - Campeonato - Revancha A | Empresarial - Desarrollo B | Empresarial - Segunda División | Empresarial - Zona A,2021 2022 2023,5,,,,club_no_existe,ninguna
211,Policia de la Ciudad,Policia de la Ciudad,,empresarial,Empresarial - Campeonato | Empresarial - Desarrollo | Empresarial - Zona B,2021 2022 2023,3,,,,club_no_existe,ninguna
212,Rectificación Parra Pilar,Rectificación Parra Pilar,,empresarial,Empresarial - Campeonato - Clasificación | Empresarial - Campeonato - Revancha B | Empresarial - Zona A,2021 2022,3,,,,club_no_existe,ninguna
213,RESTA,RESTA,,empresarial,Empresarial - Desarrollo | Empresarial - Desarrollo B | Empresarial - Tercera División | Empresarial - Zona B,2021 2022 2023,4,,,,club_no_existe,ninguna
214,Robles Campos,Robles Campos,,empresarial,Empresarial - Campeonato - Clasificación | Empresarial - Campeonato - Revancha A | Empresarial - Zona B,2021 2022,3,,,,club_no_existe,ninguna
215,SATSAID,SATSAID,,empresarial,Empresarial - Desarrollo | Empresarial - Desarrollo B | Empresarial - Tercera División | Empresarial - Zona B,2021 2022 2023,4,,,,club_no_existe,ninguna
216,Tactical Lacsi,Tactical Lacsi,,empresarial,Empresarial - Zona B,2021,1,,,,club_no_existe,ninguna
217,Telnet Soluciones,Telnet Soluciones,,empresarial,Empresarial - Campeonato | Empresarial - Desarrollo,2022 2023,2,,,,club_no_existe,ninguna
217,Telnet Soluciones,Telnet Soluciones B,B,empresarial,Empresarial - Intermedia,2023,1,,,,club_no_existe,ninguna
218,TEQNA,TEQNA,,empresarial,Empresarial - Zona A,2021,1,,,,club_no_existe,ninguna
130,Tizal,Tizal,,empresarial,Empresarial - Desarrollo | Empresarial - Desarrollo A | Empresarial - Tercera División,2022 2023,3,,,,club_no_existe,ninguna
220,UBA Sociales,UBA Sociales,,empresarial,Empresarial - Desarrollo,2022,1,,,,club_no_existe,ninguna
116,Univ. Nac de Quilmes,Universidad de Quilmes,,empresarial,Empresarial - Desarrollo B | Empresarial - Segunda División,2023,2,,,,club_no_existe,ninguna
103,Univ. Nac de San Martin,Univ. De San Martin,,empresarial,Empresarial - Campeonato - Clasificación | Empresarial - Campeonato - Revancha A | Empresarial - Desarrollo A | Empresarial - Segunda División | Empresarial - Zona B,2021 2022 2023,5,,,,club_no_existe,ninguna
75,Atletico San Andres,Atletico San Andres,,femenino,Femenino - Campeonato 12 | Femenino - Campeonato 12 - Clasificación | Femenino - Campeonato 12 - Revancha | Femenino - Campeonato 12 - Zona A | Femenino - Ten - Primera rueda | Femenino - Ten - Zona A | Femenino - Top 4 | Femenino - Top 7 | Femenino - Zona Desarrollo - Segunda Rueda,2021 2022 2023 2024 2025,9,san-andres,San Andrés,urba,ambiguo,parcial
63,Atletico y Progreso,Atletico y Progreso,,femenino,FEMENINO - Segunda División | Femenino - Seven - Clasificación | Femenino - Seven - Revancha A | Femenino - Ten - Primera rueda | Femenino - Ten - Segunda rueda,2022 2023 2026,5,,,,club_no_existe,ninguna
80,Banco Hipotecario,Banco Hipotecario,,femenino,FEMENINO - Segunda División | Femenino - Ten | Femenino - Ten - Primera rueda | Femenino - Ten - Zona B | Femenino - Ten - Zona Campeonato - Segunda Rueda,2021 2022 2023 2026,5,,,,club_no_existe,ninguna
71,Beromama,Beromama,,femenino,FEMENINO - TOP 9 | Femenino - Campeonato 12 | Femenino - Campeonato 12 - Zona B | Femenino - Desarrollo | Femenino - Ten | Femenino - Top 7,2022 2023 2024 2025 2026,6,,,,club_no_existe,ninguna
27,C.U. de Quilmes,C.U. de Quilmes,,femenino,FEMENINO - TOP 9 | Femenino - Campeonato 12 | Femenino - Campeonato 12 - Zona B | Femenino - Intermedia | Femenino - Ten | Femenino - Ten - Primera rueda | Femenino - Top 7,2022 2023 2024 2025 2026,7,cuq,CUQ,urba,existe,exacto
118,Camioneros R.C.,Camioneros,,femenino,Femenino - Primera  B,2025,1,,,,club_no_existe,ninguna
49,CASA de Padua,CASA de Padua,,femenino,FEMENINO - TOP 9 | Femenino - Campeonato 12 | Femenino - Campeonato 12 - Zona B | Femenino - SEVEN - Campeonato - Segunda Rueda | Femenino - Seven - Zona A | Femenino - Ten | Femenino - Ten - Primera rueda | Femenino - Top 4 | Femenino - Top 7,2021 2022 2023 2024 2025 2026,9,casa-de-padua,CASA de Padua,urba,existe,exacto
42,Centro Naval,Centro Naval,,femenino,FEMENINO - TOP 9 | Femenino - Campeonato 12 | Femenino - Campeonato 12 - Clasificación | Femenino - Campeonato 12 - Revancha | Femenino - Campeonato 12 - Zona B | Femenino - Ten - Zona A | Femenino - Top 4 | Femenino - Top 7 | Femenino - Zona Campeonato - Segunda Rueda,2021 2022 2023 2024 2025 2026,9,centro-naval,Centro Naval,urba,existe,exacto
42,Centro Naval,Centro Naval B,B,femenino,Femenino - Seven - Clasificación | Femenino - Seven - Revancha B,2022,2,centro-naval,Centro Naval,urba,existe,exacto
54,Ciudad de Bs.As.,Ciudad de Bs.As.,,femenino,FEMENINO - TOP 9 | Femenino - Campeonato 12 | Femenino - Campeonato 12 - Clasificación | Femenino - Campeonato 12 - Revancha | Femenino - Campeonato 12 - Zona A | Femenino - Intermedia | Femenino - Ten - Zona B | Femenino - Top 7 | Femenino - Zona Desarrollo - Segunda Rueda,2021 2022 2023 2024 2025 2026,9,ciudad-de-buenos-aires,Ciudad de Buenos Aires,urba,existe,exacto
76,Ciudad de Campana,Ciudad de Campana,,femenino,FEMENINO - Primera División | Femenino - Primera  B,2025 2026,2,,,,club_no_existe,ninguna
84,Defensores de Glew,Defensores de Glew,,femenino,FEMENINO - Segunda División,2026,1,,,,club_no_existe,ninguna
127,Del Oeste Rugby,Del Oeste Rugby,,femenino,FEMENINO - TOP 9 | Femenino - Primera  B,2025 2026,2,,,,club_no_existe,ninguna
37,Don Bosco,Don Bosco,,femenino,FEMENINO - Primera División,2026,1,don-bosco,Don Bosco,urba,existe,exacto
48,El Retiro,El Retiro,,femenino,Femenino - Campeonato 12 | Femenino - Ten - Primera rueda | Femenino - Ten - Revancha | Femenino - Ten - Segunda rueda,2023 2024,4,,,,club_no_existe,ninguna
86,Ezeiza,Ezeiza,,femenino,Femenino - SEVEN - Campeonato - Segunda Rueda | Femenino - Seven - Zona A,2021,2,,,,club_no_existe,ninguna
59,G y E de Ituzaingo,G y E de Ituzaingo,,femenino,FEMENINO - Segunda División | Femenino - Seven - Zona B | Femenino - Ten - Zona Campeonato - Segunda Rueda,2021 2026,3,,,,club_no_existe,ninguna
206,Guernica,Guernica,,femenino,Femenino - Ten | Femenino - Ten - Zona B | Femenino - Zona Desarrollo - Segunda Rueda,2021 2022,3,,,,club_no_existe,ninguna
13,La Plata,La Plata,,femenino,FEMENINO - TOP 9 | Femenino - Campeonato 12 | Femenino - Campeonato 12 - Clasificación | Femenino - Campeonato 12 - Revancha | Femenino - Campeonato 12 - Zona A | Femenino - Ten - Zona A | Femenino - Top 4 | Femenino - Top 7 | Femenino - Zona Campeonato - Segunda Rueda,2021 2022 2023 2024 2025 2026,9,la-plata,La Plata,urba,existe,exacto
64,La Salle,La Salle Rugby y Hockey Club,,femenino,FEMENINO - TOP 9 | Femenino - Campeonato 12 | Femenino - Campeonato 12 - Zona A | Femenino - Desarrollo | Femenino - Primera  B | Femenino - SEVEN - Campeonato - Segunda Rueda | Femenino - Seven - Zona A | Femenino - Ten | Femenino - Ten - Primera rueda,2021 2022 2023 2024 2025 2026,9,,,,club_no_existe,ninguna
51,Lanus,Lanus,,femenino,FEMENINO - TOP 9 | Femenino - Campeonato 12 | Femenino - Campeonato 12 - Clasificación | Femenino - Campeonato 12 - Revancha | Femenino - Campeonato 12 - Zona B | Femenino - Intermedia | Femenino - Ten - Zona A | Femenino - Top 7 | Femenino - Zona Campeonato - Segunda Rueda,2021 2022 2023 2024 2025 2026,9,lanus-r-c,Lanús R.C.,urba,existe,exacto
208,Lomas Social,Lomas Social,,femenino,Femenino - Ten | Femenino - Ten - Primera rueda | Femenino - Ten - Revancha | Femenino - Ten - Segunda rueda,2022 2023,4,,,,club_no_existe,ninguna
26,Los Tilos,Los Tilos,,femenino,FEMENINO - Segunda División,2026,1,los-tilos,Los Tilos,urba,existe,exacto
124,Manzanares R.C.,Manzanares,,femenino,Femenino - Seven - Clasificación | Femenino - Seven - Revancha A | Femenino - Ten - Zona B | Femenino - Ten - Zona Campeonato - Segunda Rueda,2021 2022,4,,,,club_no_existe,ninguna
82,Marcos Paz,Marcos Paz,,femenino,FEMENINO - Primera División | Femenino - Campeonato 12 | Femenino - Primera  B | Femenino - SEVEN - Campeonato - Segunda Rueda | Femenino - Ten | Femenino - Ten - Primera rueda | Femenino - Ten - Revancha | Femenino - Ten - Segunda rueda | Femenino - Ten - Zona B,2021 2022 2023 2024 2025 2026,9,,,,club_no_existe,ninguna
123,Municipalidad de Avellaneda,Munic de Avellaneda,,femenino,FEMENINO - Primera División | Femenino - Campeonato 12 - Zona A | Femenino - Desarrollo | Femenino - Primera  B | Femenino - SEVEN - Desarrollo - Segunda Rueda | Femenino - Seven - Clasificación | Femenino - Seven - Revancha B | Femenino - Seven - Zona B | Femenino - Ten - Primera rueda,2021 2022 2023 2025 2026,9,,,,club_no_existe,ninguna
91,Municipalidad de Berazategui,Municipalidad De Berazategui,,femenino,FEMENINO - Primera División | Femenino - Primera  B | Femenino - Ten | Femenino - Ten - Zona B | Femenino - Ten - Zona Campeonato - Segunda Rueda,2021 2022 2025 2026,5,,,,club_no_existe,ninguna
93,Municipio de Avellaneda,Munic. de Avellaneda,,femenino,Femenino - Campeonato 12,2024,1,,,,club_no_existe,ninguna
85,Pac General Rodriguez,Pac. General Rodriguez,,femenino,FEMENINO - Segunda División,2026,1,,,,club_no_existe,ninguna
70,Porteño,Porteño,,femenino,Femenino - Campeonato 12 | Femenino - Campeonato 12 - Zona B | Femenino - Desarrollo | Femenino - Ten | Femenino - Ten - Primera rueda | Femenino - Ten - Zona A | Femenino - Top 7 | Femenino - Zona Desarrollo - Segunda Rueda,2021 2022 2023 2024 2025,8,,,,club_no_existe,ninguna
57,San Marcos,San Marcos,,femenino,FEMENINO - Primera División,2026,1,,,,club_no_existe,ninguna
56,San Miguel,San Miguel,,femenino,FEMENINO - Segunda División | Femenino - SEVEN - Desarrollo - Segunda Rueda | Femenino - Seven - Zona A,2021 2026,3,san-miguel-r-c,San Miguel R.C.,urba,existe,exacto
43,SITAS,SITAS,,femenino,FEMENINO - Primera División | Femenino - Campeonato 12 | Femenino - Campeonato 12 - Clasificación | Femenino - Campeonato 12 - Revancha | Femenino - Campeonato 12 - Zona A | Femenino - Intermedia | Femenino - Primera  B | Femenino - Ten - Zona A | Femenino - Zona Campeonato - Segunda Rueda,2021 2022 2023 2024 2025 2026,9,sitas,SITAS,urba,existe,exacto
72,Tigre,Tigre,,femenino,FEMENINO - Primera División | Femenino - Primera  B | Femenino - SEVEN - Desarrollo - Segunda Rueda | Femenino - Seven - Zona B,2021 2025 2026,4,,,,club_no_existe,ninguna
62,Tiro Federal de San Pedro,Tiro Federal de San Pedro,,femenino,Femenino - SEVEN - Campeonato - Segunda Rueda | Femenino - Seven - Clasificación | Femenino - Seven - Revancha A | Femenino - Seven - Zona B,2021 2022,4,,,,club_no_existe,ninguna
106,Univ. Nac de la Matanza,Univ. De la Matanza,,femenino,FEMENINO - Primera División,2026,1,,,,club_no_existe,ninguna
95,Univ. Nac de la Plata,Univ. Nac de la Plata,,femenino,Femenino - Campeonato 12,2024,1,,,,club_no_existe,ninguna
29,Universitario de la Plata,Universitario de La Plata,,femenino,FEMENINO - Segunda División | Femenino - SEVEN - Campeonato - Segunda Rueda | Femenino - Seven - Clasificación | Femenino - Seven - Revancha B,2021 2022 2026,4,universitario-de-la-plata,Universitario de La Plata,urba,existe,exacto
94,UTN Haedo,UTN Haedo,,femenino,Femenino - Campeonato 12 | Femenino - SEVEN - Desarrollo - Segunda Rueda | Femenino - Seven - Clasificación | Femenino - Seven - Revancha A | Femenino - Seven - Zona B | Femenino - Ten - Primera rueda | Femenino - Ten - Revancha | Femenino - Ten - Segunda rueda,2021 2022 2023 2024,8,,,,club_no_existe,ninguna
77,Vicente Lopez,Vicente Lopez,,femenino,FEMENINO - Segunda División | Femenino - Campeonato 12 | Femenino - SEVEN - Desarrollo - Segunda Rueda | Femenino - Seven - Clasificación | Femenino - Seven - Revancha B | Femenino - Seven - Zona A | Femenino - Ten - Primera rueda | Femenino - Ten - Revancha | Femenino - Ten - Segunda rueda,2021 2022 2023 2024 2026,9,,,,club_no_existe,ninguna
121,Aguiluchos Rugby,Aguiluchos Rugby,,formativo,Formativo - Primera Rueda - Campeonato | Formativo - Primera Rueda - Campeonato A | Formativo - Rueda Final - Campeonato B | Formativo - Segunda Rueda - Campeonato | Rugby Formativo - Campeonato,2024 2025 2026,5,,,,club_no_existe,ninguna
109,Banco Central,Banco Central,,formativo,Formativo - Primera Rueda - Campeonato B | Formativo - Primera Rueda - Desarrollo | Formativo - Rueda Final - Campeonato B | Formativo - Segunda Rueda - Ascenso | Rugby Formativo - Primera Division,2024 2025 2026,5,,,,club_no_existe,ninguna
126,Blue XV,Blue XV,,formativo,Formativo - Primera Rueda - Campeonato | Formativo - Primera Rueda - Campeonato B | Formativo - Segunda Rueda - Campeonato,2024 2025,3,,,,club_no_existe,ninguna
118,Camioneros R.C.,Camioneros R.C.,,formativo,Formativo - Primera Rueda - Campeonato | Formativo - Primera Rueda - Desarrollo B | Formativo - Rueda Final - Desarrollo B | Formativo - Segunda Rueda - Permanencia,2024 2025,4,,,,club_no_existe,ninguna
111,Cardales Rugby,Cardales Rugby,,formativo,Formativo - Primera Rueda - Desarrollo | Formativo - Segunda Rueda - Ascenso,2024,2,,,,club_no_existe,ninguna
114,Ciervos Pampas,Ciervos Pampas,,formativo,Formativo - Primera Rueda - Desarrollo B | Formativo - Rueda Final - Desarrollo B | Rugby Formativo - Primera Division,2025 2026,3,,,,club_no_existe,ninguna
125,CIRFAA Patriotas Rugby,Patriotas Rugby,,formativo,Formativo - Primera Rueda - Campeonato | Formativo - Primera Rueda - Campeonato A | Formativo - Rueda Final - Campeonato B | Formativo - Segunda Rueda - Permanencia | Rugby Formativo - Campeonato,2024 2025 2026,5,,,,club_no_existe,ninguna
131,Dorrego Rugby,Dorrego Rugby,,formativo,Formativo - Primera Rueda - Campeonato B | Formativo - Rueda Final - Campeonato A | Rugby Formativo - Campeonato,2025 2026,3,,,,club_no_existe,ninguna
112,Elaion,Elaion,,formativo,Formativo - Primera Rueda - Desarrollo | Formativo - Segunda Rueda - Ascenso,2024,2,,,,club_no_existe,ninguna
108,Ensenada,Ensenada,,formativo,Formativo - Primera Rueda - Desarrollo | Formativo - Primera Rueda - Desarrollo A | Formativo - Rueda Final - Desarrollo A | Formativo - Segunda Rueda - Ascenso | Rugby Formativo - Primera Division,2024 2025 2026,5,,,,club_no_existe,ninguna
122,Espartanos,Espartanos,,formativo,Formativo - Primera Rueda - Campeonato | Formativo - Primera Rueda - Campeonato B | Formativo - Rueda Final - Campeonato A | Formativo - Segunda Rueda - Permanencia | Rugby Formativo - Campeonato,2024 2025 2026,5,,,,club_no_existe,ninguna
133,Handoff Rugby,Handoff Rugby,,formativo,Formativo - Primera Rueda - Desarrollo B | Formativo - Rueda Final - Desarrollo B | Rugby Formativo - Primera Division,2025 2026,3,,,,club_no_existe,ninguna
110,Ivem,IVEM (Picapiedras),,formativo,Formativo - Primera Rueda - Desarrollo | Formativo - Segunda Rueda - Desarrollo,2024,2,,,,club_no_existe,ninguna
208,Lomas Social,Lomas Social,,formativo,Rugby Formativo - Primera Division,2026,1,,,,club_no_existe,ninguna
113,Malvinas Argentinas,Malvinas Argentinas,,formativo,Formativo - Primera Rueda - Campeonato A | Formativo - Primera Rueda - Desarrollo | Formativo - Rueda Final - Campeonato B | Formativo - Segunda Rueda - Ascenso | Rugby Formativo - Campeonato,2024 2025 2026,5,,,,club_no_existe,ninguna
124,Manzanares R.C.,Manzanares R.C.,,formativo,Formativo - Primera Rueda - Campeonato | Formativo - Primera Rueda - Campeonato A | Formativo - Rueda Final - Campeonato A | Formativo - Segunda Rueda - Campeonato | Rugby Formativo - Campeonato,2024 2025 2026,5,,,,club_no_existe,ninguna
115,Ministerio de Seguridad CABA,Ministerio de Seguridad CABA,,formativo,Formativo - Primera Rueda - Desarrollo | Formativo - Segunda Rueda - Desarrollo,2024,2,,,,club_no_existe,ninguna
123,Municipalidad de Avellaneda,Municipalidad de Avellaneda,,formativo,Formativo - Primera Rueda - Campeonato | Formativo - Primera Rueda - Desarrollo A | Formativo - Segunda Rueda - Permanencia | Rugby Formativo - Campeonato,2024 2025 2026,4,,,,club_no_existe,ninguna
119,Municipalidad de Moreno,Municipalidad de Moreno,,formativo,Formativo - Primera Rueda - Campeonato | Formativo - Primera Rueda - Campeonato B | Formativo - Rueda Final - Campeonato A | Formativo - Segunda Rueda - Campeonato,2024 2025,4,,,,club_no_existe,ninguna
93,Municipio de Avellaneda,Municipalidad de Avellaneda,,formativo,Formativo - Rueda Final - Desarrollo B,2025,1,,,,club_no_existe,ninguna
120,New Lions R.C.,New Lions R.C.,,formativo,Formativo - Primera Rueda - Campeonato | Formativo - Primera Rueda - Campeonato A | Formativo - Rueda Final - Campeonato B | Formativo - Segunda Rueda - Campeonato | Rugby Formativo - Campeonato,2024 2025 2026,5,,,,club_no_existe,ninguna
128,Old Bankers,Old Bankers,,formativo,Formativo - Primera Rueda - Desarrollo A | Formativo - Rueda Final - Desarrollo A | Rugby Formativo - Campeonato,2025 2026,3,,,,club_no_existe,ninguna
211,Policia de la Ciudad,Policía de la Ciudad,,formativo,Rugby Formativo - Primera Division,2026,1,,,,club_no_existe,ninguna
134,Policias de la Ciudad,Policias de la Ciudad,,formativo,Formativo - Primera Rueda - Desarrollo B | Formativo - Rueda Final - Desarrollo A,2025,2,,,,club_no_existe,ninguna
129,Ruda Macho,Ruda Macho,,formativo,Formativo - Primera Rueda - Desarrollo A | Formativo - Rueda Final - Desarrollo A | Rugby Formativo - Primera Division,2025 2026,3,,,,club_no_existe,ninguna
132,Suipacha,Suipacha,,formativo,Formativo - Primera Rueda - Desarrollo B | Formativo - Rueda Final - Desarrollo B | Rugby Formativo - Campeonato,2025 2026,3,,,,club_no_existe,ninguna
117,Tehuelches,Tehuelches,,formativo,Formativo - Primera Rueda - Desarrollo | Formativo - Segunda Rueda - Desarrollo,2024,2,,,,club_no_existe,ninguna
130,Tizal,Tizal ,,formativo,Formativo - Primera Rueda - Desarrollo A | Formativo - Rueda Final - Desarrollo A,2025,2,,,,club_no_existe,ninguna
116,Univ. Nac de Quilmes,Univ. Nac de Quilmes,,formativo,Formativo - Primera Rueda - Desarrollo | Formativo - Primera Rueda - Desarrollo A | Formativo - Rueda Final - Desarrollo A | Formativo - Segunda Rueda - Desarrollo,2024 2025,4,,,,club_no_existe,ninguna
61,Albatros,Albatros,,intermedia,SEGUNDA - Intermedia | Segunda - Intermedia | Tercera - Intermedia,2022 2023 2024 2025 2026,5,,,,club_no_existe,ninguna
74,Almafuerte,Almafuerte,,intermedia,Desarrollo - Intermedia | Desarrollo - Intermedia - Clasificación | Desarrollo - Intermedia - Torneo final A | TERCERA - Intermedia | Tercera - Intermedia,2021 2022 2023 2024 2025 2026,7,,,,club_no_existe,ninguna
12,Alumni,Alumni,,intermedia,TOP 12 - Intermedia | TOP 14 - Intermedia | Top 12 - Intermedia | Top 12 - Intermedia - Clasificación | Top 12 - Intermedia - Zona B - Segunda Rueda | Top 13 - Intermedia - Clasificación,2021 2022 2023 2024 2025 2026,7,asoc-alumni,Asoc. Alumni,urba,existe,exacto
46,Areco,Areco,,intermedia,PRIMERA C - Intermedia | Primera C - Intermedia,2021 2022 2023 2024 2025 2026,6,club-areco,Club Areco,urba,existe,exacto
53,Argentino,Argentino,,intermedia,PRIMERA B - Intermedia | Primera B - Intermedia | Primera C - Intermedia | Segunda - Intermedia,2022 2023 2024 2025 2026,5,argentino-r-c,Argentino R.C.,urba,existe,exacto
67,Arsenal Zarate,Arsenal Zarate,,intermedia,Segunda - Intermedia | TERCERA - Intermedia | Tercera - Intermedia,2021 2022 2023 2024 2025 2026,6,,,,club_no_existe,ninguna
60,Atletico Chascomus,Atletico Chascomus,,intermedia,SEGUNDA - Intermedia | Segunda - Intermedia,2022 2023 2024 2025 2026,5,,,,club_no_existe,ninguna
10,Atlético del Rosario,Atletico del Rosario,,intermedia,Primera A - Intermedia | TOP 12 - Intermedia | TOP 14 - Intermedia | Top 12 - Intermedia | Top 13 - Intermedia - Clasificación,2022 2023 2024 2025 2026,5,atletico-del-rosario,Atlético del Rosario,urba,existe,exacto
75,Atletico San Andres,Atletico San Andres,,intermedia,DESARROLLO - Intermedia | Desarrollo - Intermedia | Tercera - Intermedia,2021 2022 2023 2024 2025 2026,6,san-andres,San Andrés,urba,ambiguo,parcial
63,Atletico y Progreso,Atletico y Progreso,,intermedia,Primera C - Intermedia | SEGUNDA - Intermedia | Segunda - Intermedia,2021 2022 2023 2024 2025 2026,6,,,,club_no_existe,ninguna
80,Banco Hipotecario,Banco Hipotecario,,intermedia,TERCERA - Intermedia | Tercera - Intermedia,2021 2022 2023 2024 2025 2026,6,,,,club_no_existe,ninguna
40,Banco Nacion,Banco Nacion,,intermedia,PRIMERA B - Intermedia | Primera A - Intermedia | Primera B - Intermedia,2022 2023 2024 2025 2026,5,banco-nacion,Banco Nación,urba,existe,exacto
7,Belgrano Athletic,Belgrano Athletic,,intermedia,TOP 12 - Intermedia | TOP 14 - Intermedia | Top 12 - Intermedia | Top 12 - Intermedia - Clasificación | Top 12 - Intermedia - Zona A - Segunda Rueda | Top 13 - Intermedia - Clasificación,2021 2022 2023 2024 2025 2026,7,belgrano-athletic,Belgrano Athletic,urba,existe,exacto
89,Berisso,Berisso Rugby Club,,intermedia,Desarrollo - Intermedia | Desarrollo - Intermedia - Clasificación | Desarrollo - Intermedia - Torneo final B | TERCERA - Intermedia | Tercera - Intermedia,2022 2023 2024 2025 2026,6,,,,club_no_existe,ninguna
71,Beromama,Beromama,,intermedia,TERCERA - Intermedia | Tercera - Intermedia,2021 2022 2023 2024 2025 2026,6,,,,club_no_existe,ninguna
8,Buenos Aires CRC,Buenos Aires CRC,,intermedia,TOP 12 - Intermedia | TOP 14 - Intermedia | Top 12 - Intermedia | Top 12 - Intermedia - Clasificación | Top 12 - Intermedia - Zona A - Segunda Rueda | Top 13 - Intermedia - Clasificación,2021 2022 2023 2024 2025 2026,7,buenos-aires-crc,Buenos Aires CRC,urba,existe,exacto
27,C.U. de Quilmes,C.U. de Quilmes,,intermedia,PRIMERA B - Intermedia | Primera B - Intermedia | Primera C - Intermedia,2021 2022 2023 2024 2025 2026,6,cuq,CUQ,urba,existe,exacto
49,CASA de Padua,CASA de Padua,,intermedia,PRIMERA C - Intermedia | Primera C - Intermedia,2021 2022 2023 2024 2025 2026,6,casa-de-padua,CASA de Padua,urba,existe,exacto
3,CASI,CASI,,intermedia,TOP 12 - Intermedia | TOP 14 - Intermedia | Top 12 - Intermedia | Top 12 - Intermedia - Clasificación | Top 12 - Intermedia - Zona A - Segunda Rueda | Top 13 - Intermedia - Clasificación,2021 2022 2023 2024 2025 2026,7,casi,CASI,urba,existe,exacto
42,Centro Naval,Centro Naval,,intermedia,PRIMERA C - Intermedia | Primera C - Intermedia,2021 2022 2023 2024 2025 2026,6,centro-naval,Centro Naval,urba,existe,exacto
11,Champagnat,Champagnat,,intermedia,Primera A - Intermedia | TOP 12 - Intermedia | TOP 14 - Intermedia,2022 2023 2024 2025 2026,5,club-champagnat,Club Champagnat,urba,existe,exacto
54,Ciudad de Bs.As.,Ciudad de Bs.As.,,intermedia,PRIMERA C - Intermedia | Primera B - Intermedia | Primera C - Intermedia,2021 2022 2023 2024 2025 2026,6,ciudad-de-buenos-aires,Ciudad de Buenos Aires,urba,existe,exacto
76,Ciudad de Campana,Ciudad De Campana,,intermedia,TERCERA - Intermedia | Tercera - Intermedia,2021 2022 2023 2024 2025 2026,6,,,,club_no_existe,ninguna
2,CUBA,CUBA,,intermedia,TOP 12 - Intermedia | TOP 14 - Intermedia | Top 12 - Intermedia | Top 12 - Intermedia - Clasificación | Top 12 - Intermedia - Zona A - Segunda Rueda | Top 13 - Intermedia - Clasificación | Top 13 - Intermedia - Semifinal,2021 2022 2023 2024 2025 2026,8,cuba,CUBA,urba,existe,exacto
24,Curupayti,Curupayti,,intermedia,PRIMERA A - Intermedia | Primera A - Intermedia,2022 2023 2024 2025 2026,5,curupayti,Curupaytí,urba,existe,exacto
52,Daom,Daom,,intermedia,PRIMERA C - Intermedia | Primera B - Intermedia | Primera C - Intermedia,2021 2022 2023 2024 2025 2026,6,club-daom,Club Daom,urba,existe,exacto
84,Defensores de Glew,Defensores de Glew,,intermedia,DESARROLLO - Intermedia | Desarrollo - Intermedia | Desarrollo - Intermedia - Clasificación | Desarrollo - Intermedia - Torneo final A,2021 2022 2023 2024 2025 2026,7,,,,club_no_existe,ninguna
44,Del Sur,Del Sur,,intermedia,PRIMERA C - Intermedia | Primera C - Intermedia | Segunda - Intermedia,2022 2023 2024 2025 2026,5,asoc-del-sur,Asoc. Del Sur,urba,existe,exacto
33,Delta,Delta,,intermedia,PRIMERA B - Intermedia | Primera B - Intermedia,2021 2022 2023 2024 2025 2026,6,delta-r-c,Delta R.C.,urba,existe,exacto
17,Deportiva Francesa,Deportiva Francesa,,intermedia,PRIMERA A - Intermedia | Primera A - Intermedia,2022 2023 2024 2025 2026,5,deportiva-francesa,Deportiva Francesa,urba,existe,exacto
37,Don Bosco,Don Bosco,,intermedia,PRIMERA B - Intermedia | Primera B - Intermedia,2021 2022 2023 2024 2025 2026,6,don-bosco,Don Bosco,urba,existe,exacto
48,El Retiro,El Retiro,,intermedia,Primera C - Intermedia | SEGUNDA - Intermedia,2021 2022 2023 2024 2025 2026,6,,,,club_no_existe,ninguna
86,Ezeiza,Ezeiza,,intermedia,DESARROLLO - Intermedia | Desarrollo - Intermedia | Tercera - Intermedia,2021 2023 2024 2025 2026,5,,,,club_no_existe,ninguna
87,Floresta,Floresta,,intermedia,DESARROLLO - Intermedia | Desarrollo - Intermedia | Desarrollo - Intermedia - Clasificación | Desarrollo - Intermedia - Torneo final A,2021 2022 2023 2024 2025 2026,7,,,,club_no_existe,ninguna
59,G y E de Ituzaingo,G y E de Ituzaingo,,intermedia,Segunda - Intermedia | TERCERA - Intermedia | Tercera - Intermedia,2022 2023 2024 2025 2026,5,,,,club_no_existe,ninguna
30,Gimnasia y Esgrima,Gimnasia y Esgrima Bs. As,,intermedia,PRIMERA A - Intermedia | Primera B - Intermedia,2021 2022 2023 2024 2025 2026,6,gimnasia-y-esgrima-de-rosario / gimnasia-y-esgrima-de-pergamino,Gimnasia y Esgrima de Rosario / Gimnasia y Esgrima de Pergamino,a37639f8-197c-44c6-a095-2f16f40d7b04 / a37639f8-197c-44c6-a095-2f16f40d7b04,ambiguo,parcial
6,Hindú,Hindú,,intermedia,TOP 12 - Intermedia | TOP 14 - Intermedia | Top 12 - Intermedia | Top 12 - Intermedia - Clasificación | Top 12 - Intermedia - Zona B - Segunda Rueda | Top 13 - Intermedia - Clasificación | Top 13 - Intermedia - Final | Top 13 - Intermedia - Semifinal,2021 2022 2023 2024 2025 2026,9,hindu-club,Hindú Club,urba,existe,exacto
19,Hurling,Hurling,,intermedia,PRIMERA A - Intermedia | Primera A - Intermedia | Primera B - Intermedia,2021 2022 2023 2024 2025 2026,6,hurling,Hurling,urba,existe,exacto
28,Italiano,Italiano,,intermedia,PRIMERA B - Intermedia | Primera B - Intermedia | Primera C - Intermedia,2021 2022 2023 2024 2025 2026,6,club-italiano,Club Italiano,urba,existe,exacto
13,La Plata,La Plata,,intermedia,Primera A - Intermedia | TOP 12 - Intermedia | TOP 14 - Intermedia | Top 12 - Intermedia,2022 2023 2024 2025 2026,5,la-plata,La Plata,urba,existe,exacto
64,La Salle,La Salle,,intermedia,SEGUNDA - Intermedia | Segunda - Intermedia,2022 2023 2024 2025 2026,5,,,,club_no_existe,ninguna
51,Lanus,Lanus,,intermedia,PRIMERA C - Intermedia | Primera C - Intermedia,2021 2022 2023 2024 2025 2026,6,lanus-r-c,Lanús R.C.,urba,existe,exacto
73,Las Cañas,Las Cañas,,intermedia,SEGUNDA - Intermedia | Segunda - Intermedia | Tercera - Intermedia,2022 2023 2024 2025 2026,5,,,,club_no_existe,ninguna
36,Liceo Militar,Liceo Militar,,intermedia,PRIMERA B - Intermedia | Primera B - Intermedia | Primera C - Intermedia,2021 2022 2023 2024 2025 2026,6,liceo-militar,Liceo Militar,urba,existe,exacto
38,Liceo Naval,Liceo Naval,,intermedia,PRIMERA B - Intermedia | Primera B - Intermedia,2021 2022 2023 2024 2025 2026,6,liceo-naval,Liceo Naval,urba,existe,exacto
15,Lomas Athletic,Lomas Athletic,,intermedia,PRIMERA A - Intermedia | Primera A - Intermedia,2022 2023 2024 2025 2026,5,lomas-athletic,Lomas Athletic,urba,existe,exacto
78,Los Cedros,Los Cedros,,intermedia,Segunda - Intermedia | TERCERA - Intermedia | Tercera - Intermedia,2022 2023 2024 2025 2026,5,,,,club_no_existe,ninguna
23,Los Matreros,Los Matreros,,intermedia,Primera A - Intermedia | TOP 14 - Intermedia,2022 2023 2024 2025 2026,5,los-matreros,Los Matreros,urba,existe,exacto
65,Los Molinos,Los Molinos,,intermedia,PRIMERA C - Intermedia | Segunda - Intermedia | Tercera - Intermedia,2021 2022 2023 2024 2025 2026,6,los-molinos,Los Molinos,urba,existe,exacto
79,Los Pinos,Los Pinos,,intermedia,SEGUNDA - Intermedia | Tercera - Intermedia,2021 2022 2023 2024 2025 2026,6,,,,club_no_existe,ninguna
26,Los Tilos,Los Tilos,,intermedia,Primera A - Intermedia | TOP 12 - Intermedia | TOP 14 - Intermedia | Top 12 - Intermedia - Clasificación | Top 12 - Intermedia - Zona A - Segunda Rueda | Top 13 - Intermedia - Clasificación,2021 2022 2023 2024 2025 2026,7,los-tilos,Los Tilos,urba,existe,exacto
50,Lujan,Lujan,,intermedia,PRIMERA C - Intermedia | Primera B - Intermedia | Primera C - Intermedia,2021 2022 2023 2024 2025 2026,6,lujan-r-c,Lujan R.C.,urba,existe,exacto
34,Manuel Belgrano,Manuel Belgrano,,intermedia,PRIMERA B - Intermedia | Primera B - Intermedia,2021 2022 2023 2024 2025 2026,6,manuel-belgrano,Manuel Belgrano,urba,existe,exacto
82,Marcos Paz,Marcos Paz,,intermedia,DESARROLLO - Intermedia | Desarrollo - Intermedia | Desarrollo - Intermedia - Clasificación | Desarrollo - Intermedia - Torneo final A,2022 2023 2024 2025 2026,6,,,,club_no_existe,ninguna
39,Mariano Moreno,Mariano Moreno,,intermedia,PRIMERA B - Intermedia | Primera A - Intermedia | Primera B - Intermedia,2022 2023 2024 2025 2026,5,mariano-moreno,Mariano Moreno,urba,existe,exacto
47,Mercedes,Mercedes,,intermedia,Primera C - Intermedia | SEGUNDA - Intermedia | Segunda - Intermedia,2022 2023 2024 2025 2026,5,,,,club_no_existe,ninguna
41,Monte Grande,Monte Grande,,intermedia,PRIMERA B - Intermedia | Primera C - Intermedia,2021 2022 2023 2024 2025 2026,6,monte-grande,Monte Grande,urba,existe,exacto
91,Municipalidad de Berazategui,Municipalidad De Berazategui,,intermedia,DESARROLLO - Intermedia | Desarrollo - Intermedia | Desarrollo - Intermedia - Clasificación | Desarrollo - Intermedia - Torneo final A,2021 2022 2023 2024 2025 2026,7,,,,club_no_existe,ninguna
9,Newman,Newman,,intermedia,TOP 12 - Intermedia | TOP 14 - Intermedia | Top 12 - Intermedia | Top 12 - Intermedia - Clasificación | Top 12 - Intermedia - Zona B - Segunda Rueda | Top 13 - Intermedia - Clasificación | Top 13 - Intermedia - Semifinal,2021 2022 2023 2024 2025 2026,8,club-newman,Club Newman,urba,existe,exacto
90,Obras Sanitarias,Obras Sanitarias,,intermedia,DESARROLLO - Intermedia | Desarrollo - Intermedia | Desarrollo - Intermedia - Clasificación | Desarrollo - Intermedia - Torneo final B,2021 2022 2023 2024 2025 2026,7,,,,club_no_existe,ninguna
66,Old Georgian,Old Georgian,,intermedia,Primera C - Intermedia | SEGUNDA - Intermedia | Segunda - Intermedia,2021 2022 2023 2024 2025 2026,6,,,,club_no_existe,ninguna
22,Olivos,Olivos,,intermedia,PRIMERA A - Intermedia | Primera A - Intermedia,2022 2023 2024 2025 2026,5,olivos-r-c,Olivos R.C.,urba,existe,exacto
85,Pac General Rodriguez,Pac General Rodriguez,,intermedia,Desarrollo - Intermedia | Desarrollo - Intermedia - Clasificación | Desarrollo - Intermedia - Torneo final B | TERCERA - Intermedia | Tercera - Intermedia,2021 2022 2023 2024 2025 2026,7,,,,club_no_existe,ninguna
70,Porteño,Porteño,,intermedia,TERCERA - Intermedia | Tercera - Intermedia,2021 2022 2023 2024 2025 2026,6,,,,club_no_existe,ninguna
16,Pucara,Pucara,,intermedia,PRIMERA A - Intermedia | Primera A - Intermedia | Top 12 - Intermedia | Top 12 - Intermedia - Clasificación | Top 12 - Intermedia - Zona B - Segunda Rueda | Top 13 - Intermedia - Clasificación,2021 2022 2023 2024 2025 2026,7,club-pucara,Club Pucará,urba,existe,exacto
25,Pueyrredon,Pueyrredon,,intermedia,PRIMERA A - Intermedia | Primera A - Intermedia,2022 2023 2024 2025 2026,5,pueyrredon,Pueyrredón,urba,existe,exacto
4,Regatas Bella Vista,Regatas Bella Vista,,intermedia,Primera A - Intermedia | TOP 12 - Intermedia | TOP 14 - Intermedia | Top 12 - Intermedia - Clasificación | Top 12 - Intermedia - Zona B - Segunda Rueda | Top 13 - Intermedia - Clasificación,2021 2022 2023 2024 2025 2026,7,regatas-de-bella-vista,Regatas de Bella Vista,urba,existe,exacto
88,Rivadavia de Lobos,Rivadavia de Lobos,,intermedia,DESARROLLO - Intermedia | Desarrollo - Intermedia | Desarrollo - Intermedia - Clasificación | Desarrollo - Intermedia - Torneo final B,2021 2022 2023 2024 2025 2026,7,,,,club_no_existe,ninguna
14,San Albano,San Albano,,intermedia,PRIMERA A - Intermedia | Primera A - Intermedia | Primera B - Intermedia,2021 2022 2023 2024 2025 2026,8,san-albano,San Albano,urba,existe,exacto
31,San Andres,San Andres,,intermedia,PRIMERA A - Intermedia | Primera A - Intermedia | Primera B - Intermedia,2024 2025 2026,3,san-andres,San Andrés,urba,existe,exacto
35,San Carlos,San Carlos,,intermedia,PRIMERA C - Intermedia | Primera A - Intermedia | Primera B - Intermedia | Primera C - Intermedia,2022 2023 2024 2025 2026,5,san-carlos,San Carlos,urba,existe,exacto
18,San Cirano,San Cirano,,intermedia,PRIMERA A - Intermedia | Primera A - Intermedia | Primera B - Intermedia,2021 2022 2023 2024 2025 2026,6,san-cirano,San Cirano,urba,existe,exacto
32,San Fernando,San Fernando,,intermedia,PRIMERA A - Intermedia | Primera B - Intermedia,2021 2022 2023 2024 2025 2026,6,san-fernando,San Fernando,urba,existe,exacto
83,San Jose,San Jose,,intermedia,DESARROLLO - Intermedia | Desarrollo - Intermedia | Tercera - Intermedia,2022 2024 2025 2026,4,san-jose,San José,union-de-rugby-de-paraguay,existe,exacto
5,San Luis,San Luis,,intermedia,PRIMERA A - Intermedia | TOP 12 - Intermedia | Top 12 - Intermedia | Top 12 - Intermedia - Clasificación | Top 12 - Intermedia - Zona B - Segunda Rueda | Top 13 - Intermedia - Clasificación,2021 2022 2023 2024 2025 2026,7,san-luis,San Luis,urba,existe,exacto
57,San Marcos,San Marcos,,intermedia,SEGUNDA - Intermedia | Segunda - Intermedia,2022 2023 2024 2025 2026,5,,,,club_no_existe,ninguna
20,San Martin,San Martin,,intermedia,PRIMERA B - Intermedia | Primera A - Intermedia | Primera B - Intermedia,2021 2022 2023 2024 2025 2026,6,san-martin,San Martín,urba,existe,exacto
56,San Miguel,San Miguel,,intermedia,PRIMERA C - Intermedia | Segunda - Intermedia | Tercera - Intermedia,2022 2023 2024 2025 2026,5,san-miguel-r-c,San Miguel R.C.,urba,existe,exacto
21,San Patricio,San Patricio,,intermedia,PRIMERA B - Intermedia | Primera A - Intermedia | Primera B - Intermedia,2022 2023 2024 2025 2026,5,club-san-patricio,Club San Patricio,urba,existe,exacto
1,SIC,SIC,,intermedia,TOP 12 - Intermedia | TOP 14 - Intermedia | Top 12 - Intermedia | Top 12 - Intermedia - Clasificación | Top 12 - Intermedia - Zona A - Segunda Rueda | Top 13 - Intermedia - Clasificación | Top 13 - Intermedia - Final | Top 13 - Intermedia - Semifinal,2021 2022 2023 2024 2025 2026,9,san-isidro-club,San Isidro Club,urba,existe,exacto
43,SITAS,SITAS,,intermedia,PRIMERA C - Intermedia | Primera B - Intermedia | Primera C - Intermedia,2021 2022 2023 2024 2025 2026,6,sitas,SITAS,urba,existe,exacto
81,Sociedad Hebraica,Sociedad Hebraica,,intermedia,DESARROLLO - Intermedia | Desarrollo - Intermedia | Desarrollo - Intermedia - Clasificación | Desarrollo - Intermedia - Torneo final B,2021 2022 2023 2024 2025 2026,7,,,,club_no_existe,ninguna
58,St. Brendans,St. Brendans,,intermedia,PRIMERA C - Intermedia | Primera C - Intermedia | Segunda - Intermedia,2022 2023 2024 2025 2026,5,st-brendan-s,St. Brendan's,urba,existe,exacto
72,Tigre,Tigre,,intermedia,SEGUNDA - Intermedia | Segunda - Intermedia | Tercera - Intermedia,2022 2023 2024 2025 2026,5,,,,club_no_existe,ninguna
69,Tiro Federal de Baradero,Tiro Federal de Baradero,,intermedia,TERCERA - Intermedia | Tercera - Intermedia,2021 2022 2024 2025 2026,5,tiro-federal-salta,Tiro Federal Salta,4263f793-04d6-4dd9-9b43-b7e9823bf721,ambiguo,parcial
62,Tiro Federal de San Pedro,Tiro Federal de San Pedro,,intermedia,SEGUNDA - Intermedia | Segunda - Intermedia,2022 2023 2024 2025 2026,5,,,,club_no_existe,ninguna
29,Universitario de la Plata,Universitario de La Plata,,intermedia,PRIMERA A - Intermedia | Primera A - Intermedia | Primera B - Intermedia,2021 2022 2023 2024 2025 2026,6,universitario-de-la-plata,Universitario de La Plata,urba,existe,exacto
68,Varela Jr.,Varela Jr.,,intermedia,SEGUNDA - Intermedia | Segunda - Intermedia | Tercera - Intermedia,2021 2022 2023 2024 2025 2026,6,,,,club_no_existe,ninguna
77,Vicente Lopez,Vicente Lopez,,intermedia,SEGUNDA - Intermedia | Tercera - Intermedia,2022 2023 2024 2025 2026,5,,,,club_no_existe,ninguna
45,Vicentinos,Vicentinos,,intermedia,PRIMERA B - Intermedia | Primera B - Intermedia | Primera C - Intermedia,2021 2022 2023 2024 2025 2026,6,vicentinos,Vicentinos,urba,existe,exacto
55,Virreyes,Virreyes,,intermedia,PRIMERA C - Intermedia | Primera C - Intermedia | Segunda - Intermedia,2021 2022 2023 2024 2025 2026,6,virreyes-r-c,VIrreyes R.C.,urba,existe,exacto
61,Albatros,Albatros,,M15,Juveniles - Primera rueda - M 15 - Grupo I - Zona B | Juveniles - Primera rueda - M15 - Grupo I - Zona A | Juveniles - Segunda Rueda - M15 - Grupo l - Ganadores | Juveniles - Segunda rueda - M 15 - Grupo I - Zona B | Menores de 15 - Grupo 1 - Zona A - Primera Rueda | Menores de 15 - Grupo 1 - Zona A - Segunda Rueda | Menores de 15 - Grupo 1 - Zona B - Segunda Rueda | Menores de 15 - Grupo 1 - Zona C | Menores de 15 - Primera Rueda - G1 A,2022 2023 2024 2025 2026,9,,,,club_no_existe,ninguna
74,Almafuerte,Almafuerte,,M15,Juveniles - Primera rueda - M 15 - Grupo I - Zona B | Juveniles - Primera rueda - M15 - Grupo I - Zona A | Juveniles - Segunda Rueda - M15 - Grupo l - Desarrollo | Juveniles - Segunda rueda - M 15 - Grupo I - Zona A | Menores de 15 - Grupo 1 - Zona A - Primera Rueda | Menores de 15 - Grupo 1 - Zona C | Menores de 15 - Grupo 1 - Zona C - Segunda Rueda | Menores de 15 - Primera Rueda - G1 Formativa B,2021 2022 2023 2024 2025 2026,9,,,,club_no_existe,ninguna
12,Alumni,Alumni A,A,M15,Juveniles - Primera rueda - M 15 - Nivel 1 - Grupo II - Zona A | Juveniles - Primera rueda - M15 - Grupo II - Zona A | Juveniles - Segunda Rueda - M15 - Grupo ll - Ganadores A | Juveniles - Segunda rueda - M 15 - Grupo II - Zona A | Menores de 15 - Grupo 2 - Zona A | Menores de 15 - Grupo 2 - Zona A - Segunda Rueda | Menores de 15 - Grupo 2 - Zona B - Primera Rueda | Menores de 15 - Grupo 2 - Zona B - Segunda Rueda | Menores de 15 - Grupo 2 - Zona C - Segunda Rueda | Menores de 15 - Primera Rueda - G2 NIVEL 1 A,2021 2022 2023 2024 2025 2026,10,,,,falta,ninguna
12,Alumni,Alumni B,B,M15,Juveniles - Primera rueda - M 15 - Nivel 1 - Grupo II - Zona A Eq B | Juveniles - Primera rueda - M15 - Grupo II - Zona A Equipos B | Juveniles - Segunda Rueda - M15 - Grupo ll - Ganadores A Equipos B | Juveniles - Segunda rueda - M 15 - Grupo II - Zona A eq B | Menores de 15 - Grupo 2 - Zona A - Equipos B | Menores de 15 - Grupo 2 - Zona A - Equipos B - Segunda Rueda | Menores de 15 - Grupo 2 - Zona B - Equipos B - Primera Rueda | Menores de 15 - Grupo 2 - Zona B - Equipos B - Segunda Rueda | Menores de 15 - Grupo 2 - Zona C - Equipos B - Segunda Rueda | Menores de 15 - Primera Rueda - G2 NIVEL 1 A Eq B,2021 2022 2023 2024 2025 2026,10,,,,falta,ninguna
12,Alumni,Alumni C,C,M15,Juveniles - Primera rueda - M 15 - Formativa - Zona A | Juveniles - Segunda rueda - M 15 - Grupo II - Zona Desarrollo | Menores de 15 - Primera Rueda - G1 Formativa A,2025 2026,3,,,,falta,ninguna
12,Alumni,Alumni D,D,M15,Juveniles - Segunda rueda - M 15 - Grupo II - Zona Desarrollo eq B,2025,1,,,,falta,ninguna
46,Areco,Areco,,M15,Juveniles - Primera rueda - M 15 - Grupo I - Zona A | Juveniles - Primera rueda - M15 - Grupo I - Zona B | Juveniles - Segunda Rueda - M15 - Grupo l - Ganadores | Juveniles - Segunda rueda - M 15 - Grupo I - Zona A | Menores de 15 - Grupo 1 - Formativa A - Segunda Rueda | Menores de 15 - Grupo 1 - Formativa B | Menores de 15 - Grupo 1 - Zona B - Segunda Rueda | Menores de 15 - Grupo 1 - Zona C - Primera Rueda | Menores de 15 - Primera Rueda - G1 B,2021 2022 2023 2024 2025 2026,10,,,,falta,ninguna
53,Argentino,Argentino,,M15,Juveniles - Primera rueda - M 15 - Grupo I - Zona B | Juveniles - Primera rueda - M15 - Grupo I - Zona A | Juveniles - Segunda Rueda - M15 - Grupo l - Desarrollo | Juveniles - Segunda rueda - M 15 - Grupo I - Zona A | Menores de 15 - Grupo 1 - Zona A - Primera Rueda | Menores de 15 - Grupo 1 - Zona A - Segunda Rueda | Menores de 15 - Grupo 1 - Zona B | Menores de 15 - Primera Rueda - G1 B,2021 2022 2023 2024 2025 2026,9,,,,falta,ninguna
53,Argentino,Argentino A,A,M15,Menores de 15 - Grupo 2 - Zona C - Segunda Rueda,2023,1,,,,falta,ninguna
53,Argentino,Argentino B,B,M15,Menores de 15 - Grupo 2 - Zona C - Equipos B - Segunda Rueda,2023,1,,,,falta,ninguna
67,Arsenal Zarate,Arsenal Zarate,,M15,Juveniles - Primera rueda - M 15 - Grupo I - Zona A | Juveniles - Segunda rueda - M 15 - Grupo I - Zona B | Menores de 15 - Grupo 1 - Formativa B | Menores de 15 - Grupo 1 - Zona B - Segunda Rueda,2023 2025,4,,,,club_no_existe,ninguna
60,Atletico Chascomus,Atletico Chascomus,,M15,Juveniles - Primera rueda - M 15 - Grupo I - Zona B | Juveniles - Primera rueda - M15 - Grupo I - Zona A | Juveniles - Segunda Rueda - M15 - Grupo l - Ganadores | Juveniles - Segunda rueda - M 15 - Grupo I - Zona B | Menores de 15 - Grupo 1 - Zona A - Primera Rueda | Menores de 15 - Grupo 1 - Zona A - Segunda Rueda | Menores de 15 - Grupo 1 - Zona C,2021 2022 2023 2024 2025,8,,,,club_no_existe,ninguna
75,Atletico San Andres,Atletico San Andres,,M15,Menores de 15 - Grupo 1 - Formativa - Segunda Rueda | Menores de 15 - Grupo 1 - Formativa A,2022,2,,,,falta,ninguna
63,Atletico y Progreso,Atletico y Progreso,,M15,Juveniles - Primera rueda - M 15 - Formativa - Zona B | Juveniles - Primera rueda - M15 - Formativa B | Juveniles - Segunda Rueda - M15 - Formativa B | Juveniles - Segunda rueda - M 15 - Grupo I - Zona B | Menores de 15 - Grupo 1 - Formativa B | Menores de 15 - Grupo 1 - Formativa C - Segunda Rueda,2023 2024 2025,6,,,,club_no_existe,ninguna
80,Banco Hipotecario,Banco Hipotecario,,M15,Juveniles - Primera rueda - M 15 - Formativa - Zona B | Juveniles - Primera rueda - M15 - Formativa B | Juveniles - Segunda Rueda - M15 - Formativa B | Juveniles - Segunda rueda - M 15 - Grupo I - Formativa B | Menores de 15 - Grupo 1 - Formativa B | Menores de 15 - Grupo 1 - Formativa C - Segunda Rueda,2023 2024 2025,6,,,,club_no_existe,ninguna
40,Banco Nacion,Banco Nacion,,M15,Juveniles - Primera rueda - M 15 - Grupo I - Zona A | Juveniles - Primera rueda - M15 - Grupo I - Zona C | Juveniles - Segunda rueda - M 15 - Grupo I - Zona B | Menores de 15 - Grupo 1 - Zona A | Menores de 15 - Grupo 1 - Zona A - Segunda Rueda | Menores de 15 - Grupo 1 - Zona B - Primera Rueda | Menores de 15 - Grupo 1 - Zona B - Segunda Rueda | Menores de 15 - Primera Rueda - G1 A,2021 2022 2023 2024 2025 2026,8,,,,falta,ninguna
40,Banco Nacion,Banco Nacion A,A,M15,Juveniles - Segunda Rueda - M15 - Grupo ll - Desarrollo,2024,1,,,,falta,ninguna
40,Banco Nacion,Banco Nacion B,B,M15,Juveniles - Segunda Rueda - M15 - Grupo ll - Desarrollo Equipos B,2024,1,,,,falta,ninguna
7,Belgrano Athletic,Belgrano Athletic A,A,M15,Juveniles - Primera rueda - M 15 - Nivel 1 - Grupo II - Zona A | Juveniles - Primera rueda - M15 - Grupo II - Zona C | Juveniles - Segunda Rueda - M15 - Grupo ll - Ganadores B | Juveniles - Segunda rueda - M 15 - Grupo II - Zona A | Menores de 15 - Grupo 2 - Zona A - Primera Rueda | Menores de 15 - Grupo 2 - Zona A - Segunda Rueda | Menores de 15 - Grupo 2 - Zona B | Menores de 15 - Grupo 2 - Zona B - Segunda Rueda | Menores de 15 - Primera Rueda - G2 NIVEL 1 B,2021 2022 2023 2024 2025 2026,10,,,,falta,ninguna
7,Belgrano Athletic,Belgrano Athletic B,B,M15,Juveniles - Primera rueda - M 15 - Nivel 1 - Grupo II - Zona A Eq B | Juveniles - Primera rueda - M15 - Grupo II - Zona C Equipos B | Juveniles - Segunda Rueda - M15 - Grupo ll - Ganadores B Equipos B | Juveniles - Segunda rueda - M 15 - Grupo II - Zona A eq B | Menores de 15 - Grupo 2 - Zona A - Equipos B - Primera Rueda | Menores de 15 - Grupo 2 - Zona A - Equipos B - Segunda Rueda | Menores de 15 - Grupo 2 - Zona B - Equipos B | Menores de 15 - Grupo 2 - Zona B - Equipos B - Segunda Rueda | Menores de 15 - Primera Rueda - G2 NIVEL 1 B Eq B,2021 2022 2023 2024 2025 2026,10,,,,falta,ninguna
7,Belgrano Athletic,Belgrano Athletic C,C,M15,Juveniles - Primera rueda - M 15 - Formativa - Zona A | Juveniles - Primera rueda - M15 - Formativa A | Juveniles - Segunda Rueda - M15 - Formativa A | Juveniles - Segunda rueda - M 15 - Grupo II - Zona Desarrollo | Menores de 15 - Grupo 1 - Formativa A | Menores de 15 - Grupo 1 - Formativa A - Segunda Rueda | Menores de 15 - Grupo 1 - Formativa B - Segunda Rueda | Menores de 15 - Primera Rueda - G1 Formativa A,2021 2023 2024 2025 2026,8,,,,falta,ninguna
7,Belgrano Athletic,Belgrano Athl. D,D,M15,Juveniles - Segunda rueda - M 15 - Grupo II - Zona Desarrollo eq B,2025,1,,,,falta,ninguna
89,Berisso,Berisso,,M15,Juveniles - Primera rueda - M15 - Formativa B | Juveniles - Segunda Rueda - M15 - Formativa B | Menores de 15 - Grupo 1 - Formativa A - Segunda Rueda,2021 2024,3,,,,club_no_existe,ninguna
71,Beromama,Beromama,,M15,Juveniles - Primera rueda - M 15 - Grupo I - Zona B | Juveniles - Primera rueda - M15 - Grupo I - Zona B | Juveniles - Segunda Rueda - M15 - Grupo l - Desarrollo | Juveniles - Segunda rueda - M 15 - Grupo I - Zona B | Menores de 15 - Grupo 1 - Zona C - Primera Rueda | Menores de 15 - Grupo 1 - Zona C - Segunda Rueda,2022 2024 2025,6,,,,club_no_existe,ninguna
8,Buenos Aires CRC,Buenos Aires A,A,M15,Juveniles - Primera rueda - M 15 - Nivel 1 - Grupo II - Zona A | Juveniles - Primera rueda - M15 - Grupo II - Zona A | Juveniles - Segunda Rueda - M15 - Grupo ll - Ganadores B | Juveniles - Segunda rueda - M 15 - Grupo II - Zona B | Menores de 15 - Grupo 2 - Zona A - Segunda Rueda | Menores de 15 - Grupo 2 - Zona B | Menores de 15 - Grupo 2 - Zona B - Primera Rueda | Menores de 15 - Grupo 2 - Zona C - Segunda Rueda | Menores de 15 - Primera Rueda - G2 NIVEL 1 A,2021 2022 2023 2024 2025 2026,10,,,,falta,ninguna
8,Buenos Aires CRC,Buenos Aires B,B,M15,Juveniles - Primera rueda - M 15 - Nivel 1 - Grupo II - Zona A Eq B | Juveniles - Primera rueda - M15 - Grupo II - Zona A Equipos B | Juveniles - Segunda Rueda - M15 - Grupo ll - Ganadores B Equipos B | Juveniles - Segunda rueda - M 15 - Grupo II - Zona B eq B | Menores de 15 - Grupo 2 - Zona A - Equipos B - Segunda Rueda | Menores de 15 - Grupo 2 - Zona B - Equipos B | Menores de 15 - Grupo 2 - Zona B - Equipos B - Primera Rueda | Menores de 15 - Grupo 2 - Zona C - Equipos B - Segunda Rueda | Menores de 15 - Primera Rueda - G2 NIVEL 1 A Eq B,2021 2022 2023 2024 2025 2026,10,,,,falta,ninguna
8,Buenos Aires CRC,Buenos Aires C,C,M15,Juveniles - Primera rueda - M 15 - Formativa - Zona A | Juveniles - Primera rueda - M15 - Formativa A | Juveniles - Segunda Rueda - M15 - Formativa A | Juveniles - Segunda rueda - M 15 - Grupo I - Formativa A | Menores de 15 - Grupo 1 - Formativa A | Menores de 15 - Grupo 1 - Formativa A - Segunda Rueda | Menores de 15 - Primera Rueda - G1 Formativa A,2023 2024 2025 2026,7,,,,falta,ninguna
27,C.U. de Quilmes,C.U. de Quilmes,,M15,Juveniles - Primera rueda - M 15 - Grupo I - Zona B | Menores de 15 - Grupo 1 - Zona A - Primera Rueda | Menores de 15 - Grupo 1 - Zona A - Segunda Rueda | Menores de 15 - Primera Rueda - G1 Formativa B,2022 2025 2026,4,,,,falta,ninguna
27,C.U. de Quilmes,C.U. de Quilmes A,A,M15,Juveniles - Primera rueda - M15 - Grupo II - Zona B | Juveniles - Segunda Rueda - M15 - Grupo ll - Desarrollo | Juveniles - Segunda rueda - M 15 - Grupo II - Zona Desarrollo | Menores de 15 - Grupo 2 - Zona C - Segunda Rueda,2021 2023 2024 2025,5,,,,falta,ninguna
27,C.U. de Quilmes,C.U. de Quilmes B,B,M15,Juveniles - Primera rueda - M15 - Grupo II - Zona B Equipos B | Juveniles - Segunda Rueda - M15 - Grupo ll - Desarrollo Equipos B | Juveniles - Segunda rueda - M 15 - Grupo II - Zona Desarrollo eq B | Menores de 15 - Grupo 2 - Zona C - Equipos B | Menores de 15 - Grupo 2 - Zona C - Equipos B - Segunda Rueda,2021 2023 2024 2025,6,,,,falta,ninguna
49,CASA de Padua,CASA de Padua,,M15,Juveniles - Primera rueda - M 15 - Grupo I - Zona A | Menores de 15 - Grupo 1 - Zona A - Segunda Rueda | Menores de 15 - Grupo 1 - Zona B - Segunda Rueda | Menores de 15 - Grupo 1 - Zona C - Primera Rueda | Menores de 15 - Primera Rueda - G1 A,2021 2022 2025 2026,5,,,,falta,ninguna
49,CASA de Padua,CASA de Padua A,A,M15,Juveniles - Primera rueda - M15 - Grupo II - Zona C | Juveniles - Segunda Rueda - M15 - Grupo ll - Desarrollo | Juveniles - Segunda rueda - M 15 - Grupo II - Zona Desarrollo | Menores de 15 - Grupo 2 - Zona C - Segunda Rueda,2023 2024 2025,4,,,,falta,ninguna
49,CASA de Padua,CASA de Padua B,B,M15,Juveniles - Primera rueda - M15 - Grupo II - Zona C Equipos B | Juveniles - Segunda Rueda - M15 - Grupo ll - Desarrollo Equipos B | Juveniles - Segunda rueda - M 15 - Grupo II - Zona Desarrollo eq B | Menores de 15 - Grupo 2 - Zona C - Equipos B | Menores de 15 - Grupo 2 - Zona C - Equipos B - Segunda Rueda,2023 2024 2025,5,,,,falta,ninguna
3,CASI,CASI A,A,M15,Juveniles - Primera rueda - M 15 - Nivel 1 - Grupo II - Zona B | Juveniles - Primera rueda - M15 - Grupo II - Zona B | Juveniles - Segunda Rueda - M15 - Grupo ll - Ganadores A | Juveniles - Segunda rueda - M 15 - Grupo II - Zona A | Menores de 15 - Grupo 2 - Zona A - Segunda Rueda | Menores de 15 - Grupo 2 - Zona B - Primera Rueda | Menores de 15 - Grupo 2 - Zona B - Segunda Rueda | Menores de 15 - Primera Rueda - G2 NIVEL 1 A,2021 2022 2023 2024 2025 2026,9,,,,falta,ninguna
3,CASI,CASI B,B,M15,Juveniles - Primera rueda - M 15 - Nivel 1 - Grupo II - Zona B Eq B | Juveniles - Primera rueda - M15 - Grupo II - Zona B Equipos B | Juveniles - Segunda Rueda - M15 - Grupo ll - Ganadores A Equipos B | Juveniles - Segunda rueda - M 15 - Grupo II - Zona A eq B | Menores de 15 - Grupo 2 - Zona A - Equipos B - Segunda Rueda | Menores de 15 - Grupo 2 - Zona B - Equipos B - Primera Rueda | Menores de 15 - Grupo 2 - Zona B - Equipos B - Segunda Rueda | Menores de 15 - Grupo 2 - Zona C - Equipos B | Menores de 15 - Primera Rueda - G2 NIVEL 1 A Eq B,2021 2022 2023 2024 2025 2026,10,,,,falta,ninguna
3,CASI,CASI C,C,M15,Juveniles - Primera rueda - M 15 - Nivel 2 - Grupo II - Zona C | Juveniles - Primera rueda - M15 - Formativa A | Juveniles - Segunda Rueda - M15 - Formativa A | Juveniles - Segunda rueda - M 15 - Grupo II - Zona Desarrollo | Menores de 15 - Grupo 1 - Formativa - Segunda Rueda | Menores de 15 - Grupo 1 - Formativa A | Menores de 15 - Grupo 1 - Formativa A - Segunda Rueda | Menores de 15 - Primera Rueda - G2 NIVEL 2 Desarrollo,2022 2023 2024 2025 2026,9,,,,falta,ninguna
3,CASI,CASI D,D,M15,Juveniles - Primera rueda - M 15 - Nivel 2 - Grupo II - Zona C Eq B | Juveniles - Segunda rueda - M 15 - Grupo II - Zona Desarrollo eq B | Menores de 15 - Primera Rueda - G2 NIVEL 2 Desarrollo Eq B,2025 2026,3,,,,falta,ninguna
42,Centro Naval,Centro Naval,,M15,Juveniles - Primera rueda - M 15 - Formativa - Zona B | Juveniles - Segunda rueda - M 15 - Grupo I - Formativa A | Menores de 15 - Grupo 1 - Zona B | Menores de 15 - Grupo 1 - Zona B - Primera Rueda | Menores de 15 - Grupo 1 - Zona B - Segunda Rueda | Menores de 15 - Grupo 1 - Zona C - Segunda Rueda | Menores de 15 - Primera Rueda - G1 B,2021 2022 2023 2025 2026,8,,,,falta,ninguna
11,Champagnat,Champagnat A,A,M15,Juveniles - Primera rueda - M 15 - Nivel 1 - Grupo II - Zona B | Juveniles - Primera rueda - M15 - Grupo II - Zona B | Juveniles - Segunda Rueda - M15 - Grupo ll - Ganadores B | Juveniles - Segunda rueda - M 15 - Grupo II - Zona B | Menores de 15 - Grupo 2 - Zona A | Menores de 15 - Grupo 2 - Zona A - Primera Rueda | Menores de 15 - Grupo 2 - Zona A - Segunda Rueda | Menores de 15 - Grupo 2 - Zona B - Segunda Rueda | Menores de 15 - Primera Rueda - G2 NIVEL 1 B,2021 2022 2023 2024 2025 2026,10,,,,falta,ninguna
11,Champagnat,Champagnat B,B,M15,Juveniles - Primera rueda - M 15 - Nivel 1 - Grupo II - Zona B Eq B | Juveniles - Primera rueda - M15 - Grupo II - Zona B Equipos B | Juveniles - Segunda Rueda - M15 - Grupo ll - Ganadores B Equipos B | Juveniles - Segunda rueda - M 15 - Grupo II - Zona B eq B | Menores de 15 - Grupo 2 - Zona A - Equipos B | Menores de 15 - Grupo 2 - Zona A - Equipos B - Primera Rueda | Menores de 15 - Grupo 2 - Zona A - Equipos B - Segunda Rueda | Menores de 15 - Grupo 2 - Zona B - Equipos B - Segunda Rueda | Menores de 15 - Primera Rueda - G2 NIVEL 1 B Eq B,2021 2022 2023 2024 2025 2026,10,,,,falta,ninguna
11,Champagnat,Champagnat C,C,M15,Juveniles - Primera rueda - M 15 - Formativa - Zona A | Juveniles - Primera rueda - M15 - Formativa A | Juveniles - Segunda Rueda - M15 - Formativa A | Juveniles - Segunda rueda - M 15 - Grupo II - Zona Desarrollo | Menores de 15 - Grupo 1 - Formativa A | Menores de 15 - Grupo 1 - Formativa A - Segunda Rueda | Menores de 15 - Primera Rueda - G1 Formativa A,2021 2023 2024 2025 2026,8,,,,falta,ninguna
11,Champagnat,Champagnat D,D,M15,Juveniles - Segunda rueda - M 15 - Grupo II - Zona Desarrollo eq B,2025,1,,,,falta,ninguna
54,Ciudad de Bs.As.,Ciudad de Bs.As.,,M15,Juveniles - Primera rueda - M 15 - Formativa - Zona B | Juveniles - Primera rueda - M15 - Grupo I - Zona C | Juveniles - Segunda Rueda - M15 - Grupo l - Desarrollo | Juveniles - Segunda rueda - M 15 - Grupo I - Zona B | Menores de 15 - Grupo 1 - Zona A - Segunda Rueda | Menores de 15 - Grupo 1 - Zona B,2021 2023 2024 2025,6,,,,falta,ninguna
54,Ciudad de Bs.As.,Ciudad de Bs.As. A,A,M15,Menores de 15 - Grupo 2 - Zona A - Primera Rueda | Menores de 15 - Grupo 2 - Zona C - Segunda Rueda | Menores de 15 - Primera Rueda - G2 NIVEL 2 Desarrollo,2022 2023 2026,4,,,,falta,ninguna
54,Ciudad de Bs.As.,Ciudad de Bs.As. B,B,M15,Menores de 15 - Grupo 2 - Zona A - Equipos B - Primera Rueda | Menores de 15 - Grupo 2 - Zona C - Equipos B - Segunda Rueda | Menores de 15 - Primera Rueda - G2 NIVEL 2 Desarrollo Eq B,2022 2023 2026,4,,,,falta,ninguna
76,Ciudad de Campana,Ciudad de Campana,,M15,Juveniles - Primera rueda - M15 - Grupo I - Zona B | Juveniles - Segunda Rueda - M15 - Grupo l - Desarrollo | Juveniles - Segunda rueda - M 15 - Grupo I - Formativa B | Menores de 15 - Grupo 1 - Zona B - Primera Rueda | Menores de 15 - Grupo 1 - Zona B - Segunda Rueda | Menores de 15 - Primera Rueda - G1 Formativa B,2022 2024 2025 2026,6,,,,club_no_existe,ninguna
2,CUBA,CUBA A,A,M15,Juveniles - Primera rueda - M 15 - Nivel 1 - Grupo II - Zona A | Juveniles - Primera rueda - M15 - Grupo II - Zona A | Juveniles - Segunda Rueda - M15 - Grupo ll - Ganadores A | Juveniles - Segunda rueda - M 15 - Grupo II - Zona A | Menores de 15 - Grupo 2 - Zona A | Menores de 15 - Grupo 2 - Zona A - Primera Rueda | Menores de 15 - Grupo 2 - Zona A - Segunda Rueda | Menores de 15 - Grupo 2 - Zona B - Segunda Rueda | Menores de 15 - Primera Rueda - G2 NIVEL 1 A,2021 2022 2023 2024 2025 2026,10,,,,falta,ninguna
2,CUBA,CUBA B,B,M15,Juveniles - Primera rueda - M 15 - Nivel 1 - Grupo II - Zona A Eq B | Juveniles - Primera rueda - M15 - Grupo II - Zona A Equipos B | Juveniles - Segunda Rueda - M15 - Grupo ll - Ganadores A Equipos B | Juveniles - Segunda rueda - M 15 - Grupo II - Zona A eq B | Menores de 15 - Grupo 2 - Zona A - Equipos B | Menores de 15 - Grupo 2 - Zona A - Equipos B - Primera Rueda | Menores de 15 - Grupo 2 - Zona A - Equipos B - Segunda Rueda | Menores de 15 - Grupo 2 - Zona B - Equipos B - Segunda Rueda | Menores de 15 - Primera Rueda - G2 NIVEL 1 A Eq B,2021 2022 2023 2024 2025 2026,10,,,,falta,ninguna
2,CUBA,CUBA C,C,M15,Juveniles - Primera rueda - M 15 - Nivel 2 - Grupo II - Zona C | Juveniles - Primera rueda - M15 - Grupo I - Zona C | Juveniles - Segunda Rueda - M15 - Grupo l - Ganadores | Juveniles - Segunda rueda - M 15 - Grupo II - Zona Desarrollo | Menores de 15 - Grupo 1 - Formativa - Segunda Rueda | Menores de 15 - Grupo 1 - Formativa A | Menores de 15 - Grupo 1 - Formativa A - Segunda Rueda | Menores de 15 - Grupo 1 - Zona A | Menores de 15 - Grupo 1 - Zona B - Segunda Rueda | Menores de 15 - Primera Rueda - G2 NIVEL 2 Desarrollo,2021 2022 2023 2024 2025 2026,10,,,,falta,ninguna
2,CUBA,CUBA D,D,M15,Juveniles - Primera rueda - M 15 - Nivel 2 - Grupo II - Zona C Eq B | Juveniles - Segunda rueda - M 15 - Grupo II - Zona Desarrollo eq B | Menores de 15 - Grupo 1 - Formativa A | Menores de 15 - Grupo 1 - Formativa B - Segunda Rueda | Menores de 15 - Primera Rueda - G2 NIVEL 2 Desarrollo Eq B,2023 2025 2026,5,,,,falta,ninguna
24,Curupayti,Curupayti,,M15,Menores de 15 - Grupo 1 - Zona B - Segunda Rueda | Menores de 15 - Grupo 1 - Zona C - Primera Rueda | Menores de 15 - Primera Rueda - G1 B,2022 2026,3,,,,falta,ninguna
24,Curupayti,Curupayti A,A,M15,Juveniles - Primera rueda - M 15 - Nivel 2 - Grupo II - Zona C | Juveniles - Primera rueda - M15 - Grupo II - Zona B | Juveniles - Segunda Rueda - M15 - Grupo ll - Ganadores B | Juveniles - Segunda rueda - M 15 - Grupo II - Zona B | Menores de 15 - Grupo 2 - Zona B | Menores de 15 - Grupo 2 - Zona B - Segunda Rueda | Menores de 15 - Grupo 2 - Zona D - Segunda Rueda,2021 2023 2024 2025,7,,,,falta,ninguna
24,Curupayti,Curupayti B,B,M15,Juveniles - Primera rueda - M 15 - Nivel 2 - Grupo II - Zona C Eq B | Juveniles - Primera rueda - M15 - Grupo II - Zona B Equipos B | Juveniles - Segunda Rueda - M15 - Grupo ll - Ganadores B Equipos B | Juveniles - Segunda rueda - M 15 - Grupo II - Zona B eq B | Menores de 15 - Grupo 2 - Zona B - Equipos B | Menores de 15 - Grupo 2 - Zona B - Equipos B - Segunda Rueda | Menores de 15 - Grupo 2 - Zona D - Equipos B - Segunda Rueda,2021 2023 2024 2025,7,,,,falta,ninguna
52,Daom,Daom,,M15,Juveniles - Primera rueda - M 15 - Formativa - Zona B | Juveniles - Segunda rueda - M 15 - Grupo I - Formativa B | Menores de 15 - Grupo 1 - Formativa - Segunda Rueda | Menores de 15 - Grupo 1 - Formativa A | Menores de 15 - Grupo 1 - Formativa B | Menores de 15 - Grupo 1 - Formativa C - Segunda Rueda | Menores de 15 - Primera Rueda - G1 B,2022 2023 2025 2026,7,,,,falta,ninguna
44,Del Sur,Del Sur Rugby,,M15,Juveniles - Primera rueda - M15 - Grupo I - Zona A | Juveniles - Segunda Rueda - M15 - Grupo l - Ganadores | Menores de 15 - Grupo 1 - Zona A - Primera Rueda | Menores de 15 - Grupo 1 - Zona A - Segunda Rueda | Menores de 15 - Grupo 1 - Zona B - Segunda Rueda | Menores de 15 - Grupo 1 - Zona C | Menores de 15 - Primera Rueda - G1 B,2021 2022 2023 2024 2026,7,,,,falta,ninguna
44,Del Sur,Del Sur A,A,M15,Juveniles - Primera rueda - M 15 - Nivel 2 - Grupo II - Zona C | Juveniles - Segunda rueda - M 15 - Grupo II - Zona C,2025,2,,,,falta,ninguna
44,Del Sur,Del Sur B,B,M15,Juveniles - Primera rueda - M 15 - Nivel 2 - Grupo II - Zona C Eq B | Juveniles - Segunda rueda - M 15 - Grupo II - Zona C eq B,2025,2,,,,falta,ninguna
33,Delta,Delta,,M15,Juveniles - Primera rueda - M15 - Grupo I - Zona C | Juveniles - Segunda Rueda - M15 - Grupo l - Ganadores | Menores de 15 - Grupo 1 - Zona B - Primera Rueda | Menores de 15 - Grupo 1 - Zona B - Segunda Rueda | Menores de 15 - Primera Rueda - G1 A,2022 2024 2026,5,,,,falta,ninguna
33,Delta,Delta A,A,M15,Juveniles - Primera rueda - M 15 - Nivel 2 - Grupo II - Zona C | Juveniles - Segunda rueda - M 15 - Grupo II - Zona C | Menores de 15 - Grupo 2 - Zona A - Segunda Rueda | Menores de 15 - Grupo 2 - Zona B | Menores de 15 - Grupo 2 - Zona C - Segunda Rueda,2021 2023 2025,5,,,,falta,ninguna
33,Delta,Delta B,B,M15,Juveniles - Primera rueda - M 15 - Nivel 2 - Grupo II - Zona C Eq B | Juveniles - Segunda rueda - M 15 - Grupo II - Zona C eq B | Menores de 15 - Grupo 2 - Zona A - Equipos B - Segunda Rueda | Menores de 15 - Grupo 2 - Zona B - Equipos B | Menores de 15 - Grupo 2 - Zona C - Equipos B - Segunda Rueda,2021 2023 2025,5,,,,falta,ninguna
17,Deportiva Francesa,Deportiva Francesa A,A,M15,Juveniles - Primera rueda - M 15 - Nivel 1 - Grupo II - Zona A | Juveniles - Primera rueda - M15 - Grupo II - Zona C | Juveniles - Segunda Rueda - M15 - Grupo ll - Desarrollo | Juveniles - Segunda rueda - M 15 - Grupo II - Zona C | Menores de 15 - Grupo 2 - Zona A - Segunda Rueda | Menores de 15 - Grupo 2 - Zona B - Primera Rueda | Menores de 15 - Grupo 2 - Zona B - Segunda Rueda | Menores de 15 - Grupo 2 - Zona D - Segunda Rueda | Menores de 15 - Primera Rueda - G2 NIVEL 1 A,2021 2022 2023 2024 2025 2026,9,,,,falta,ninguna
17,Deportiva Francesa,Deportiva Francesa B,B,M15,Juveniles - Primera rueda - M 15 - Nivel 1 - Grupo II - Zona A Eq B | Juveniles - Primera rueda - M15 - Grupo II - Zona C Equipos B | Juveniles - Segunda Rueda - M15 - Grupo ll - Desarrollo Equipos B | Juveniles - Segunda rueda - M 15 - Grupo II - Zona C eq B | Menores de 15 - Grupo 2 - Zona A - Equipos B - Segunda Rueda | Menores de 15 - Grupo 2 - Zona B - Equipos B - Primera Rueda | Menores de 15 - Grupo 2 - Zona B - Equipos B - Segunda Rueda | Menores de 15 - Grupo 2 - Zona C - Equipos B | Menores de 15 - Grupo 2 - Zona D - Equipos B - Segunda Rueda | Menores de 15 - Primera Rueda - G2 NIVEL 1 A Eq B,2021 2022 2023 2024 2025 2026,10,,,,falta,ninguna
17,Deportiva Francesa,Deportiva Francesa C,C,M15,Juveniles - Primera rueda - M15 - Formativa A | Juveniles - Segunda Rueda - M15 - Formativa A | Menores de 15 - Grupo 1 - Formativa A | Menores de 15 - Grupo 1 - Formativa A - Segunda Rueda,2023 2024,4,,,,falta,ninguna
37,Don Bosco,Don Bosco,,M15,Juveniles - Primera rueda - M 15 - Grupo I - Zona B | Juveniles - Primera rueda - M15 - Formativa B | Juveniles - Segunda Rueda - M15 - Grupo l - Desarrollo | Juveniles - Segunda rueda - M 15 - Grupo I - Zona A | Menores de 15 - Grupo 1 - Zona A - Primera Rueda | Menores de 15 - Grupo 1 - Zona B - Segunda Rueda | Menores de 15 - Grupo 1 - Zona C | Menores de 15 - Grupo 1 - Zona C - Segunda Rueda | Menores de 15 - Primera Rueda - G1 A,2021 2022 2023 2024 2025 2026,10,,,,falta,ninguna
48,El Retiro,El Retiro,,M15,Juveniles - Primera rueda - M15 - Grupo I - Zona B | Juveniles - Segunda Rueda - M15 - Grupo l - Desarrollo | Menores de 15 - Grupo 1 - Formativa A - Segunda Rueda | Menores de 15 - Grupo 1 - Formativa B | Menores de 15 - Grupo 1 - Formativa C - Segunda Rueda,2021 2023 2024,5,,,,club_no_existe,ninguna
48,El Retiro,El Retiro A,A,M15,Juveniles - Primera rueda - M 15 - Nivel 2 - Grupo II - Zona C | Juveniles - Segunda rueda - M 15 - Grupo II - Zona C,2025,2,,,,club_no_existe,ninguna
48,El Retiro,El Retiro B,B,M15,Juveniles - Primera rueda - M 15 - Nivel 2 - Grupo II - Zona C Eq B | Juveniles - Segunda rueda - M 15 - Grupo II - Zona C eq B,2025,2,,,,club_no_existe,ninguna
86,Ezeiza,Ezeiza,,M15,Juveniles - Primera rueda - M 15 - Formativa - Zona B | Juveniles - Segunda rueda - M 15 - Grupo I - Formativa B | Menores de 15 - Grupo 1 - Formativa B | Menores de 15 - Grupo 1 - Formativa C - Segunda Rueda | Menores de 15 - Grupo 1 - Zona C - Segunda Rueda,2021 2023 2025,5,,,,club_no_existe,ninguna
59,G y E de Ituzaingo,G y E de Ituzaingo,,M15,Juveniles - Primera rueda - M 15 - Formativa - Zona B | Juveniles - Primera rueda - M15 - Grupo I - Zona B | Juveniles - Segunda Rueda - M15 - Grupo l - Ganadores | Juveniles - Segunda rueda - M 15 - Grupo I - Formativa B | Menores de 15 - Grupo 1 - Zona B | Menores de 15 - Primera Rueda - G1 B,2023 2024 2025 2026,6,,,,club_no_existe,ninguna
59,G y E de Ituzaingo,G y E de Ituzaingo A,A,M15,Menores de 15 - Grupo 2 - Zona D - Segunda Rueda,2021,1,,,,club_no_existe,ninguna
59,G y E de Ituzaingo,G y E de Ituzaingo B,B,M15,Menores de 15 - Grupo 2 - Zona D - Equipos B - Segunda Rueda,2021,1,,,,club_no_existe,ninguna
30,Gimnasia y Esgrima,Gimnasia y Esgrima Bs. As,,M15,Menores de 15 - Grupo 1 - Zona A - Segunda Rueda | Menores de 15 - Grupo 1 - Zona B | Menores de 15 - Grupo 1 - Zona B - Primera Rueda | Menores de 15 - Grupo 1 - Zona B - Segunda Rueda,2021 2022 2023,4,,,,falta,ninguna
30,Gimnasia y Esgrima,G y Esgrima A,A,M15,Juveniles - Primera rueda - M 15 - Nivel 1 - Grupo II - Zona B | Juveniles - Primera rueda - M15 - Grupo II - Zona A | Juveniles - Segunda Rueda - M15 - Grupo ll - Desarrollo | Juveniles - Segunda rueda - M 15 - Grupo II - Zona B | Menores de 15 - Grupo 2 - Zona C - Segunda Rueda | Menores de 15 - Primera Rueda - G2 NIVEL 2 Desarrollo,2023 2024 2025 2026,6,,,,falta,ninguna
30,Gimnasia y Esgrima,G y Esgrima B,B,M15,Juveniles - Primera rueda - M 15 - Nivel 1 - Grupo II - Zona B Eq B | Juveniles - Primera rueda - M15 - Grupo II - Zona A Equipos B | Juveniles - Segunda Rueda - M15 - Grupo ll - Desarrollo Equipos B | Juveniles - Segunda rueda - M 15 - Grupo II - Zona B eq B | Menores de 15 - Grupo 2 - Zona C - Equipos B - Segunda Rueda | Menores de 15 - Primera Rueda - G2 NIVEL 2 Desarrollo Eq B,2023 2024 2025 2026,6,,,,falta,ninguna
6,Hindú,Hindu A,A,M15,Juveniles - Primera rueda - M 15 - Nivel 1 - Grupo II - Zona A | Juveniles - Primera rueda - M15 - Grupo II - Zona B | Juveniles - Segunda Rueda - M15 - Grupo ll - Ganadores A | Juveniles - Segunda rueda - M 15 - Grupo II - Zona B | Menores de 15 - Grupo 2 - Zona A - Segunda Rueda | Menores de 15 - Grupo 2 - Zona B - Primera Rueda | Menores de 15 - Grupo 2 - Zona B - Segunda Rueda | Menores de 15 - Primera Rueda - G2 NIVEL 1 A,2021 2022 2023 2024 2025 2026,9,,,,falta,ninguna
6,Hindú,Hindu B,B,M15,Juveniles - Primera rueda - M 15 - Nivel 1 - Grupo II - Zona A Eq B | Juveniles - Primera rueda - M15 - Grupo II - Zona B Equipos B | Juveniles - Segunda Rueda - M15 - Grupo ll - Ganadores A Equipos B | Juveniles - Segunda rueda - M 15 - Grupo II - Zona B eq B | Menores de 15 - Grupo 2 - Zona A - Equipos B - Segunda Rueda | Menores de 15 - Grupo 2 - Zona B - Equipos B - Primera Rueda | Menores de 15 - Grupo 2 - Zona B - Equipos B - Segunda Rueda | Menores de 15 - Grupo 2 - Zona C - Equipos B | Menores de 15 - Primera Rueda - G2 NIVEL 1 A Eq B,2021 2022 2023 2024 2025 2026,10,,,,falta,ninguna
19,Hurling,Hurling,,M15,Juveniles - Primera rueda - M15 - Grupo I - Zona B | Juveniles - Segunda Rueda - M15 - Grupo l - Ganadores | Menores de 15 - Grupo 1 - Zona A - Segunda Rueda | Menores de 15 - Grupo 1 - Zona B | Menores de 15 - Grupo 1 - Zona C - Primera Rueda | Menores de 15 - Primera Rueda - G1 B,2022 2023 2024 2026,6,,,,falta,ninguna
19,Hurling,Hurling A,A,M15,Juveniles - Primera rueda - M 15 - Nivel 1 - Grupo II - Zona B | Juveniles - Segunda rueda - M 15 - Grupo II - Zona C | Menores de 15 - Grupo 2 - Zona C - Segunda Rueda,2021 2023 2025,4,,,,falta,ninguna
19,Hurling,Hurling B,B,M15,Juveniles - Primera rueda - M 15 - Nivel 1 - Grupo II - Zona B Eq B | Juveniles - Segunda rueda - M 15 - Grupo II - Zona C eq B | Menores de 15 - Grupo 2 - Zona C - Equipos B - Segunda Rueda,2021 2023 2025,4,,,,falta,ninguna
28,Italiano,Italiano,,M15,Juveniles - Primera rueda - M15 - Grupo I - Zona A | Juveniles - Segunda rueda - M 15 - Grupo I - Zona B | Menores de 15 - Grupo 1 - Zona A - Segunda Rueda | Menores de 15 - Grupo 1 - Zona B | Menores de 15 - Grupo 1 - Zona C - Primera Rueda | Menores de 15 - Primera Rueda - G1 A,2022 2023 2024 2025 2026,6,,,,falta,ninguna
28,Italiano,Italiano A,A,M15,Juveniles - Segunda Rueda - M15 - Grupo ll - Desarrollo | Menores de 15 - Grupo 2 - Zona C - Segunda Rueda,2023 2024,2,,,,falta,ninguna
28,Italiano,Italiano B,B,M15,Juveniles - Segunda Rueda - M15 - Grupo ll - Desarrollo Equipos B | Menores de 15 - Grupo 2 - Zona C - Equipos B - Segunda Rueda,2023 2024,2,,,,falta,ninguna
13,La Plata,La Plata A,A,M15,Juveniles - Primera rueda - M 15 - Nivel 1 - Grupo II - Zona A | Juveniles - Primera rueda - M15 - Grupo II - Zona A | Juveniles - Segunda Rueda - M15 - Grupo ll - Ganadores A | Juveniles - Segunda rueda - M 15 - Grupo II - Zona A | Menores de 15 - Grupo 2 - Zona A - Segunda Rueda | Menores de 15 - Grupo 2 - Zona B - Primera Rueda | Menores de 15 - Grupo 2 - Zona B - Segunda Rueda | Menores de 15 - Primera Rueda - G2 NIVEL 1 A,2021 2022 2023 2024 2025 2026,9,,,,falta,ninguna
13,La Plata,La Plata B,B,M15,Juveniles - Primera rueda - M 15 - Nivel 1 - Grupo II - Zona A Eq B | Juveniles - Primera rueda - M15 - Grupo II - Zona A Equipos B | Juveniles - Segunda Rueda - M15 - Grupo ll - Ganadores A Equipos B | Juveniles - Segunda rueda - M 15 - Grupo II - Zona A eq B | Menores de 15 - Grupo 2 - Zona A - Equipos B - Segunda Rueda | Menores de 15 - Grupo 2 - Zona B - Equipos B - Primera Rueda | Menores de 15 - Grupo 2 - Zona B - Equipos B - Segunda Rueda | Menores de 15 - Grupo 2 - Zona C - Equipos B | Menores de 15 - Primera Rueda - G2 NIVEL 1 A Eq B,2021 2022 2023 2024 2025 2026,10,,,,falta,ninguna
13,La Plata,La Plata C,C,M15,Juveniles - Primera rueda - M 15 - Formativa - Zona A | Juveniles - Segunda rueda - M 15 - Grupo I - Formativa A | Menores de 15 - Grupo 1 - Formativa - Segunda Rueda | Menores de 15 - Grupo 1 - Formativa A | Menores de 15 - Grupo 1 - Formativa B - Segunda Rueda | Menores de 15 - Grupo 1 - Zona C - Segunda Rueda | Menores de 15 - Primera Rueda - G1 Formativa A,2021 2022 2023 2025 2026,7,,,,falta,ninguna
64,La Salle,La Salle,,M15,Menores de 15 - Primera Rueda - G1 Formativa B,2026,1,,,,club_no_existe,ninguna
51,Lanus,Lanus,,M15,Juveniles - Primera rueda - M 15 - Grupo I - Zona B | Juveniles - Primera rueda - M15 - Grupo I - Zona A | Juveniles - Segunda Rueda - M15 - Grupo l - Desarrollo | Juveniles - Segunda rueda - M 15 - Grupo I - Zona A | Menores de 15 - Grupo 1 - Zona A - Primera Rueda | Menores de 15 - Grupo 1 - Zona B - Segunda Rueda | Menores de 15 - Grupo 1 - Zona C | Menores de 15 - Primera Rueda - G1 A,2021 2022 2023 2024 2025 2026,10,,,,falta,ninguna
73,Las Cañas,Las Cañas,,M15,Juveniles - Primera rueda - M 15 - Formativa - Zona B | Juveniles - Primera rueda - M15 - Formativa B | Juveniles - Segunda Rueda - M15 - Formativa B | Juveniles - Segunda rueda - M 15 - Grupo I - Formativa B | Menores de 15 - Grupo 1 - Formativa - Segunda Rueda | Menores de 15 - Grupo 1 - Formativa A | Menores de 15 - Grupo 1 - Zona C | Menores de 15 - Primera Rueda - G1 Formativa B,2022 2023 2024 2025 2026,8,,,,club_no_existe,ninguna
36,Liceo Militar,Liceo Militar,,M15,Juveniles - Primera rueda - M 15 - Grupo I - Zona A | Juveniles - Primera rueda - M15 - Grupo I - Zona C | Juveniles - Segunda rueda - M 15 - Grupo I - Zona A | Menores de 15 - Grupo 1 - Formativa B | Menores de 15 - Grupo 1 - Zona B - Segunda Rueda | Menores de 15 - Grupo 1 - Zona C - Primera Rueda | Menores de 15 - Grupo 1 - Zona C - Segunda Rueda | Menores de 15 - Primera Rueda - G1 B,2021 2022 2023 2024 2025 2026,9,,,,falta,ninguna
36,Liceo Militar,Liceo Militar A,A,M15,Juveniles - Segunda Rueda - M15 - Grupo ll - Desarrollo,2024,1,,,,falta,ninguna
36,Liceo Militar,Liceo Militar B,B,M15,Juveniles - Segunda Rueda - M15 - Grupo ll - Desarrollo Equipos B,2024,1,,,,falta,ninguna
38,Liceo Naval,Liceo Naval A,A,M15,Juveniles - Primera rueda - M 15 - Nivel 1 - Grupo II - Zona B | Juveniles - Primera rueda - M15 - Grupo II - Zona C | Juveniles - Segunda Rueda - M15 - Grupo ll - Ganadores B | Juveniles - Segunda rueda - M 15 - Grupo II - Zona A | Menores de 15 - Grupo 2 - Zona A | Menores de 15 - Grupo 2 - Zona A - Segunda Rueda | Menores de 15 - Grupo 2 - Zona B - Primera Rueda | Menores de 15 - Grupo 2 - Zona C - Segunda Rueda | Menores de 15 - Primera Rueda - G2 NIVEL 1 B,2021 2022 2023 2024 2025 2026,10,,,,falta,ninguna
38,Liceo Naval,Liceo Naval B,B,M15,Juveniles - Primera rueda - M 15 - Nivel 1 - Grupo II - Zona B Eq B | Juveniles - Primera rueda - M15 - Grupo II - Zona C Equipos B | Juveniles - Segunda Rueda - M15 - Grupo ll - Ganadores B Equipos B | Juveniles - Segunda rueda - M 15 - Grupo II - Zona A eq B | Menores de 15 - Grupo 2 - Zona A - Equipos B | Menores de 15 - Grupo 2 - Zona A - Equipos B - Segunda Rueda | Menores de 15 - Grupo 2 - Zona B - Equipos B - Primera Rueda | Menores de 15 - Grupo 2 - Zona C - Equipos B - Segunda Rueda | Menores de 15 - Primera Rueda - G2 NIVEL 1 B Eq B,2021 2022 2023 2024 2025 2026,10,,,,falta,ninguna
38,Liceo Naval,Liceo Naval C,C,M15,Juveniles - Segunda rueda - M 15 - Grupo I - Formativa A,2025,1,,,,falta,ninguna
15,Lomas Athletic,Lomas Athletic A,A,M15,Juveniles - Primera rueda - M 15 - Nivel 1 - Grupo II - Zona A | Juveniles - Primera rueda - M15 - Grupo II - Zona A | Juveniles - Segunda Rueda - M15 - Grupo ll - Desarrollo | Juveniles - Segunda rueda - M 15 - Grupo II - Zona C | Menores de 15 - Grupo 2 - Zona A - Primera Rueda | Menores de 15 - Grupo 2 - Zona A - Segunda Rueda | Menores de 15 - Grupo 2 - Zona B - Segunda Rueda | Menores de 15 - Primera Rueda - G2 NIVEL 1 B,2021 2022 2023 2024 2025 2026,9,,,,falta,ninguna
15,Lomas Athletic,Lomas Athletic B,B,M15,Juveniles - Primera rueda - M 15 - Nivel 1 - Grupo II - Zona A Eq B | Juveniles - Primera rueda - M15 - Grupo II - Zona A Equipos B | Juveniles - Segunda Rueda - M15 - Grupo ll - Desarrollo Equipos B | Juveniles - Segunda rueda - M 15 - Grupo II - Zona C eq B | Menores de 15 - Grupo 2 - Zona A - Equipos B - Primera Rueda | Menores de 15 - Grupo 2 - Zona A - Equipos B - Segunda Rueda | Menores de 15 - Grupo 2 - Zona B - Equipos B - Segunda Rueda | Menores de 15 - Grupo 2 - Zona C - Equipos B | Menores de 15 - Primera Rueda - G2 NIVEL 1 B Eq B,2021 2022 2023 2024 2025 2026,10,,,,falta,ninguna
15,Lomas Athletic,Lomas Athl. C,C,M15,Juveniles - Primera rueda - M 15 - Formativa - Zona A | Juveniles - Segunda Rueda - M15 - Formativa A | Juveniles - Segunda rueda - M 15 - Grupo I - Formativa A,2024 2025,3,,,,falta,ninguna
78,Los Cedros,Los Cedros,,M15,Menores de 15 - Grupo 1 - Zona B | Menores de 15 - Grupo 1 - Zona B - Segunda Rueda | Menores de 15 - Grupo 1 - Zona C - Primera Rueda | Menores de 15 - Primera Rueda - G1 Formativa B,2022 2023 2026,5,,,,club_no_existe,ninguna
23,Los Matreros,Los Matreros A,A,M15,Juveniles - Primera rueda - M 15 - Nivel 1 - Grupo II - Zona B | Juveniles - Primera rueda - M15 - Grupo II - Zona B | Juveniles - Segunda Rueda - M15 - Grupo ll - Ganadores A | Juveniles - Segunda rueda - M 15 - Grupo II - Zona A | Menores de 15 - Grupo 2 - Zona A | Menores de 15 - Grupo 2 - Zona A - Segunda Rueda | Menores de 15 - Grupo 2 - Zona B - Primera Rueda | Menores de 15 - Primera Rueda - G2 NIVEL 1 A,2021 2022 2023 2024 2025 2026,10,,,,falta,ninguna
23,Los Matreros,Los Matreros B,B,M15,Juveniles - Primera rueda - M 15 - Nivel 1 - Grupo II - Zona B Eq B | Juveniles - Primera rueda - M15 - Grupo II - Zona B Equipos B | Juveniles - Segunda Rueda - M15 - Grupo ll - Ganadores A Equipos B | Juveniles - Segunda rueda - M 15 - Grupo II - Zona A eq B | Menores de 15 - Grupo 2 - Zona A - Equipos B | Menores de 15 - Grupo 2 - Zona A - Equipos B - Segunda Rueda | Menores de 15 - Grupo 2 - Zona B - Equipos B - Primera Rueda | Menores de 15 - Primera Rueda - G2 NIVEL 1 A Eq B,2021 2022 2023 2024 2025 2026,10,,,,falta,ninguna
23,Los Matreros,Los Matreros C,C,M15,Menores de 15 - Grupo 1 - Formativa - Segunda Rueda | Menores de 15 - Grupo 1 - Formativa A,2022,2,,,,falta,ninguna
65,Los Molinos,Los Molinos,,M15,Juveniles - Primera rueda - M15 - Grupo I - Zona B | Juveniles - Segunda Rueda - M15 - Grupo l - Ganadores | Menores de 15 - Grupo 1 - Zona A | Menores de 15 - Grupo 1 - Zona B - Primera Rueda | Menores de 15 - Grupo 1 - Zona B - Segunda Rueda,2021 2022 2023 2024,5,,,,falta,ninguna
65,Los Molinos,Los Molinos A,A,M15,Juveniles - Primera rueda - M 15 - Nivel 2 - Grupo II - Zona C | Juveniles - Segunda rueda - M 15 - Grupo II - Zona C | Menores de 15 - Grupo 2 - Zona C - Segunda Rueda | Menores de 15 - Primera Rueda - G2 NIVEL 1 B,2022 2025 2026,4,,,,falta,ninguna
65,Los Molinos,Los Molinos B,B,M15,Juveniles - Primera rueda - M 15 - Nivel 2 - Grupo II - Zona C Eq B | Juveniles - Segunda rueda - M 15 - Grupo II - Zona C eq B | Menores de 15 - Grupo 2 - Zona C - Equipos B - Segunda Rueda | Menores de 15 - Primera Rueda - G2 NIVEL 1 B Eq B,2022 2025 2026,4,,,,falta,ninguna
65,Los Molinos,Los Molinos C,C,M15,Menores de 15 - Primera Rueda - G1 Formativa B,2026,1,,,,falta,ninguna
79,Los Pinos,Los Pinos,,M15,Juveniles - Primera rueda - M15 - Formativa B | Juveniles - Segunda Rueda - M15 - Grupo l - Desarrollo | Menores de 15 - Grupo 1 - Formativa - Segunda Rueda | Menores de 15 - Grupo 1 - Formativa A | Menores de 15 - Primera Rueda - G1 Formativa B,2022 2024 2026,5,,,,club_no_existe,ninguna
26,Los Tilos,Los tilos A,A,M15,Juveniles - Primera rueda - M 15 - Nivel 1 - Grupo II - Zona B | Juveniles - Primera rueda - M15 - Grupo II - Zona B | Juveniles - Segunda Rueda - M15 - Grupo ll - Ganadores B | Juveniles - Segunda rueda - M 15 - Grupo II - Zona A | Menores de 15 - Grupo 2 - Zona A | Menores de 15 - Grupo 2 - Zona A - Primera Rueda | Menores de 15 - Grupo 2 - Zona A - Segunda Rueda | Menores de 15 - Grupo 2 - Zona B - Segunda Rueda | Menores de 15 - Primera Rueda - G2 NIVEL 1 B,2021 2022 2023 2024 2025 2026,10,,,,falta,ninguna
26,Los Tilos,Los Tilos B,B,M15,Juveniles - Primera rueda - M 15 - Nivel 1 - Grupo II - Zona B Eq B | Juveniles - Primera rueda - M15 - Grupo II - Zona B Equipos B | Juveniles - Segunda Rueda - M15 - Grupo ll - Ganadores B Equipos B | Juveniles - Segunda rueda - M 15 - Grupo II - Zona A eq B | Menores de 15 - Grupo 2 - Zona A - Equipos B | Menores de 15 - Grupo 2 - Zona A - Equipos B - Primera Rueda | Menores de 15 - Grupo 2 - Zona A - Equipos B - Segunda Rueda | Menores de 15 - Grupo 2 - Zona B - Equipos B - Segunda Rueda | Menores de 15 - Primera Rueda - G2 NIVEL 1 B Eq B,2021 2022 2023 2024 2025 2026,10,,,,falta,ninguna
26,Los Tilos,Los Tilos C,C,M15,Juveniles - Primera rueda - M 15 - Formativa - Zona A | Juveniles - Segunda rueda - M 15 - Grupo I - Formativa A | Menores de 15 - Grupo 1 - Formativa B - Segunda Rueda,2023 2025,3,,,,falta,ninguna
50,Lujan,Lujan,,M15,Juveniles - Primera rueda - M 15 - Grupo I - Zona A | Juveniles - Primera rueda - M15 - Grupo I - Zona B | Juveniles - Segunda Rueda - M15 - Grupo l - Ganadores | Juveniles - Segunda rueda - M 15 - Grupo I - Zona A | Menores de 15 - Grupo 1 - Zona A | Menores de 15 - Grupo 1 - Zona A - Segunda Rueda | Menores de 15 - Grupo 1 - Zona B - Segunda Rueda | Menores de 15 - Grupo 1 - Zona C - Primera Rueda | Menores de 15 - Primera Rueda - G1 A,2022 2023 2024 2025 2026,9,,,,falta,ninguna
34,Manuel Belgrano,Manuel Belgrano,,M15,Juveniles - Primera rueda - M15 - Grupo I - Zona C | Menores de 15 - Grupo 1 - Zona A | Menores de 15 - Primera Rueda - G1 A,2023 2024 2026,3,,,,falta,ninguna
34,Manuel Belgrano,Manuel Belgrano A,A,M15,Juveniles - Primera rueda - M 15 - Nivel 1 - Grupo II - Zona A | Juveniles - Segunda Rueda - M15 - Grupo ll - Desarrollo | Juveniles - Segunda rueda - M 15 - Grupo II - Zona C | Menores de 15 - Grupo 2 - Zona B - Primera Rueda | Menores de 15 - Grupo 2 - Zona C - Segunda Rueda | Menores de 15 - Grupo 2 - Zona D - Segunda Rueda,2021 2022 2023 2024 2025,7,,,,falta,ninguna
34,Manuel Belgrano,Manuel Belgrano B,B,M15,Juveniles - Primera rueda - M 15 - Nivel 1 - Grupo II - Zona A Eq B | Juveniles - Segunda Rueda - M15 - Grupo ll - Desarrollo Equipos B | Juveniles - Segunda rueda - M 15 - Grupo II - Zona C eq B | Menores de 15 - Grupo 2 - Zona B - Equipos B - Primera Rueda | Menores de 15 - Grupo 2 - Zona C - Equipos B - Segunda Rueda | Menores de 15 - Grupo 2 - Zona D - Equipos B - Segunda Rueda,2021 2022 2023 2024 2025,7,,,,falta,ninguna
82,Marcos Paz,Marcos Paz,,M15,Juveniles - Primera rueda - M 15 - Formativa - Zona B | Juveniles - Segunda rueda - M 15 - Grupo I - Formativa B | Menores de 15 - Primera Rueda - G1 Formativa B,2025 2026,3,,,,club_no_existe,ninguna
39,Mariano Moreno,Mariano Moreno,,M15,Menores de 15 - Grupo 1 - Zona C - Primera Rueda | Menores de 15 - Grupo 1 - Zona C - Segunda Rueda | Menores de 15 - Primera Rueda - G1 A,2021 2022 2026,3,,,,falta,ninguna
39,Mariano Moreno,Mariano Moreno A,A,M15,Juveniles - Primera rueda - M 15 - Nivel 2 - Grupo II - Zona C | Juveniles - Primera rueda - M15 - Grupo II - Zona A | Juveniles - Segunda Rueda - M15 - Grupo ll - Ganadores B | Juveniles - Segunda rueda - M 15 - Grupo II - Zona B | Menores de 15 - Grupo 2 - Zona C - Segunda Rueda,2022 2023 2024 2025,6,,,,falta,ninguna
39,Mariano Moreno,Mariano Moreno B,B,M15,Juveniles - Primera rueda - M 15 - Nivel 2 - Grupo II - Zona C Eq B | Juveniles - Primera rueda - M15 - Grupo II - Zona A Equipos B | Juveniles - Segunda Rueda - M15 - Grupo ll - Ganadores B Equipos B | Juveniles - Segunda rueda - M 15 - Grupo II - Zona B eq B | Menores de 15 - Grupo 2 - Zona C - Equipos B | Menores de 15 - Grupo 2 - Zona C - Equipos B - Segunda Rueda,2022 2023 2024 2025,7,,,,falta,ninguna
47,Mercedes,Mercedes,,M15,Juveniles - Primera rueda - M15 - Formativa B | Juveniles - Segunda Rueda - M15 - Grupo l - Desarrollo | Menores de 15 - Grupo 1 - Formativa A | Menores de 15 - Grupo 1 - Formativa B | Menores de 15 - Grupo 1 - Formativa C - Segunda Rueda | Menores de 15 - Grupo 1 - Zona C - Segunda Rueda | Menores de 15 - Primera Rueda - G1 B,2022 2023 2024 2026,7,,,,club_no_existe,ninguna
41,Monte Grande,Monte Grande,,M15,Juveniles - Primera rueda - M 15 - Grupo I - Zona B | Juveniles - Segunda rueda - M 15 - Grupo I - Zona A | Menores de 15 - Grupo 1 - Zona B - Segunda Rueda,2021 2025,3,,,,falta,ninguna
41,Monte Grande,Monte Grande A,A,M15,Juveniles - Primera rueda - M15 - Grupo II - Zona B | Juveniles - Segunda Rueda - M15 - Grupo ll - Desarrollo | Menores de 15 - Grupo 2 - Zona A | Menores de 15 - Grupo 2 - Zona C - Segunda Rueda | Menores de 15 - Primera Rueda - G2 NIVEL 2 Desarrollo,2023 2024 2026,5,,,,falta,ninguna
41,Monte Grande,Monte Grande B,B,M15,Juveniles - Primera rueda - M15 - Grupo II - Zona B Equipos B | Juveniles - Segunda Rueda - M15 - Grupo ll - Desarrollo Equipos B | Menores de 15 - Grupo 2 - Zona A - Equipos B | Menores de 15 - Grupo 2 - Zona C - Equipos B - Segunda Rueda | Menores de 15 - Primera Rueda - G2 NIVEL 2 Desarrollo Eq B,2023 2024 2026,5,,,,falta,ninguna
91,Municipalidad de Berazategui,Munic de Berazategui,,M15,Juveniles - Primera rueda - M 15 - Formativa - Zona B | Juveniles - Primera rueda - M15 - Formativa B | Juveniles - Segunda Rueda - M15 - Formativa B | Juveniles - Segunda rueda - M 15 - Grupo I - Formativa B | Menores de 15 - Grupo 1 - Formativa - Segunda Rueda | Menores de 15 - Primera Rueda - G1 Formativa B,2022 2024 2025 2026,6,,,,club_no_existe,ninguna
9,Newman,Newman A,A,M15,Juveniles - Primera rueda - M 15 - Nivel 1 - Grupo II - Zona B | Juveniles - Primera rueda - M15 - Grupo II - Zona C | Juveniles - Segunda Rueda - M15 - Grupo ll - Ganadores B | Juveniles - Segunda rueda - M 15 - Grupo II - Zona A | Menores de 15 - Grupo 2 - Zona A - Segunda Rueda | Menores de 15 - Grupo 2 - Zona B | Menores de 15 - Grupo 2 - Zona B - Primera Rueda | Menores de 15 - Grupo 2 - Zona B - Segunda Rueda | Menores de 15 - Primera Rueda - G2 NIVEL 1 B,2021 2022 2023 2024 2025 2026,10,,,,falta,ninguna
9,Newman,Newman B,B,M15,Juveniles - Primera rueda - M 15 - Nivel 1 - Grupo II - Zona B Eq B | Juveniles - Primera rueda - M15 - Grupo II - Zona C Equipos B | Juveniles - Segunda Rueda - M15 - Grupo ll - Ganadores B Equipos B | Juveniles - Segunda rueda - M 15 - Grupo II - Zona A eq B | Menores de 15 - Grupo 2 - Zona A - Equipos B - Segunda Rueda | Menores de 15 - Grupo 2 - Zona B - Equipos B | Menores de 15 - Grupo 2 - Zona B - Equipos B - Primera Rueda | Menores de 15 - Grupo 2 - Zona B - Equipos B - Segunda Rueda | Menores de 15 - Primera Rueda - G2 NIVEL 1 B Eq B,2021 2022 2023 2024 2025 2026,10,,,,falta,ninguna
9,Newman,Newman C,C,M15,Juveniles - Primera rueda - M 15 - Nivel 2 - Grupo II - Zona C | Juveniles - Primera rueda - M15 - Formativa A | Juveniles - Segunda Rueda - M15 - Formativa A | Juveniles - Segunda rueda - M 15 - Grupo II - Zona Desarrollo | Menores de 15 - Grupo 1 - Formativa - Segunda Rueda | Menores de 15 - Grupo 1 - Formativa A | Menores de 15 - Grupo 1 - Formativa B - Segunda Rueda | Menores de 15 - Grupo 1 - Zona C - Segunda Rueda | Menores de 15 - Primera Rueda - G1 Formativa A,2021 2022 2023 2024 2025 2026,10,,,,falta,ninguna
9,Newman,Newman D,D,M15,Juveniles - Primera rueda - M 15 - Nivel 2 - Grupo II - Zona C Eq B | Juveniles - Segunda rueda - M 15 - Grupo II - Zona Desarrollo eq B | Menores de 15 - Grupo 1 - Formativa A | Menores de 15 - Grupo 1 - Formativa A - Segunda Rueda,2021 2023 2025,5,,,,falta,ninguna
66,Old Georgian,Old Georgian,,M15,Juveniles - Primera rueda - M 15 - Formativa - Zona B | Juveniles - Primera rueda - M15 - Formativa B | Juveniles - Segunda Rueda - M15 - Formativa B | Juveniles - Segunda rueda - M 15 - Grupo I - Formativa A | Menores de 15 - Grupo 1 - Formativa - Segunda Rueda | Menores de 15 - Grupo 1 - Formativa A | Menores de 15 - Grupo 1 - Formativa B | Menores de 15 - Grupo 1 - Formativa C - Segunda Rueda | Menores de 15 - Primera Rueda - G1 B,2022 2023 2024 2025 2026,9,,,,club_no_existe,ninguna
22,Olivos,Olivos A,A,M15,Juveniles - Primera rueda - M 15 - Nivel 1 - Grupo II - Zona B | Juveniles - Primera rueda - M15 - Grupo II - Zona C | Juveniles - Segunda Rueda - M15 - Grupo ll - Ganadores A | Juveniles - Segunda rueda - M 15 - Grupo II - Zona B | Menores de 15 - Grupo 2 - Zona A - Primera Rueda | Menores de 15 - Grupo 2 - Zona B - Segunda Rueda | Menores de 15 - Primera Rueda - G2 NIVEL 1 B,2021 2022 2023 2024 2025 2026,9,,,,falta,ninguna
22,Olivos,Olivos B,B,M15,Juveniles - Primera rueda - M 15 - Nivel 1 - Grupo II - Zona B Eq B | Juveniles - Primera rueda - M15 - Grupo II - Zona C Equipos B | Juveniles - Segunda Rueda - M15 - Grupo ll - Ganadores A Equipos B | Juveniles - Segunda rueda - M 15 - Grupo II - Zona B eq B | Menores de 15 - Grupo 2 - Zona A - Equipos B - Primera Rueda | Menores de 15 - Grupo 2 - Zona B - Equipos B - Segunda Rueda | Menores de 15 - Grupo 2 - Zona C - Equipos B | Menores de 15 - Primera Rueda - G2 NIVEL 1 B Eq B,2021 2022 2023 2024 2025 2026,10,,,,falta,ninguna
22,Olivos,Olivos C,C,M15,Menores de 15 - Grupo 1 - Formativa A | Menores de 15 - Grupo 1 - Formativa B - Segunda Rueda | Menores de 15 - Primera Rueda - G1 Formativa A,2023 2026,3,,,,falta,ninguna
85,Pac General Rodriguez,Pac General Rodriguez,,M15,Juveniles - Primera rueda - M 15 - Formativa - Zona B | Juveniles - Segunda rueda - M 15 - Grupo I - Formativa B | Menores de 15 - Grupo 1 - Formativa B | Menores de 15 - Grupo 1 - Formativa C - Segunda Rueda,2023 2025,4,,,,club_no_existe,ninguna
70,Porteño,Porteño,,M15,Juveniles - Primera rueda - M 15 - Formativa - Zona B | Juveniles - Segunda rueda - M 15 - Grupo I - Formativa B | Menores de 15 - Grupo 1 - Formativa B | Menores de 15 - Grupo 1 - Formativa C - Segunda Rueda | Menores de 15 - Grupo 1 - Zona A - Primera Rueda | Menores de 15 - Grupo 1 - Zona C - Segunda Rueda,2022 2023 2025,6,,,,club_no_existe,ninguna
16,Pucara,Pucara A,A,M15,Juveniles - Primera rueda - M 15 - Nivel 1 - Grupo II - Zona A | Juveniles - Primera rueda - M15 - Grupo II - Zona A | Juveniles - Segunda Rueda - M15 - Grupo ll - Ganadores B | Juveniles - Segunda rueda - M 15 - Grupo II - Zona A | Menores de 15 - Grupo 2 - Zona A | Menores de 15 - Grupo 2 - Zona A - Primera Rueda | Menores de 15 - Grupo 2 - Zona B - Segunda Rueda | Menores de 15 - Primera Rueda - G2 NIVEL 1 A,2021 2022 2023 2024 2025 2026,10,,,,falta,ninguna
16,Pucara,Pucara B,B,M15,Juveniles - Primera rueda - M 15 - Nivel 1 - Grupo II - Zona A Eq B | Juveniles - Primera rueda - M15 - Grupo II - Zona A Equipos B | Juveniles - Segunda Rueda - M15 - Grupo ll - Ganadores B Equipos B | Juveniles - Segunda rueda - M 15 - Grupo II - Zona A eq B | Menores de 15 - Grupo 2 - Zona A - Equipos B | Menores de 15 - Grupo 2 - Zona A - Equipos B - Primera Rueda | Menores de 15 - Grupo 2 - Zona B - Equipos B - Segunda Rueda | Menores de 15 - Primera Rueda - G2 NIVEL 1 A Eq B,2021 2022 2023 2024 2025 2026,10,,,,falta,ninguna
16,Pucara,Pucara C,C,M15,Juveniles - Primera rueda - M 15 - Formativa - Zona A | Juveniles - Primera rueda - M15 - Formativa A | Juveniles - Segunda Rueda - M15 - Formativa A | Juveniles - Segunda rueda - M 15 - Grupo I - Formativa A | Menores de 15 - Grupo 1 - Formativa - Segunda Rueda | Menores de 15 - Grupo 1 - Formativa A | Menores de 15 - Grupo 1 - Formativa B - Segunda Rueda | Menores de 15 - Primera Rueda - G1 Formativa A,2022 2023 2024 2025 2026,8,,,,falta,ninguna
25,Pueyrredon,Pueyrredon A,A,M15,Juveniles - Primera rueda - M 15 - Nivel 1 - Grupo II - Zona A | Juveniles - Primera rueda - M15 - Grupo II - Zona B | Juveniles - Segunda Rueda - M15 - Grupo ll - Ganadores A | Juveniles - Segunda rueda - M 15 - Grupo II - Zona B | Menores de 15 - Grupo 2 - Zona A - Primera Rueda | Menores de 15 - Grupo 2 - Zona A - Segunda Rueda | Menores de 15 - Grupo 2 - Zona B | Menores de 15 - Grupo 2 - Zona B - Segunda Rueda | Menores de 15 - Grupo 2 - Zona D - Segunda Rueda | Menores de 15 - Primera Rueda - G2 NIVEL 1 A,2021 2022 2023 2024 2025 2026,10,,,,falta,ninguna
25,Pueyrredon,Pueyrredon B,B,M15,Juveniles - Primera rueda - M 15 - Nivel 1 - Grupo II - Zona A Eq B | Juveniles - Primera rueda - M15 - Grupo II - Zona B Equipos B | Juveniles - Segunda Rueda - M15 - Grupo ll - Ganadores A Equipos B | Juveniles - Segunda rueda - M 15 - Grupo II - Zona B eq B | Menores de 15 - Grupo 2 - Zona A - Equipos B - Primera Rueda | Menores de 15 - Grupo 2 - Zona A - Equipos B - Segunda Rueda | Menores de 15 - Grupo 2 - Zona B - Equipos B | Menores de 15 - Grupo 2 - Zona B - Equipos B - Segunda Rueda | Menores de 15 - Grupo 2 - Zona D - Equipos B - Segunda Rueda | Menores de 15 - Primera Rueda - G2 NIVEL 1 A Eq B,2021 2022 2023 2024 2025 2026,10,,,,falta,ninguna
25,Pueyrredon,Pueyrredon C,C,M15,Juveniles - Primera rueda - M 15 - Formativa - Zona A | Juveniles - Segunda rueda - M 15 - Grupo I - Formativa A | Menores de 15 - Grupo 1 - Formativa - Segunda Rueda,2022 2025,3,,,,falta,ninguna
4,Regatas Bella Vista,Regatas Bella Vista A,A,M15,Juveniles - Primera rueda - M 15 - Nivel 1 - Grupo II - Zona A | Juveniles - Primera rueda - M15 - Grupo II - Zona A | Juveniles - Segunda Rueda - M15 - Grupo ll - Ganadores B | Juveniles - Segunda rueda - M 15 - Grupo II - Zona B | Menores de 15 - Grupo 2 - Zona A - Segunda Rueda | Menores de 15 - Grupo 2 - Zona B | Menores de 15 - Grupo 2 - Zona B - Primera Rueda | Menores de 15 - Grupo 2 - Zona B - Segunda Rueda | Menores de 15 - Primera Rueda - G2 NIVEL 1 B,2021 2022 2023 2024 2025 2026,10,,,,falta,ninguna
4,Regatas Bella Vista,Regatas Bella Vista B,B,M15,Juveniles - Primera rueda - M 15 - Nivel 1 - Grupo II - Zona A Eq B | Juveniles - Primera rueda - M15 - Grupo II - Zona A Equipos B | Juveniles - Segunda Rueda - M15 - Grupo ll - Ganadores B Equipos B | Juveniles - Segunda rueda - M 15 - Grupo II - Zona B eq B | Menores de 15 - Grupo 2 - Zona A - Equipos B - Segunda Rueda | Menores de 15 - Grupo 2 - Zona B - Equipos B | Menores de 15 - Grupo 2 - Zona B - Equipos B - Primera Rueda | Menores de 15 - Grupo 2 - Zona B - Equipos B - Segunda Rueda | Menores de 15 - Primera Rueda - G2 NIVEL 1 B Eq B,2021 2022 2023 2024 2025 2026,10,,,,falta,ninguna
4,Regatas Bella Vista,Regatas Bella Vista C,C,M15,Juveniles - Primera rueda - M 15 - Formativa - Zona A | Juveniles - Primera rueda - M15 - Formativa A | Juveniles - Segunda Rueda - M15 - Formativa A | Juveniles - Segunda rueda - M 15 - Grupo II - Zona Desarrollo | Menores de 15 - Grupo 1 - Formativa A | Menores de 15 - Grupo 1 - Formativa A - Segunda Rueda | Menores de 15 - Primera Rueda - G2 NIVEL 2 Desarrollo,2023 2024 2025 2026,7,,,,falta,ninguna
4,Regatas Bella Vista,Regatas Bella Vista D,D,M15,Juveniles - Segunda rueda - M 15 - Grupo II - Zona Desarrollo eq B | Menores de 15 - Grupo 1 - Formativa B - Segunda Rueda | Menores de 15 - Primera Rueda - G2 NIVEL 2 Desarrollo Eq B,2023 2025 2026,3,,,,falta,ninguna
14,San Albano,San Albano,,M15,Menores de 15 - Grupo 1 - Zona A - Primera Rueda | Menores de 15 - Grupo 1 - Zona B - Primera Rueda,2022,2,,,,falta,ninguna
14,San Albano,San Albano A,A,M15,Juveniles - Primera rueda - M 15 - Nivel 1 - Grupo II - Zona B | Juveniles - Primera rueda - M15 - Grupo II - Zona C | Juveniles - Segunda Rueda - M15 - Grupo ll - Desarrollo | Juveniles - Segunda rueda - M 15 - Grupo II - Zona A | Menores de 15 - Grupo 2 - Zona B | Menores de 15 - Grupo 2 - Zona B - Segunda Rueda | Menores de 15 - Grupo 2 - Zona C - Segunda Rueda | Menores de 15 - Grupo 2 - Zona D - Segunda Rueda | Menores de 15 - Primera Rueda - G2 NIVEL 2 Desarrollo,2021 2022 2023 2024 2025 2026,13,,,,falta,ninguna
14,San Albano,San Albano B,B,M15,Juveniles - Primera rueda - M 15 - Nivel 1 - Grupo II - Zona B Eq B | Juveniles - Primera rueda - M15 - Grupo II - Zona C Equipos B | Juveniles - Segunda Rueda - M15 - Grupo ll - Desarrollo Equipos B | Juveniles - Segunda rueda - M 15 - Grupo II - Zona A eq B | Menores de 15 - Grupo 2 - Zona B - Equipos B | Menores de 15 - Grupo 2 - Zona B - Equipos B - Segunda Rueda | Menores de 15 - Grupo 2 - Zona C - Equipos B - Segunda Rueda | Menores de 15 - Grupo 2 - Zona D - Equipos B - Segunda Rueda | Menores de 15 - Primera Rueda - G2 NIVEL 2 Desarrollo Eq B,2021 2022 2023 2024 2025 2026,13,,,,falta,ninguna
14,San Albano,San Andres C,C,M15,Menores de 15 - Grupo 1 - Formativa A | Menores de 15 - Grupo 1 - Formativa A - Segunda Rueda,2023,2,,,,falta,ninguna
31,San Andres,San Andres A,A,M15,Juveniles - Primera rueda - M 15 - Nivel 1 - Grupo II - Zona B | Juveniles - Primera rueda - M15 - Grupo II - Zona B | Juveniles - Segunda Rueda - M15 - Grupo ll - Ganadores B | Juveniles - Segunda rueda - M 15 - Grupo II - Zona B | Menores de 15 - Primera Rueda - G2 NIVEL 1 A,2024 2025 2026,5,,,,falta,ninguna
31,San Andres,San Andres B,B,M15,Juveniles - Primera rueda - M 15 - Nivel 1 - Grupo II - Zona B Eq B | Juveniles - Primera rueda - M15 - Grupo II - Zona B Equipos B | Juveniles - Segunda Rueda - M15 - Grupo ll - Ganadores B Equipos B | Juveniles - Segunda rueda - M 15 - Grupo II - Zona B eq B | Menores de 15 - Primera Rueda - G2 NIVEL 1 A Eq B,2024 2025 2026,5,,,,falta,ninguna
31,San Andres,San Andres C,C,M15,Juveniles - Primera rueda - M 15 - Formativa - Zona A | Juveniles - Segunda rueda - M 15 - Grupo I - Formativa A | Menores de 15 - Primera Rueda - G1 Formativa A,2025 2026,3,,,,falta,ninguna
35,San Carlos,San Carlos,,M15,Juveniles - Primera rueda - M 15 - Grupo I - Zona A | Juveniles - Primera rueda - M15 - Grupo I - Zona C | Juveniles - Segunda Rueda - M15 - Grupo l - Desarrollo | Juveniles - Segunda rueda - M 15 - Grupo I - Zona A | Menores de 15 - Grupo 1 - Zona A | Menores de 15 - Grupo 1 - Zona A - Segunda Rueda | Menores de 15 - Grupo 1 - Zona B - Primera Rueda | Menores de 15 - Grupo 1 - Zona B - Segunda Rueda,2021 2022 2023 2024 2025,8,,,,falta,ninguna
35,San Carlos,San Carlos A,A,M15,Menores de 15 - Primera Rueda - G2 NIVEL 2 Desarrollo,2026,1,,,,falta,ninguna
35,San Carlos,San Carlos B,B,M15,Menores de 15 - Primera Rueda - G2 NIVEL 2 Desarrollo Eq B,2026,1,,,,falta,ninguna
18,San Cirano,San Cirano A,A,M15,Juveniles - Primera rueda - M 15 - Nivel 1 - Grupo II - Zona A | Juveniles - Primera rueda - M15 - Grupo II - Zona C | Juveniles - Segunda Rueda - M15 - Grupo ll - Ganadores A | Juveniles - Segunda rueda - M 15 - Grupo II - Zona B | Menores de 15 - Grupo 2 - Zona A - Primera Rueda | Menores de 15 - Grupo 2 - Zona A - Segunda Rueda | Menores de 15 - Grupo 2 - Zona C - Segunda Rueda | Menores de 15 - Primera Rueda - G2 NIVEL 2 Desarrollo,2021 2022 2023 2024 2025 2026,9,,,,falta,ninguna
18,San Cirano,San Cirano B,B,M15,Juveniles - Primera rueda - M 15 - Nivel 1 - Grupo II - Zona A Eq B | Juveniles - Primera rueda - M15 - Grupo II - Zona C Equipos B | Juveniles - Segunda Rueda - M15 - Grupo ll - Ganadores A Equipos B | Juveniles - Segunda rueda - M 15 - Grupo II - Zona B eq B | Menores de 15 - Grupo 2 - Zona A - Equipos B - Primera Rueda | Menores de 15 - Grupo 2 - Zona A - Equipos B - Segunda Rueda | Menores de 15 - Grupo 2 - Zona C - Equipos B | Menores de 15 - Grupo 2 - Zona C - Equipos B - Segunda Rueda | Menores de 15 - Primera Rueda - G2 NIVEL 2 Desarrollo Eq B,2021 2022 2023 2024 2025 2026,10,,,,falta,ninguna
32,San Fernando,San Fernando,,M15,Juveniles - Primera rueda - M15 - Grupo I - Zona C | Juveniles - Segunda Rueda - M15 - Grupo l - Ganadores | Menores de 15 - Grupo 1 - Zona A | Menores de 15 - Grupo 1 - Zona B - Primera Rueda | Menores de 15 - Grupo 1 - Zona B - Segunda Rueda | Menores de 15 - Primera Rueda - G1 A,2022 2023 2024 2026,6,,,,falta,ninguna
32,San Fernando,San Fernando A,A,M15,Juveniles - Primera rueda - M 15 - Nivel 2 - Grupo II - Zona C | Juveniles - Segunda rueda - M 15 - Grupo II - Zona C | Menores de 15 - Grupo 2 - Zona C - Segunda Rueda | Menores de 15 - Grupo 2 - Zona D - Segunda Rueda,2021 2022 2025,4,,,,falta,ninguna
32,San Fernando,San Fernando B,B,M15,Juveniles - Primera rueda - M 15 - Nivel 2 - Grupo II - Zona C Eq B | Juveniles - Segunda rueda - M 15 - Grupo II - Zona C eq B | Menores de 15 - Grupo 2 - Zona C - Equipos B - Segunda Rueda | Menores de 15 - Grupo 2 - Zona D - Equipos B - Segunda Rueda,2021 2022 2025,4,,,,falta,ninguna
5,San Luis,San Luis A,A,M15,Juveniles - Primera rueda - M 15 - Nivel 1 - Grupo II - Zona B | Juveniles - Primera rueda - M15 - Grupo II - Zona C | Juveniles - Segunda Rueda - M15 - Grupo ll - Ganadores A | Juveniles - Segunda rueda - M 15 - Grupo II - Zona C | Menores de 15 - Grupo 2 - Zona A - Segunda Rueda | Menores de 15 - Grupo 2 - Zona B | Menores de 15 - Grupo 2 - Zona B - Primera Rueda | Menores de 15 - Grupo 2 - Zona C - Segunda Rueda | Menores de 15 - Primera Rueda - G2 NIVEL 1 B,2021 2022 2023 2024 2025 2026,10,,,,falta,ninguna
5,San Luis,San Luis B,B,M15,Juveniles - Primera rueda - M 15 - Nivel 1 - Grupo II - Zona B Eq B | Juveniles - Primera rueda - M15 - Grupo II - Zona C Equipos B | Juveniles - Segunda Rueda - M15 - Grupo ll - Ganadores A Equipos B | Juveniles - Segunda rueda - M 15 - Grupo II - Zona C eq B | Menores de 15 - Grupo 2 - Zona A - Equipos B - Segunda Rueda | Menores de 15 - Grupo 2 - Zona B - Equipos B | Menores de 15 - Grupo 2 - Zona B - Equipos B - Primera Rueda | Menores de 15 - Grupo 2 - Zona C - Equipos B - Segunda Rueda | Menores de 15 - Primera Rueda - G2 NIVEL 1 B Eq B,2021 2022 2023 2024 2025 2026,10,,,,falta,ninguna
57,San Marcos,San Marcos,,M15,Juveniles - Primera rueda - M 15 - Formativa - Zona B | Juveniles - Segunda rueda - M 15 - Grupo I - Formativa B | Menores de 15 - Grupo 1 - Zona B - Segunda Rueda | Menores de 15 - Grupo 1 - Zona C | Menores de 15 - Grupo 1 - Zona C - Segunda Rueda,2021 2023 2025,5,,,,club_no_existe,ninguna
20,San Martin,San Martin A,A,M15,Juveniles - Primera rueda - M 15 - Nivel 1 - Grupo II - Zona B | Juveniles - Primera rueda - M15 - Grupo II - Zona A | Juveniles - Segunda Rueda - M15 - Grupo ll - Ganadores B | Juveniles - Segunda rueda - M 15 - Grupo II - Zona B | Menores de 15 - Grupo 2 - Zona A | Menores de 15 - Grupo 2 - Zona A - Primera Rueda | Menores de 15 - Grupo 2 - Zona A - Segunda Rueda | Menores de 15 - Grupo 2 - Zona B - Segunda Rueda | Menores de 15 - Grupo 2 - Zona D - Segunda Rueda | Menores de 15 - Primera Rueda - G2 NIVEL 1 B,2021 2022 2023 2024 2025 2026,10,,,,falta,ninguna
20,San Martin,San Martin B,B,M15,Juveniles - Primera rueda - M 15 - Nivel 1 - Grupo II - Zona B Eq B | Juveniles - Primera rueda - M15 - Grupo II - Zona A Equipos B | Juveniles - Segunda Rueda - M15 - Grupo ll - Ganadores B Equipos B | Juveniles - Segunda rueda - M 15 - Grupo II - Zona B eq B | Menores de 15 - Grupo 2 - Zona A - Equipos B | Menores de 15 - Grupo 2 - Zona A - Equipos B - Primera Rueda | Menores de 15 - Grupo 2 - Zona A - Equipos B - Segunda Rueda | Menores de 15 - Grupo 2 - Zona B - Equipos B - Segunda Rueda | Menores de 15 - Grupo 2 - Zona D - Equipos B - Segunda Rueda | Menores de 15 - Primera Rueda - G2 NIVEL 1 B Eq B,2021 2022 2023 2024 2025 2026,10,,,,falta,ninguna
56,San Miguel,San Miguel,,M15,Menores de 15 - Primera Rueda - G1 Formativa B,2026,1,,,,falta,ninguna
21,San Patricio,San Patricio,,M15,Juveniles - Primera rueda - M15 - Grupo I - Zona C | Juveniles - Segunda Rueda - M15 - Grupo l - Desarrollo | Menores de 15 - Grupo 1 - Zona A | Menores de 15 - Grupo 1 - Zona B - Primera Rueda | Menores de 15 - Grupo 1 - Zona B - Segunda Rueda | Menores de 15 - Primera Rueda - G1 B,2021 2022 2023 2024 2026,7,,,,falta,ninguna
21,San Patricio,San Patricio A,A,M15,Juveniles - Primera rueda - M 15 - Nivel 1 - Grupo II - Zona B | Juveniles - Segunda rueda - M 15 - Grupo II - Zona C,2025,2,,,,falta,ninguna
21,San Patricio,San Patricio B,B,M15,Juveniles - Primera rueda - M 15 - Nivel 1 - Grupo II - Zona B Eq B | Juveniles - Segunda rueda - M 15 - Grupo II - Zona C eq B,2025,2,,,,falta,ninguna
1,SIC,SIC A,A,M15,Juveniles - Primera rueda - M 15 - Nivel 1 - Grupo II - Zona A | Juveniles - Primera rueda - M15 - Grupo II - Zona C | Juveniles - Segunda Rueda - M15 - Grupo ll - Ganadores A | Juveniles - Segunda rueda - M 15 - Grupo II - Zona A | Menores de 15 - Grupo 2 - Zona A - Primera Rueda | Menores de 15 - Grupo 2 - Zona A - Segunda Rueda | Menores de 15 - Grupo 2 - Zona B - Segunda Rueda | Menores de 15 - Primera Rueda - G2 NIVEL 1 B,2021 2022 2023 2024 2025 2026,9,,,,falta,ninguna
1,SIC,SIC B,B,M15,Juveniles - Primera rueda - M 15 - Nivel 1 - Grupo II - Zona A Eq B | Juveniles - Primera rueda - M15 - Grupo II - Zona C Equipos B | Juveniles - Segunda Rueda - M15 - Grupo ll - Desarrollo | Juveniles - Segunda Rueda - M15 - Grupo ll - Ganadores A Equipos B | Juveniles - Segunda rueda - M 15 - Grupo II - Zona A eq B | Menores de 15 - Grupo 2 - Zona A - Equipos B - Primera Rueda | Menores de 15 - Grupo 2 - Zona A - Equipos B - Segunda Rueda | Menores de 15 - Grupo 2 - Zona B - Equipos B - Segunda Rueda | Menores de 15 - Grupo 2 - Zona C - Equipos B | Menores de 15 - Primera Rueda - G2 NIVEL 1 B Eq B,2021 2022 2023 2024 2025 2026,11,,,,falta,ninguna
1,SIC,SIC C,C,M15,Juveniles - Primera rueda - M 15 - Nivel 2 - Grupo II - Zona C | Juveniles - Primera rueda - M15 - Grupo I - Zona C | Juveniles - Segunda rueda - M 15 - Grupo II - Zona Desarrollo | Menores de 15 - Grupo 1 - Formativa A | Menores de 15 - Grupo 1 - Zona A | Menores de 15 - Grupo 1 - Zona A - Segunda Rueda | Menores de 15 - Grupo 1 - Zona C - Segunda Rueda | Menores de 15 - Primera Rueda - G1 Formativa A,2021 2022 2023 2024 2025 2026,8,,,,falta,ninguna
1,SIC,SIC D,D,M15,Juveniles - Primera rueda - M 15 - Nivel 2 - Grupo II - Zona C Eq B | Juveniles - Primera rueda - M15 - Formativa A | Juveniles - Segunda Rueda - M15 - Grupo ll - Desarrollo Equipos B | Juveniles - Segunda rueda - M 15 - Grupo II - Zona Desarrollo eq B | Menores de 15 - Grupo 1 - Formativa - Segunda Rueda | Menores de 15 - Grupo 1 - Formativa A | Menores de 15 - Grupo 1 - Formativa A - Segunda Rueda,2021 2022 2023 2024 2025,8,,,,falta,ninguna
43,SITAS,SITAS,,M15,Juveniles - Primera rueda - M 15 - Grupo I - Zona A | Juveniles - Segunda rueda - M 15 - Grupo I - Zona A | Menores de 15 - Grupo 1 - Zona B | Menores de 15 - Grupo 1 - Zona B - Segunda Rueda | Menores de 15 - Grupo 1 - Zona C - Primera Rueda,2022 2023 2025,5,,,,falta,ninguna
43,SITAS,SITAS A,A,M15,Juveniles - Primera rueda - M15 - Grupo II - Zona B | Juveniles - Segunda Rueda - M15 - Grupo ll - Ganadores A | Menores de 15 - Grupo 2 - Zona C - Segunda Rueda | Menores de 15 - Primera Rueda - G2 NIVEL 2 Desarrollo,2021 2024 2026,4,,,,falta,ninguna
43,SITAS,SITAS B,B,M15,Juveniles - Primera rueda - M15 - Grupo II - Zona B Equipos B | Juveniles - Segunda Rueda - M15 - Grupo ll - Ganadores A Equipos B | Menores de 15 - Grupo 2 - Zona C - Equipos B - Segunda Rueda | Menores de 15 - Primera Rueda - G2 NIVEL 2 Desarrollo Eq B,2021 2024 2026,4,,,,falta,ninguna
72,Tigre,Tigre,,M15,Juveniles - Primera rueda - M 15 - Grupo I - Zona A | Juveniles - Primera rueda - M15 - Grupo I - Zona B | Juveniles - Segunda Rueda - M15 - Grupo l - Ganadores | Juveniles - Segunda rueda - M 15 - Grupo I - Zona B | Menores de 15 - Grupo 1 - Formativa B | Menores de 15 - Grupo 1 - Formativa C - Segunda Rueda | Menores de 15 - Grupo 1 - Zona B - Primera Rueda | Menores de 15 - Grupo 1 - Zona C - Segunda Rueda | Menores de 15 - Primera Rueda - G1 A,2022 2023 2024 2025 2026,9,,,,club_no_existe,ninguna
62,Tiro Federal de San Pedro,Tiro Federal de San Pedro,,M15,Juveniles - Primera rueda - M15 - Formativa B | Juveniles - Segunda Rueda - M15 - Grupo l - Desarrollo | Juveniles - Segunda rueda - M 15 - Grupo I - Zona B | Menores de 15 - Grupo 1 - Formativa A | Menores de 15 - Grupo 1 - Formativa B | Menores de 15 - Grupo 1 - Zona B - Segunda Rueda | Menores de 15 - Grupo 1 - Zona C - Segunda Rueda | Menores de 15 - Primera Rueda - G1 A,2021 2022 2023 2024 2025 2026,9,,,,club_no_existe,ninguna
29,Universitario de la Plata,Universitario de La Plata,,M15,Juveniles - Primera rueda - M15 - Grupo I - Zona A | Juveniles - Segunda Rueda - M15 - Grupo l - Ganadores | Menores de 15 - Grupo 1 - Zona A - Primera Rueda | Menores de 15 - Grupo 1 - Zona A - Segunda Rueda | Menores de 15 - Grupo 1 - Zona C,2021 2022 2023 2024,6,,,,falta,ninguna
29,Universitario de la Plata,Univ. De la Plata A,A,M15,Juveniles - Primera rueda - M 15 - Nivel 2 - Grupo II - Zona C | Juveniles - Segunda rueda - M 15 - Grupo II - Zona C | Menores de 15 - Primera Rueda - G2 NIVEL 1 A,2025 2026,3,,,,falta,ninguna
29,Universitario de la Plata,Univ. De la Plata B,B,M15,Juveniles - Primera rueda - M 15 - Nivel 2 - Grupo II - Zona C Eq B | Juveniles - Segunda rueda - M 15 - Grupo II - Zona C eq B | Menores de 15 - Primera Rueda - G2 NIVEL 1 A Eq B,2025 2026,3,,,,falta,ninguna
68,Varela Jr.,Varela Jr.,,M15,Juveniles - Primera rueda - M 15 - Grupo I - Zona B | Juveniles - Primera rueda - M15 - Grupo I - Zona A | Juveniles - Segunda Rueda - M15 - Grupo l - Ganadores | Juveniles - Segunda rueda - M 15 - Grupo I - Zona B | Menores de 15 - Grupo 1 - Formativa C - Segunda Rueda | Menores de 15 - Grupo 1 - Zona A - Primera Rueda | Menores de 15 - Grupo 1 - Zona A - Segunda Rueda | Menores de 15 - Grupo 1 - Zona B - Segunda Rueda | Menores de 15 - Grupo 1 - Zona C,2021 2022 2023 2024 2025,9,,,,club_no_existe,ninguna
77,Vicente Lopez,Vicente Lopez,,M15,Juveniles - Primera rueda - M 15 - Formativa - Zona B | Juveniles - Primera rueda - M15 - Formativa B | Juveniles - Segunda Rueda - M15 - Formativa B,2024 2025,3,,,,club_no_existe,ninguna
45,Vicentinos,Vicentinos,,M15,Juveniles - Primera rueda - M 15 - Grupo I - Zona A | Juveniles - Primera rueda - M15 - Grupo I - Zona B | Juveniles - Segunda rueda - M 15 - Grupo I - Zona A | Menores de 15 - Grupo 1 - Formativa A | Menores de 15 - Grupo 1 - Zona A | Menores de 15 - Grupo 1 - Zona C - Segunda Rueda | Menores de 15 - Primera Rueda - G1 B,2021 2022 2023 2024 2025 2026,8,,,,falta,ninguna
45,Vicentinos,Vicentinos A,A,M15,Juveniles - Segunda Rueda - M15 - Grupo ll - Desarrollo | Menores de 15 - Grupo 2 - Zona C - Segunda Rueda,2023 2024,2,,,,falta,ninguna
45,Vicentinos,Vicentinos B,B,M15,Juveniles - Segunda Rueda - M15 - Grupo ll - Desarrollo Equipos B | Menores de 15 - Grupo 2 - Zona C - Equipos B - Segunda Rueda,2023 2024,2,,,,falta,ninguna
55,Virreyes,Virreyes,,M15,Menores de 15 - Primera Rueda - G1 B,2026,1,,,,falta,ninguna
55,Virreyes,Virreyes A,A,M15,Juveniles - Primera rueda - M 15 - Nivel 2 - Grupo II - Zona C | Juveniles - Primera rueda - M15 - Grupo II - Zona A | Juveniles - Segunda Rueda - M15 - Grupo ll - Desarrollo | Juveniles - Segunda rueda - M 15 - Grupo II - Zona Desarrollo | Menores de 15 - Grupo 2 - Zona A | Menores de 15 - Grupo 2 - Zona B - Primera Rueda | Menores de 15 - Grupo 2 - Zona C - Segunda Rueda | Menores de 15 - Grupo 2 - Zona D - Segunda Rueda,2021 2022 2023 2024 2025,9,,,,falta,ninguna
55,Virreyes,Virreyes B,B,M15,Juveniles - Primera rueda - M 15 - Nivel 2 - Grupo II - Zona C Eq B | Juveniles - Primera rueda - M15 - Grupo II - Zona A Equipos B | Juveniles - Segunda Rueda - M15 - Grupo ll - Desarrollo Equipos B | Juveniles - Segunda rueda - M 15 - Grupo II - Zona Desarrollo eq B | Menores de 15 - Grupo 2 - Zona A - Equipos B | Menores de 15 - Grupo 2 - Zona B - Equipos B - Primera Rueda | Menores de 15 - Grupo 2 - Zona C - Equipos B - Segunda Rueda | Menores de 15 - Grupo 2 - Zona D - Equipos B - Segunda Rueda,2021 2022 2023 2024 2025,9,,,,falta,ninguna
61,Albatros,Albatros,,M16,Juveniles - Primera rueda - M 16 - Grupo I - Zona A | Juveniles - Primera rueda - M16 - Grupo I - Zona B | Juveniles - Segunda Rueda - M16 - Grupo l - Desarrollo | Juveniles - Segunda rueda - M 16 - Grupo I - Ganadores | Menores de 16 - Grupo 1 - Desarrollo - Segunda Rueda | Menores de 16 - Grupo 1 - Zona A | Menores de 16 - Grupo 1 - Zona B - Segunda Rueda | Menores de 16 - Grupo 1 - Zona D - Primera Rueda | Menores de 16 - Primera Rueda - G1 A,2021 2023 2024 2025 2026,9,,,,club_no_existe,ninguna
74,Almafuerte,Almafuerte,,M16,Menores de 16 - Primera Rueda - G1 B,2026,1,,,,club_no_existe,ninguna
12,Alumni,Alumni A,A,M16,Juveniles - Primera rueda - M 16 - Nivel 1 - Grupo II - Zona B | Juveniles - Primera rueda - M16 - Grupo II - Nivel 1 - Zona B | Juveniles - Segunda Rueda - M16 - Grupo ll - Nivel 1 - Intermedia | Juveniles - Segunda rueda - M 16 - Nivel 1 - Grupo II - Ganadores | Menores de 16 - Grupo 2 - Ganadores - Segunda Rueda | Menores de 16 - Grupo 2 - Nivel 1 - Intermedia - Segunda Rueda | Menores de 16 - Grupo 2 - Zona A - Equipos A | Menores de 16 - Grupo 2 - Zona B | Menores de 16 - Grupo 2 - Zona B - Primera Rueda | Menores de 16 - Grupo 2 - Zona B - Segunda Rueda | Menores de 16 - Primera Rueda - G2 NIVEL 1 B,2021 2022 2023 2024 2025 2026,11,,,,falta,ninguna
12,Alumni,Alumni B,B,M16,Juveniles - Primera rueda - M 16 - Nivel 1 - Grupo II - Zona B Eq B | Juveniles - Primera rueda - M16 - Grupo II - Nivel 1 - Zona B Equipos B | Juveniles - Segunda Rueda - M16 - Grupo ll - Nivel 1 - Intermedia Equipos B | Juveniles - Segunda rueda - M 16 - Nivel 1 - Grupo II - Ganadores eq B | Menores de 16 - Grupo 2 - Ganadores - Equipos B - Segunda Rueda | Menores de 16 - Grupo 2 - Zona A - Equipos B | Menores de 16 - Grupo 2 - Zona B - Equipos B | Menores de 16 - Grupo 2 - Zona B - Equipos B - Primera Rueda | Menores de 16 - Grupo 2 - Zona B - Equipos B - Segunda Rueda | Menores de 16 - Primera Rueda - G2 NIVEL 1 B Eq B,2021 2022 2023 2024 2025 2026,10,,,,falta,ninguna
12,Alumni,Alumni C,C,M16,Juveniles - Primera rueda - M 16 - Formativa - Zona A | Juveniles - Primera rueda - M16 - Formativa A | Juveniles - Segunda Rueda - M16 - Formativa A | Juveniles - Segunda rueda - M 16 - Grupo I - Formativa A | Menores de 16 - Grupo 1 - Formativa A - Segunda Rueda | Menores de 16 - Primera Rueda - G2 NIVEL 2 Desarrollo,2021 2024 2025 2026,6,,,,falta,ninguna
12,Alumni,Alumni D,D,M16,Menores de 16 - Primera Rueda - G2 NIVEL 2 Desarrollo Eq B,2026,1,,,,falta,ninguna
46,Areco,Areco,,M16,Juveniles - Primera rueda - M 16 - Grupo I - Zona B | Juveniles - Primera rueda - M16 - Grupo I - Zona B | Juveniles - Segunda Rueda - M16 - Grupo l - Ganadores | Juveniles - Segunda rueda - M 16 - Grupo I - Ganadores | Menores de 16 - Grupo 1 - Desarrollo - Segunda Rueda | Menores de 16 - Grupo 1 - Formativa - Primera Rueda | Menores de 16 - Grupo 1 - Formativa - Segunda Rueda | Menores de 16 - Grupo 1 - Formativa B | Menores de 16 - Grupo 1 - Zona A - Segunda Rueda | Menores de 16 - Grupo 1 - Zona C - Primera Rueda | Menores de 16 - Primera Rueda - G1 A,2021 2022 2023 2024 2025 2026,11,,,,falta,ninguna
53,Argentino,Argentino,,M16,Juveniles - Primera rueda - M 16 - Grupo I - Zona A | Juveniles - Segunda rueda - M 16 - Grupo I - Ganadores | Menores de 16 - Grupo 1 - Desarrollo - Segunda Rueda | Menores de 16 - Grupo 1 - Zona A | Menores de 16 - Grupo 1 - Zona B | Menores de 16 - Grupo 1 - Zona B - Segunda Rueda | Menores de 16 - Grupo 1 - Zona D - Primera Rueda,2021 2022 2023 2025,7,,,,falta,ninguna
53,Argentino,Argentino A,A,M16,Juveniles - Primera rueda - M16 - Grupo II - Nivel 2 - Zona C | Juveniles - Segunda Rueda - M16 - Grupo ll - Nivel 2 - Ganadores | Menores de 16 - Primera Rueda - G2 NIVEL 2 Desarrollo,2024 2026,3,,,,falta,ninguna
53,Argentino,Argentino B,B,M16,Juveniles - Primera rueda - M16 - Grupo II - Nivel 2 - Zona C Equipos B | Juveniles - Segunda Rueda - M16 - Grupo ll - Nivel 2 - Ganadores Equipos B | Menores de 16 - Grupo 2 - Nivel 2 - Ganadores - Equipos B - Segunda Rueda | Menores de 16 - Primera Rueda - G2 NIVEL 2 Desarrollo Eq B,2023 2024 2026,4,,,,falta,ninguna
67,Arsenal Zarate,Arsenal Zarate,,M16,Juveniles - Primera rueda - M16 - Formativa B | Juveniles - Segunda Rueda - M16 - Formativa B | Menores de 16 - Grupo 1 - Formativa - Primera Rueda | Menores de 16 - Grupo 1 - Formativa - Segunda Rueda | Menores de 16 - Grupo 1 - Zona D - Segunda Rueda | Menores de 16 - Primera Rueda - G1 B,2021 2022 2024 2026,6,,,,club_no_existe,ninguna
60,Atletico Chascomus,Atletico Chascomus,,M16,Menores de 16 - Grupo 1 - Desarrollo - Segunda Rueda | Menores de 16 - Grupo 1 - Zona A - Segunda Rueda | Menores de 16 - Grupo 1 - Zona B | Menores de 16 - Grupo 1 - Zona E | Menores de 16 - Primera Rueda - G1 A,2021 2022 2026,5,,,,club_no_existe,ninguna
75,Atletico San Andres,Atletico San Andres,,M16,Menores de 16 - Grupo 1 - Formativa A - Segunda Rueda,2021,1,,,,falta,ninguna
63,Atletico y Progreso,Atletico y Progreso,,M16,Menores de 16 - Primera Rueda - G1 A,2026,1,,,,club_no_existe,ninguna
80,Banco Hipotecario,Banco Hipotecario,,M16,Menores de 16 - Grupo 1 - Formativa A - Segunda Rueda | Menores de 16 - Primera Rueda - G1 Formativa B,2021 2026,2,,,,club_no_existe,ninguna
40,Banco Nacion,Banco Nacion,,M16,Juveniles - Primera rueda - M 16 - Grupo I - Zona A | Juveniles - Primera rueda - M16 - Grupo I - Zona A | Juveniles - Segunda Rueda - M16 - Grupo l - Desarrollo | Juveniles - Segunda rueda - M 16 - Grupo I - Ganadores | Menores de 16 - Grupo 1 - Ganadores - Segunda Rueda | Menores de 16 - Grupo 1 - Zona A | Menores de 16 - Grupo 1 - Zona B - Segunda Rueda | Menores de 16 - Grupo 1 - Zona C - Primera Rueda | Menores de 16 - Primera Rueda - G1 A,2021 2022 2023 2024 2025 2026,11,,,,falta,ninguna
7,Belgrano Athletic,Belgrano Athletic A,A,M16,Juveniles - Primera rueda - M 16 - Nivel 1 - Grupo II - Zona B | Juveniles - Primera rueda - M16 - Grupo II - Nivel 1 - Zona B | Juveniles - Segunda Rueda - M16 - Grupo ll - Nivel 1 - Ganadores | Juveniles - Segunda rueda - M 16 - Nivel 1 - Grupo II - Ganadores | Menores de 16 - Grupo 2 - Ganadores - Segunda Rueda | Menores de 16 - Grupo 2 - Nivel 1 - Ganadores - Segunda Rueda | Menores de 16 - Grupo 2 - Zona A - Equipos A | Menores de 16 - Grupo 2 - Zona B | Menores de 16 - Grupo 2 - Zona B - Primera Rueda | Menores de 16 - Grupo 2 - Zona C - Segunda Rueda | Menores de 16 - Primera Rueda - G2 NIVEL 1 B,2021 2022 2023 2024 2025 2026,11,,,,falta,ninguna
7,Belgrano Athletic,Belgrano Athletic B,B,M16,Juveniles - Primera rueda - M 16 - Nivel 1 - Grupo II - Zona B Eq B | Juveniles - Primera rueda - M16 - Grupo II - Nivel 1 - Zona B Equipos B | Juveniles - Segunda Rueda - M16 - Grupo ll - Nivel 1 - Ganadores Equipos B | Juveniles - Segunda rueda - M 16 - Nivel 1 - Grupo II - Ganadores eq B | Menores de 16 - Grupo 2 - Ganadores - Equipos B - Segunda Rueda | Menores de 16 - Grupo 2 - Nivel 1 - Ganadores - Equipos B - Segunda Rueda | Menores de 16 - Grupo 2 - Zona A - Equipos B | Menores de 16 - Grupo 2 - Zona B - Equipos B | Menores de 16 - Grupo 2 - Zona B - Equipos B - Primera Rueda | Menores de 16 - Grupo 2 - Zona C - Equipos B - Segunda Rueda | Menores de 16 - Primera Rueda - G2 NIVEL 1 B Eq B,2021 2022 2023 2024 2025 2026,11,,,,falta,ninguna
7,Belgrano Athletic,Belgrano Athletic C,C,M16,Juveniles - Primera rueda - M 16 - Formativa - Zona A | Juveniles - Primera rueda - M16 - Formativa A | Juveniles - Segunda Rueda - M16 - Formativa A | Juveniles - Segunda rueda - M 16 - Grupo I - Formativa A | Menores de 16 - Grupo 1 - Formativa - Primera Rueda | Menores de 16 - Grupo 1 - Formativa - Segunda Rueda | Menores de 16 - Grupo 1 - Formativa A | Menores de 16 - Grupo 1 - Formativa A - Segunda Rueda | Menores de 16 - Primera Rueda - G2 NIVEL 2 Desarrollo,2022 2023 2024 2025 2026,9,,,,falta,ninguna
7,Belgrano Athletic,Belgrano Athl. D,D,M16,Menores de 16 - Primera Rueda - G2 NIVEL 2 Desarrollo Eq B,2026,1,,,,falta,ninguna
89,Berisso,Berisso,,M16,Juveniles - Primera rueda - M 16 - Formativa - Zona B | Juveniles - Segunda rueda - M 16 - Grupo I - Formativa B,2025,2,,,,club_no_existe,ninguna
71,Beromama,Beromama,,M16,Juveniles - Primera rueda - M16 - Grupo I - Zona A | Juveniles - Segunda Rueda - M16 - Grupo l - Ganadores | Menores de 16 - Grupo 1 - Desarrollo - Segunda Rueda | Menores de 16 - Grupo 1 - Formativa A - Segunda Rueda | Menores de 16 - Grupo 1 - Zona B | Menores de 16 - Primera Rueda - G1 A,2021 2023 2024 2026,6,,,,club_no_existe,ninguna
8,Buenos Aires CRC,Buenos Aires A,A,M16,Juveniles - Primera rueda - M 16 - Nivel 1 - Grupo II - Zona B | Juveniles - Primera rueda - M16 - Grupo II - Nivel 1 - Zona B | Juveniles - Segunda Rueda - M16 - Grupo ll - Nivel 1 - Intermedia | Juveniles - Segunda rueda - M 16 - Nivel 1 - Grupo II - Ganadores | Menores de 16 - Grupo 2 - Intermedia - Segunda Rueda | Menores de 16 - Grupo 2 - Nivel 1 - Ganadores - Segunda Rueda | Menores de 16 - Grupo 2 - Zona B | Menores de 16 - Grupo 2 - Zona B - Primera Rueda | Menores de 16 - Grupo 2 - Zona B - Segunda Rueda | Menores de 16 - Grupo 2 - Zona C - Equipos A | Menores de 16 - Primera Rueda - G2 NIVEL 1 A,2021 2022 2023 2024 2025 2026,11,,,,falta,ninguna
8,Buenos Aires CRC,Buenos Aires B,B,M16,Juveniles - Primera rueda - M 16 - Nivel 1 - Grupo II - Zona B Eq B | Juveniles - Primera rueda - M16 - Grupo II - Nivel 1 - Zona B Equipos B | Juveniles - Segunda Rueda - M16 - Grupo ll - Nivel 1 - Intermedia Equipos B | Juveniles - Segunda rueda - M 16 - Nivel 1 - Grupo II - Ganadores eq B | Menores de 16 - Grupo 2 - Intermedia - Equipos B - Segunda Rueda | Menores de 16 - Grupo 2 - Nivel 1 - Ganadores - Equipos B - Segunda Rueda | Menores de 16 - Grupo 2 - Zona B - Equipos B | Menores de 16 - Grupo 2 - Zona B - Equipos B - Primera Rueda | Menores de 16 - Grupo 2 - Zona B - Equipos B - Segunda Rueda | Menores de 16 - Grupo 2 - Zona C - Equipos B | Menores de 16 - Primera Rueda - G2 NIVEL 1 A Eq B,2021 2022 2023 2024 2025 2026,11,,,,falta,ninguna
8,Buenos Aires CRC,Buenos Aires C,C,M16,Juveniles - Primera rueda - M 16 - Formativa - Zona A | Juveniles - Primera rueda - M16 - Formativa A | Juveniles - Segunda Rueda - M16 - Formativa A | Juveniles - Segunda rueda - M 16 - Grupo I - Formativa A | Menores de 16 - Grupo 1 - Formativa - Primera Rueda | Menores de 16 - Grupo 1 - Formativa - Segunda Rueda | Menores de 16 - Grupo 1 - Formativa A,2022 2023 2024 2025,7,,,,falta,ninguna
8,Buenos Aires CRC,Buenos Aires D,D,M16,Juveniles - Primera rueda - M 16 - Formativa - Zona A | Juveniles - Segunda rueda - M 16 - Grupo I - Formativa A,2025,2,,,,falta,ninguna
27,C.U. de Quilmes,C.U. de Quilmes,,M16,Menores de 16 - Grupo 1 - Desarrollo - Segunda Rueda | Menores de 16 - Grupo 1 - Zona B,2023,2,,,,falta,ninguna
27,C.U. de Quilmes,C.U. de Quilmes A,A,M16,Juveniles - Primera rueda - M 16 - Nivel 2 - Grupo II - Zona C | Juveniles - Primera rueda - M16 - Grupo II - Nivel 2 - Zona C | Juveniles - Segunda Rueda - M16 - Grupo ll - Nivel 2 - Ganadores | Juveniles - Segunda rueda - M 16 - Nivel 2 - Grupo II - Desarrollo | Menores de 16 - Grupo 2 - Desarrollo - Segunda Rueda | Menores de 16 - Grupo 2 - Zona C - Equipos A | Menores de 16 - Grupo 2 - Zona C - Segunda Rueda | Menores de 16 - Grupo 2 - Zona D - Primera Rueda | Menores de 16 - Primera Rueda - G2 NIVEL 2 C,2021 2022 2024 2025 2026,9,,,,falta,ninguna
27,C.U. de Quilmes,C.U. de Quilmes B,B,M16,Juveniles - Primera rueda - M 16 - Nivel 2 - Grupo II - Zona C Eq B | Juveniles - Primera rueda - M16 - Grupo II - Nivel 2 - Zona C Equipos B | Juveniles - Segunda Rueda - M16 - Grupo ll - Nivel 2 - Ganadores Equipos B | Juveniles - Segunda rueda - M 16 - Nivel 2 - Grupo II - Desarrollo eq B | Menores de 16 - Grupo 2 - Desarrollo - Equipos B - Segunda Rueda | Menores de 16 - Grupo 2 - Zona C - Equipos B | Menores de 16 - Grupo 2 - Zona C - Equipos B - Segunda Rueda | Menores de 16 - Grupo 2 - Zona D - Equipos B - Primera Rueda | Menores de 16 - Primera Rueda - G2 NIVEL 2 C Eq B,2021 2022 2024 2025 2026,9,,,,falta,ninguna
49,CASA de Padua,CASA de Padua,,M16,Menores de 16 - Grupo 1 - Ganadores - Segunda Rueda | Menores de 16 - Grupo 1 - Zona B,2022 2023,4,,,,falta,ninguna
49,CASA de Padua,CASA de Padua A,A,M16,Juveniles - Primera rueda - M 16 - Nivel 2 - Grupo II - Zona C | Juveniles - Primera rueda - M16 - Grupo II - Nivel 2 - Zona C | Juveniles - Segunda Rueda - M16 - Grupo ll - Nivel 2 - Ganadores | Juveniles - Segunda rueda - M 16 - Nivel 1 - Grupo II - Intermedia | Menores de 16 - Grupo 2 - Zona D - Segunda Rueda | Menores de 16 - Primera Rueda - G2 NIVEL 2 Desarrollo,2021 2024 2025 2026,6,,,,falta,ninguna
49,CASA de Padua,CASA de Padua B,B,M16,Juveniles - Primera rueda - M 16 - Nivel 2 - Grupo II - Zona C Eq B | Juveniles - Primera rueda - M16 - Grupo II - Nivel 2 - Zona C Equipos B | Juveniles - Segunda Rueda - M16 - Grupo ll - Nivel 2 - Ganadores Equipos B | Juveniles - Segunda rueda - M 16 - Nivel 1 - Grupo II - Intermedia eq B | Menores de 16 - Grupo 2 - Zona D - Equipos B - Segunda Rueda | Menores de 16 - Primera Rueda - G2 NIVEL 2 Desarrollo Eq B,2021 2024 2025 2026,6,,,,falta,ninguna
3,CASI,CASI A,A,M16,Juveniles - Primera rueda - M 16 - Nivel 1 - Grupo II - Zona B | Juveniles - Primera rueda - M16 - Grupo II - Nivel 1 - Zona B | Juveniles - Segunda Rueda - M16 - Grupo ll - Nivel 1 - Ganadores | Juveniles - Segunda rueda - M 16 - Nivel 1 - Grupo II - Ganadores | Menores de 16 - Grupo 2 - Intermedia - Segunda Rueda | Menores de 16 - Grupo 2 - Nivel 1 - Ganadores - Segunda Rueda | Menores de 16 - Grupo 2 - Zona A - Equipos A | Menores de 16 - Grupo 2 - Zona B | Menores de 16 - Grupo 2 - Zona B - Segunda Rueda | Menores de 16 - Grupo 2 - Zona C - Primera Rueda | Menores de 16 - Primera Rueda - G2 NIVEL 1 A,2021 2022 2023 2024 2025 2026,11,,,,falta,ninguna
3,CASI,CASI B,B,M16,Juveniles - Primera rueda - M 16 - Nivel 1 - Grupo II - Zona B Eq B | Juveniles - Primera rueda - M16 - Grupo II - Nivel 1 - Zona B Equipos B | Juveniles - Segunda Rueda - M16 - Grupo ll - Nivel 1 - Ganadores Equipos B | Juveniles - Segunda rueda - M 16 - Nivel 1 - Grupo II - Ganadores eq B | Menores de 16 - Grupo 2 - Intermedia - Equipos B - Segunda Rueda | Menores de 16 - Grupo 2 - Nivel 1 - Ganadores - Equipos B - Segunda Rueda | Menores de 16 - Grupo 2 - Zona A - Equipos B | Menores de 16 - Grupo 2 - Zona B - Equipos B | Menores de 16 - Grupo 2 - Zona B - Equipos B - Segunda Rueda | Menores de 16 - Grupo 2 - Zona C - Equipos B - Primera Rueda | Menores de 16 - Primera Rueda - G2 NIVEL 1 A Eq B,2021 2022 2023 2024 2025 2026,11,,,,falta,ninguna
3,CASI,CASI C,C,M16,Juveniles - Primera rueda - M 16 - Formativa - Zona A | Juveniles - Primera rueda - M16 - Formativa A | Juveniles - Segunda Rueda - M16 - Formativa A | Juveniles - Segunda rueda - M 16 - Grupo I - Formativa A | Menores de 16 - Grupo 1 - Formativa A | Menores de 16 - Grupo 1 - Formativa A - Segunda Rueda | Menores de 16 - Primera Rueda - G2 NIVEL 2 Desarrollo,2023 2024 2025 2026,7,,,,falta,ninguna
3,CASI,CASI D,D,M16,Menores de 16 - Primera Rueda - G2 NIVEL 2 Desarrollo Eq B,2026,1,,,,falta,ninguna
42,Centro Naval,Centro Naval,,M16,Juveniles - Primera rueda - M 16 - Formativa - Zona B | Juveniles - Segunda rueda - M 16 - Grupo I - Desarrollo | Menores de 16 - Grupo 1 - Ganadores - Segunda Rueda | Menores de 16 - Grupo 1 - Zona A | Menores de 16 - Primera Rueda - G1 Formativa B,2022 2025 2026,5,,,,falta,ninguna
42,Centro Naval,Centro Naval A,A,M16,Juveniles - Primera rueda - M16 - Grupo I - Zona A | Juveniles - Segunda Rueda - M16 - Grupo ll - Nivel 2 - Ganadores | Menores de 16 - Grupo 2 - Zona D - Segunda Rueda,2021 2024,3,,,,falta,ninguna
42,Centro Naval,Centro Naval B,B,M16,Juveniles - Primera rueda - M16 - Formativa A | Juveniles - Segunda Rueda - M16 - Grupo ll - Nivel 2 - Ganadores Equipos B | Menores de 16 - Grupo 2 - Zona D - Equipos B - Segunda Rueda,2021 2024,3,,,,falta,ninguna
11,Champagnat,Champagnat A,A,M16,Juveniles - Primera rueda - M 16 - Nivel 1 - Grupo II - Zona A | Juveniles - Primera rueda - M16 - Grupo II - Nivel 1 - Zona A | Juveniles - Segunda Rueda - M16 - Grupo ll - Nivel 1 - Intermedia | Juveniles - Segunda rueda - M 16 - Nivel 1 - Grupo II - Ganadores | Menores de 16 - Grupo 2 - Ganadores - Segunda Rueda | Menores de 16 - Grupo 2 - Nivel 1 - Ganadores - Segunda Rueda | Menores de 16 - Grupo 2 - Zona A - Equipos A | Menores de 16 - Grupo 2 - Zona A - Segunda Rueda | Menores de 16 - Grupo 2 - Zona B | Menores de 16 - Grupo 2 - Zona B - Primera Rueda | Menores de 16 - Primera Rueda - G2 NIVEL 1 B,2021 2022 2023 2024 2025 2026,11,,,,falta,ninguna
11,Champagnat,Champagnat B,B,M16,Juveniles - Primera rueda - M 16 - Nivel 1 - Grupo II - Zona A Eq B | Juveniles - Primera rueda - M16 - Grupo II - Nivel 1 - Zona A Equipos B | Juveniles - Segunda Rueda - M16 - Grupo ll - Nivel 1 - Intermedia Equipos B | Juveniles - Segunda rueda - M 16 - Nivel 1 - Grupo II - Ganadores eq B | Menores de 16 - Grupo 2 - Ganadores - Equipos B - Segunda Rueda | Menores de 16 - Grupo 2 - Nivel 1 - Ganadores - Equipos B - Segunda Rueda | Menores de 16 - Grupo 2 - Zona A - Equipos B | Menores de 16 - Grupo 2 - Zona A - Equipos B - Segunda Rueda | Menores de 16 - Grupo 2 - Zona B - Equipos B | Menores de 16 - Grupo 2 - Zona B - Equipos B - Primera Rueda | Menores de 16 - Primera Rueda - G2 NIVEL 1 B Eq B,2021 2022 2023 2024 2025 2026,11,,,,falta,ninguna
11,Champagnat,Champagnat C,C,M16,Juveniles - Primera rueda - M 16 - Formativa - Zona A | Juveniles - Primera rueda - M16 - Formativa A | Juveniles - Segunda Rueda - M16 - Formativa A | Juveniles - Segunda rueda - M 16 - Grupo I - Formativa A | Menores de 16 - Grupo 1 - Formativa - Primera Rueda | Menores de 16 - Grupo 1 - Formativa - Segunda Rueda | Menores de 16 - Grupo 1 - Formativa A | Menores de 16 - Grupo 1 - Formativa A - Segunda Rueda | Menores de 16 - Primera Rueda - G2 NIVEL 2 Desarrollo,2022 2023 2024 2025 2026,9,,,,falta,ninguna
11,Champagnat,Champagnat D,D,M16,Menores de 16 - Primera Rueda - G2 NIVEL 2 Desarrollo Eq B,2026,1,,,,falta,ninguna
54,Ciudad de Bs.As.,Ciudad de Bs.As.,,M16,Juveniles - Primera rueda - M 16 - Grupo I - Zona B | Juveniles - Primera rueda - M16 - Grupo I - Zona B | Juveniles - Segunda Rueda - M16 - Grupo l - Desarrollo | Juveniles - Segunda rueda - M 16 - Grupo I - Desarrollo | Menores de 16 - Grupo 1 - Zona A | Menores de 16 - Grupo 1 - Zona C - Segunda Rueda | Menores de 16 - Primera Rueda - G1 B,2021 2022 2024 2025 2026,7,,,,falta,ninguna
54,Ciudad de Bs.As.,Ciudad de Bs.As. A,A,M16,Menores de 16 - Grupo 2 - Desarrollo - Segunda Rueda | Menores de 16 - Grupo 2 - Zona C,2022 2023,2,,,,falta,ninguna
54,Ciudad de Bs.As.,Ciudad de Bs.As. B,B,M16,Menores de 16 - Grupo 2 - Desarrollo - Equipos B - Segunda Rueda | Menores de 16 - Grupo 2 - Nivel 2 - Ganadores - Equipos B - Segunda Rueda,2022 2023,2,,,,falta,ninguna
76,Ciudad de Campana,Ciudad De Campana,,M16,Juveniles - Primera rueda - M 16 - Formativa - Zona B | Menores de 16 - Grupo 1 - Desarrollo - Segunda Rueda | Menores de 16 - Grupo 1 - Zona A,2023 2025,3,,,,club_no_existe,ninguna
2,CUBA,CUBA A,A,M16,Juveniles - Primera rueda - M 16 - Nivel 1 - Grupo II - Zona A | Juveniles - Primera rueda - M16 - Grupo II - Nivel 1 - Zona A | Juveniles - Segunda Rueda - M16 - Grupo ll - Nivel 1 - Intermedia | Juveniles - Segunda rueda - M 16 - Nivel 1 - Grupo II - Ganadores | Menores de 16 - Grupo 2 - Intermedia - Segunda Rueda | Menores de 16 - Grupo 2 - Nivel 1 - Ganadores - Segunda Rueda | Menores de 16 - Grupo 2 - Zona A - Primera Rueda | Menores de 16 - Grupo 2 - Zona A - Segunda Rueda | Menores de 16 - Grupo 2 - Zona B | Menores de 16 - Grupo 2 - Zona B - Equipos A | Menores de 16 - Primera Rueda - G2 NIVEL 1 B,2021 2022 2023 2024 2025 2026,11,,,,falta,ninguna
2,CUBA,CUBA B,B,M16,Juveniles - Primera rueda - M 16 - Nivel 1 - Grupo II - Zona A Eq B | Juveniles - Primera rueda - M16 - Grupo II - Nivel 1 - Zona A Equipos B | Juveniles - Segunda Rueda - M16 - Grupo ll - Nivel 1 - Intermedia Equipos B | Juveniles - Segunda rueda - M 16 - Nivel 1 - Grupo II - Ganadores eq B | Menores de 16 - Grupo 2 - Intermedia - Equipos B - Segunda Rueda | Menores de 16 - Grupo 2 - Nivel 1 - Ganadores - Equipos B - Segunda Rueda | Menores de 16 - Grupo 2 - Zona A - Equipos B - Primera Rueda | Menores de 16 - Grupo 2 - Zona A - Equipos B - Segunda Rueda | Menores de 16 - Grupo 2 - Zona B - Equipos B | Menores de 16 - Primera Rueda - G2 NIVEL 1 B Eq B,2021 2022 2023 2024 2025 2026,11,,,,falta,ninguna
2,CUBA,CUBA C,C,M16,Juveniles - Primera rueda - M 16 - Nivel 2 - Grupo II - Zona C | Juveniles - Primera rueda - M16 - Grupo I - Zona A | Juveniles - Segunda Rueda - M16 - Grupo l - Ganadores | Juveniles - Segunda rueda - M 16 - Grupo I - Formativa A | Menores de 16 - Grupo 1 - Formativa - Primera Rueda | Menores de 16 - Grupo 1 - Formativa - Segunda Rueda | Menores de 16 - Grupo 1 - Formativa A | Menores de 16 - Grupo 1 - Formativa A - Segunda Rueda | Menores de 16 - Primera Rueda - G2 NIVEL 2 Desarrollo,2021 2022 2023 2024 2025 2026,10,,,,falta,ninguna
2,CUBA,CUBA D,D,M16,Juveniles - Primera rueda - M 16 - Nivel 2 - Grupo II - Zona C Eq B | Juveniles - Primera rueda - M16 - Formativa A | Juveniles - Segunda Rueda - M16 - Formativa A | Juveniles - Segunda rueda - M 16 - Grupo I - Formativa A | Menores de 16 - Primera Rueda - G2 NIVEL 2 Desarrollo Eq B,2024 2025 2026,5,,,,falta,ninguna
24,Curupayti,Curupayti,,M16,Menores de 16 - Grupo 1 - Ganadores - Segunda Rueda | Menores de 16 - Grupo 1 - Zona A,2022 2023,3,,,,falta,ninguna
24,Curupayti,Curupayti A,A,M16,Juveniles - Primera rueda - M 16 - Nivel 1 - Grupo II - Zona A | Juveniles - Primera rueda - M16 - Grupo II - Nivel 1 - Zona B | Juveniles - Segunda Rueda - M16 - Grupo ll - Nivel 1 - Intermedia | Juveniles - Segunda rueda - M 16 - Nivel 2 - Grupo II - Desarrollo | Menores de 16 - Grupo 2 - Zona A - Primera Rueda | Menores de 16 - Grupo 2 - Zona C - Segunda Rueda | Menores de 16 - Primera Rueda - G2 NIVEL 2 C,2021 2024 2025 2026,7,,,,falta,ninguna
24,Curupayti,Curupayti B,B,M16,Juveniles - Primera rueda - M 16 - Nivel 1 - Grupo II - Zona A Eq B | Juveniles - Primera rueda - M16 - Grupo II - Nivel 1 - Zona B Equipos B | Juveniles - Segunda Rueda - M16 - Grupo ll - Nivel 1 - Intermedia Equipos B | Juveniles - Segunda rueda - M 16 - Nivel 2 - Grupo II - Desarrollo eq B | Menores de 16 - Grupo 2 - Nivel 2 - Ganadores - Equipos B - Segunda Rueda | Menores de 16 - Grupo 2 - Zona A - Equipos B - Primera Rueda | Menores de 16 - Grupo 2 - Zona C - Equipos B - Segunda Rueda | Menores de 16 - Primera Rueda - G2 NIVEL 2 C Eq B,2021 2023 2024 2025 2026,8,,,,falta,ninguna
52,Daom,Daom,,M16,Juveniles - Primera rueda - M 16 - Formativa - Zona B | Juveniles - Primera rueda - M16 - Formativa B | Juveniles - Segunda Rueda - M16 - Grupo l - Desarrollo | Juveniles - Segunda rueda - M 16 - Grupo I - Desarrollo | Menores de 16 - Grupo 1 - Desarrollo - Segunda Rueda | Menores de 16 - Grupo 1 - Formativa - Primera Rueda | Menores de 16 - Grupo 1 - Formativa - Segunda Rueda | Menores de 16 - Grupo 1 - Zona B | Menores de 16 - Primera Rueda - G1 Formativa B,2022 2023 2024 2025 2026,9,,,,falta,ninguna
52,Daom,Daom A,A,M16,Menores de 16 - Grupo 2 - Zona D - Segunda Rueda,2021,1,,,,falta,ninguna
52,Daom,Daom B,B,M16,Menores de 16 - Grupo 2 - Zona D - Equipos B - Segunda Rueda,2021,1,,,,falta,ninguna
84,Defensores de Glew,Defensores de Glew,,M16,Juveniles - Primera rueda - M16 - Formativa B,2024,1,,,,club_no_existe,ninguna
44,Del Sur,Del Sur Rugby,,M16,Juveniles - Primera rueda - M16 - Grupo I - Zona A | Juveniles - Segunda Rueda - M16 - Grupo l - Desarrollo | Menores de 16 - Grupo 1 - Desarrollo - Segunda Rueda | Menores de 16 - Grupo 1 - Zona A | Menores de 16 - Grupo 1 - Zona C - Segunda Rueda | Menores de 16 - Grupo 1 - Zona D - Primera Rueda,2021 2022 2024,6,,,,falta,ninguna
44,Del Sur,Del Sur A,A,M16,Menores de 16 - Primera Rueda - G2 NIVEL 2 C,2026,1,,,,falta,ninguna
44,Del Sur,Del Sur B,B,M16,Menores de 16 - Primera Rueda - G2 NIVEL 2 C Eq B,2026,1,,,,falta,ninguna
33,Delta,Delta,,M16,Menores de 16 - Grupo 1 - Zona A - Segunda Rueda | Menores de 16 - Grupo 1 - Zona C - Primera Rueda | Menores de 16 - Primera Rueda - G1 A,2021 2026,3,,,,falta,ninguna
33,Delta,Delta A,A,M16,Juveniles - Primera rueda - M 16 - Nivel 2 - Grupo II - Zona C | Juveniles - Primera rueda - M16 - Grupo II - Nivel 2 - Zona C | Juveniles - Segunda Rueda - M16 - Grupo ll - Nivel 1 - Intermedia | Juveniles - Segunda rueda - M 16 - Nivel 1 - Grupo II - Intermedia | Menores de 16 - Grupo 2 - Desarrollo - Segunda Rueda | Menores de 16 - Grupo 2 - Zona C | Menores de 16 - Grupo 2 - Zona C - Equipos A,2022 2023 2024 2025,7,,,,falta,ninguna
33,Delta,Delta B,B,M16,Juveniles - Primera rueda - M 16 - Nivel 2 - Grupo II - Zona C Eq B | Juveniles - Primera rueda - M16 - Grupo II - Nivel 2 - Zona C Equipos B | Juveniles - Segunda Rueda - M16 - Grupo ll - Nivel 1 - Intermedia Equipos B | Juveniles - Segunda rueda - M 16 - Nivel 1 - Grupo II - Intermedia eq B | Menores de 16 - Grupo 2 - Desarrollo - Equipos B - Segunda Rueda | Menores de 16 - Grupo 2 - Nivel 2 - Ganadores - Equipos B - Segunda Rueda | Menores de 16 - Grupo 2 - Zona C - Equipos B,2022 2023 2024 2025,7,,,,falta,ninguna
17,Deportiva Francesa,Deportiva Francesa A,A,M16,Juveniles - Primera rueda - M 16 - Nivel 1 - Grupo II - Zona A | Juveniles - Primera rueda - M16 - Grupo II - Nivel 1 - Zona A | Juveniles - Segunda Rueda - M16 - Grupo ll - Nivel 1 - Ganadores | Juveniles - Segunda rueda - M 16 - Nivel 1 - Grupo II - Ganadores | Menores de 16 - Grupo 2 - Intermedia - Segunda Rueda | Menores de 16 - Grupo 2 - Nivel 1 - Intermedia - Segunda Rueda | Menores de 16 - Grupo 2 - Zona A - Equipos A | Menores de 16 - Grupo 2 - Zona A - Segunda Rueda | Menores de 16 - Grupo 2 - Zona B | Menores de 16 - Grupo 2 - Zona C - Primera Rueda | Menores de 16 - Primera Rueda - G2 NIVEL 2 C,2021 2022 2023 2024 2025 2026,11,,,,falta,ninguna
17,Deportiva Francesa,Deportiva Francesa B,B,M16,Juveniles - Primera rueda - M 16 - Nivel 1 - Grupo II - Zona A Eq B | Juveniles - Primera rueda - M16 - Grupo II - Nivel 1 - Zona A Equipos B | Juveniles - Segunda Rueda - M16 - Grupo ll - Nivel 1 - Ganadores Equipos B | Juveniles - Segunda rueda - M 16 - Nivel 1 - Grupo II - Ganadores eq B | Menores de 16 - Grupo 2 - Intermedia - Equipos B - Segunda Rueda | Menores de 16 - Grupo 2 - Zona A - Equipos B | Menores de 16 - Grupo 2 - Zona A - Equipos B - Segunda Rueda | Menores de 16 - Grupo 2 - Zona B - Equipos B | Menores de 16 - Grupo 2 - Zona C - Equipos B - Primera Rueda | Menores de 16 - Primera Rueda - G2 NIVEL 2 C Eq B,2021 2022 2023 2024 2025 2026,10,,,,falta,ninguna
17,Deportiva Francesa,A.D. Francesa C,C,M16,Juveniles - Primera rueda - M 16 - Formativa - Zona A | Juveniles - Primera rueda - M16 - Formativa A | Juveniles - Segunda Rueda - M16 - Formativa B | Juveniles - Segunda rueda - M 16 - Grupo I - Formativa A | Menores de 16 - Primera Rueda - G1 Formativa A,2024 2025 2026,5,,,,falta,ninguna
37,Don Bosco,Don Bosco,,M16,Juveniles - Primera rueda - M 16 - Grupo I - Zona B | Juveniles - Primera rueda - M16 - Grupo I - Zona B | Juveniles - Segunda Rueda - M16 - Grupo l - Desarrollo | Juveniles - Segunda rueda - M 16 - Grupo I - Desarrollo | Menores de 16 - Grupo 1 - Desarrollo - Segunda Rueda | Menores de 16 - Grupo 1 - Zona A | Menores de 16 - Primera Rueda - G1 B,2022 2024 2025 2026,7,,,,falta,ninguna
37,Don Bosco,Don Bosco A,A,M16,Menores de 16 - Grupo 2 - Zona D - Primera Rueda | Menores de 16 - Grupo 2 - Zona D - Segunda Rueda,2021,2,,,,falta,ninguna
37,Don Bosco,Don Bosco B,B,M16,Menores de 16 - Grupo 2 - Zona D - Equipos B - Primera Rueda | Menores de 16 - Grupo 2 - Zona D - Equipos B - Segunda Rueda,2021,2,,,,falta,ninguna
131,Dorrego Rugby,Dorrego Rugby,,M16,Menores de 16 - Primera Rueda - G1 Formativa B,2026,1,,,,club_no_existe,ninguna
48,El Retiro,El Retiro,,M16,Juveniles - Primera rueda - M 16 - Grupo I - Zona A | Juveniles - Primera rueda - M16 - Formativa B | Juveniles - Segunda rueda - M 16 - Grupo I - Desarrollo | Menores de 16 - Grupo 1 - Formativa - Segunda Rueda | Menores de 16 - Grupo 1 - Zona B,2022 2024 2025,5,,,,club_no_existe,ninguna
48,El Retiro,El Retiro A,A,M16,Menores de 16 - Primera Rueda - G2 NIVEL 2 C,2026,1,,,,club_no_existe,ninguna
48,El Retiro,El Retiro B,B,M16,Menores de 16 - Primera Rueda - G2 NIVEL 2 C Eq B,2026,1,,,,club_no_existe,ninguna
86,Ezeiza,Ezeiza,,M16,Menores de 16 - Primera Rueda - G1 Formativa B,2026,1,,,,club_no_existe,ninguna
87,Floresta,Floresta ,,M16,Juveniles - Segunda Rueda - M16 - Formativa B,2024,1,,,,club_no_existe,ninguna
59,G y E de Ituzaingo,G y E de Ituzaingo,,M16,Juveniles - Primera rueda - M 16 - Grupo I - Zona B | Juveniles - Primera rueda - M16 - Grupo I - Zona A | Juveniles - Segunda Rueda - M16 - Grupo l - Ganadores | Juveniles - Segunda rueda - M 16 - Grupo I - Ganadores | Menores de 16 - Grupo 1 - Formativa B - Segunda Rueda | Menores de 16 - Grupo 1 - Zona B | Menores de 16 - Grupo 1 - Zona D - Segunda Rueda | Menores de 16 - Primera Rueda - G1 Formativa B,2021 2022 2023 2024 2025 2026,8,,,,club_no_existe,ninguna
59,G y E de Ituzaingo,G y E de Ituzaingo A,A,M16,Menores de 16 - Grupo 1 - Ganadores - Segunda Rueda,2022,1,,,,club_no_existe,ninguna
59,G y E de Ituzaingo,G y E de Ituzaingo B,B,M16,Menores de 16 - Grupo 1 - Formativa - Segunda Rueda,2022,1,,,,club_no_existe,ninguna
30,Gimnasia y Esgrima,Gimnasia y Esgrima Bs. As,,M16,Menores de 16 - Grupo 1 - Ganadores - Segunda Rueda | Menores de 16 - Grupo 1 - Zona B | Menores de 16 - Grupo 1 - Zona B - Segunda Rueda,2021 2023,3,,,,falta,ninguna
30,Gimnasia y Esgrima,G y Esgrima A,A,M16,Juveniles - Primera rueda - M 16 - Nivel 1 - Grupo II - Zona B | Juveniles - Primera rueda - M16 - Grupo II - Nivel 2 - Zona C | Juveniles - Segunda Rueda - M16 - Grupo ll - Nivel 2 - Ganadores | Juveniles - Segunda rueda - M 16 - Nivel 1 - Grupo II - Intermedia | Menores de 16 - Grupo 2 - Desarrollo - Segunda Rueda | Menores de 16 - Grupo 2 - Zona C - Equipos A | Menores de 16 - Primera Rueda - G2 NIVEL 1 A,2022 2024 2025 2026,7,,,,falta,ninguna
30,Gimnasia y Esgrima,G y Esgrima B,B,M16,Juveniles - Primera rueda - M 16 - Nivel 1 - Grupo II - Zona B Eq B | Juveniles - Primera rueda - M16 - Grupo II - Nivel 2 - Zona C Equipos B | Juveniles - Segunda Rueda - M16 - Grupo ll - Nivel 2 - Ganadores Equipos B | Juveniles - Segunda rueda - M 16 - Nivel 1 - Grupo II - Intermedia eq B | Menores de 16 - Grupo 2 - Desarrollo - Equipos B - Segunda Rueda | Menores de 16 - Grupo 2 - Zona C - Equipos B | Menores de 16 - Primera Rueda - G2 NIVEL 1 A Eq B,2022 2024 2025 2026,7,,,,falta,ninguna
6,Hindú,Hindu A,A,M16,Juveniles - Primera rueda - M 16 - Nivel 1 - Grupo II - Zona A | Juveniles - Primera rueda - M16 - Grupo II - Nivel 1 - Zona A | Juveniles - Segunda Rueda - M16 - Grupo ll - Nivel 1 - Ganadores | Juveniles - Segunda rueda - M 16 - Nivel 1 - Grupo II - Intermedia | Menores de 16 - Grupo 2 - Ganadores - Segunda Rueda | Menores de 16 - Grupo 2 - Nivel 1 - Intermedia - Segunda Rueda | Menores de 16 - Grupo 2 - Zona A | Menores de 16 - Grupo 2 - Zona A - Equipos A | Menores de 16 - Grupo 2 - Zona A - Segunda Rueda | Menores de 16 - Grupo 2 - Zona C - Primera Rueda | Menores de 16 - Primera Rueda - G2 NIVEL 1 B,2021 2022 2023 2024 2025 2026,11,,,,falta,ninguna
6,Hindú,Hindu B,B,M16,Juveniles - Primera rueda - M 16 - Nivel 1 - Grupo II - Zona A Eq B | Juveniles - Primera rueda - M16 - Grupo II - Nivel 1 - Zona A Equipos B | Juveniles - Segunda Rueda - M16 - Grupo ll - Nivel 1 - Ganadores Equipos B | Juveniles - Segunda rueda - M 16 - Nivel 1 - Grupo II - Intermedia eq B | Menores de 16 - Grupo 2 - Ganadores - Equipos B - Segunda Rueda | Menores de 16 - Grupo 2 - Zona A - Equipos B | Menores de 16 - Grupo 2 - Zona A - Equipos B - Segunda Rueda | Menores de 16 - Grupo 2 - Zona C - Equipos B - Primera Rueda | Menores de 16 - Primera Rueda - G2 NIVEL 1 B Eq B,2021 2022 2023 2024 2025 2026,10,,,,falta,ninguna
19,Hurling,Hurling,,M16,Menores de 16 - Grupo 1 - Ganadores - Segunda Rueda | Menores de 16 - Grupo 1 - Zona B,2023,2,,,,falta,ninguna
19,Hurling,Hurling A,A,M16,Juveniles - Primera rueda - M 16 - Nivel 2 - Grupo II - Zona C | Juveniles - Primera rueda - M16 - Grupo II - Nivel 2 - Zona C | Juveniles - Segunda Rueda - M16 - Grupo ll - Nivel 1 - Intermedia | Juveniles - Segunda rueda - M 16 - Nivel 2 - Grupo II - Desarrollo | Menores de 16 - Grupo 2 - Desarrollo - Segunda Rueda | Menores de 16 - Grupo 2 - Zona A - Primera Rueda | Menores de 16 - Grupo 2 - Zona B - Segunda Rueda | Menores de 16 - Grupo 2 - Zona C - Equipos A | Menores de 16 - Primera Rueda - G2 NIVEL 2 C,2021 2022 2024 2025 2026,9,,,,falta,ninguna
19,Hurling,Hurling B,B,M16,Juveniles - Primera rueda - M 16 - Nivel 2 - Grupo II - Zona C Eq B | Juveniles - Primera rueda - M16 - Grupo II - Nivel 2 - Zona C Equipos B | Juveniles - Segunda Rueda - M16 - Grupo ll - Nivel 1 - Intermedia Equipos B | Juveniles - Segunda rueda - M 16 - Nivel 2 - Grupo II - Desarrollo eq B | Menores de 16 - Grupo 2 - Desarrollo - Equipos B - Segunda Rueda | Menores de 16 - Grupo 2 - Zona A - Equipos B - Primera Rueda | Menores de 16 - Grupo 2 - Zona B - Equipos B - Segunda Rueda | Menores de 16 - Grupo 2 - Zona C - Equipos B | Menores de 16 - Primera Rueda - G2 NIVEL 2 C Eq B,2021 2022 2024 2025 2026,9,,,,falta,ninguna
28,Italiano,Italiano,,M16,Juveniles - Primera rueda - M16 - Grupo I - Zona B | Menores de 16 - Grupo 1 - Zona C - Segunda Rueda | Menores de 16 - Primera Rueda - G1 A,2021 2024 2026,3,,,,falta,ninguna
28,Italiano,Italiano A,A,M16,Juveniles - Primera rueda - M 16 - Nivel 2 - Grupo II - Zona C | Juveniles - Segunda Rueda - M16 - Grupo ll - Nivel 2 - Ganadores | Juveniles - Segunda rueda - M 16 - Nivel 2 - Grupo II - Desarrollo | Menores de 16 - Grupo 2 - Nivel 1 - Intermedia - Segunda Rueda | Menores de 16 - Grupo 2 - Zona C,2023 2024 2025,5,,,,falta,ninguna
28,Italiano,Italiano B,B,M16,Juveniles - Primera rueda - M 16 - Nivel 2 - Grupo II - Zona C Eq B | Juveniles - Segunda Rueda - M16 - Grupo ll - Nivel 2 - Ganadores Equipos B | Juveniles - Segunda rueda - M 16 - Nivel 2 - Grupo II - Desarrollo eq B,2024 2025,3,,,,falta,ninguna
13,La Plata,La Plata A,A,M16,Juveniles - Primera rueda - M 16 - Nivel 1 - Grupo II - Zona B | Juveniles - Primera rueda - M16 - Grupo II - Nivel 1 - Zona B | Juveniles - Segunda Rueda - M16 - Grupo ll - Nivel 1 - Ganadores | Juveniles - Segunda rueda - M 16 - Nivel 1 - Grupo II - Intermedia | Menores de 16 - Grupo 2 - Intermedia - Segunda Rueda | Menores de 16 - Grupo 2 - Nivel 1 - Intermedia - Segunda Rueda | Menores de 16 - Grupo 2 - Zona A - Equipos A | Menores de 16 - Grupo 2 - Zona A - Segunda Rueda | Menores de 16 - Grupo 2 - Zona B | Menores de 16 - Grupo 2 - Zona D - Primera Rueda | Menores de 16 - Primera Rueda - G2 NIVEL 1 B,2021 2022 2023 2024 2025 2026,11,,,,falta,ninguna
13,La Plata,La Plata B,B,M16,Juveniles - Primera rueda - M 16 - Nivel 1 - Grupo II - Zona B Eq B | Juveniles - Primera rueda - M16 - Grupo II - Nivel 1 - Zona B Equipos B | Juveniles - Segunda Rueda - M16 - Grupo ll - Nivel 1 - Ganadores Equipos B | Juveniles - Segunda rueda - M 16 - Nivel 1 - Grupo II - Intermedia eq B | Menores de 16 - Grupo 2 - Intermedia - Equipos B - Segunda Rueda | Menores de 16 - Grupo 2 - Zona A - Equipos B | Menores de 16 - Grupo 2 - Zona A - Equipos B - Segunda Rueda | Menores de 16 - Grupo 2 - Zona B - Equipos B | Menores de 16 - Grupo 2 - Zona D - Equipos B - Primera Rueda | Menores de 16 - Primera Rueda - G2 NIVEL 1 B Eq B,2021 2022 2023 2024 2025 2026,10,,,,falta,ninguna
13,La Plata,La Plata C,C,M16,Juveniles - Primera rueda - M 16 - Formativa - Zona A | Juveniles - Primera rueda - M16 - Formativa A | Juveniles - Segunda Rueda - M16 - Formativa A | Juveniles - Segunda rueda - M 16 - Grupo I - Formativa B | Menores de 16 - Grupo 1 - Formativa - Primera Rueda | Menores de 16 - Grupo 1 - Formativa - Segunda Rueda | Menores de 16 - Grupo 1 - Formativa A - Segunda Rueda | Menores de 16 - Grupo 1 - Zona D - Primera Rueda | Menores de 16 - Grupo 1 - Zona D - Segunda Rueda | Menores de 16 - Primera Rueda - G1 Formativa A,2021 2022 2023 2024 2025 2026,10,,,,falta,ninguna
64,La Salle,La Salle Rugby y Hockey Club,,M16,Juveniles - Primera rueda - M16 - Formativa B | Juveniles - Segunda Rueda - M16 - Formativa B | Menores de 16 - Grupo 1 - Formativa A - Segunda Rueda | Menores de 16 - Grupo 1 - Formativa B | Menores de 16 - Grupo 1 - Formativa B - Segunda Rueda,2021 2023 2024,5,,,,club_no_existe,ninguna
51,Lanus,Lanus,,M16,Juveniles - Primera rueda - M 16 - Grupo I - Zona B | Juveniles - Primera rueda - M16 - Grupo I - Zona A | Juveniles - Segunda Rueda - M16 - Grupo l - Desarrollo | Juveniles - Segunda rueda - M 16 - Grupo I - Ganadores | Menores de 16 - Grupo 1 - Ganadores - Segunda Rueda | Menores de 16 - Grupo 1 - Zona A | Menores de 16 - Grupo 1 - Zona B | Menores de 16 - Grupo 1 - Zona D - Segunda Rueda | Menores de 16 - Grupo 1 - Zona E | Menores de 16 - Primera Rueda - G1 A,2021 2022 2023 2024 2025 2026,11,,,,falta,ninguna
73,Las Cañas,Las Cañas,,M16,Juveniles - Primera rueda - M 16 - Grupo I - Zona A | Juveniles - Primera rueda - M16 - Grupo I - Zona A | Juveniles - Segunda Rueda - M16 - Grupo l - Ganadores | Juveniles - Segunda rueda - M 16 - Grupo I - Desarrollo | Menores de 16 - Grupo 1 - Desarrollo - Segunda Rueda | Menores de 16 - Grupo 1 - Formativa A - Segunda Rueda | Menores de 16 - Grupo 1 - Zona B | Menores de 16 - Grupo 1 - Zona D - Primera Rueda | Menores de 16 - Primera Rueda - G1 Formativa B,2021 2023 2024 2025 2026,9,,,,club_no_existe,ninguna
36,Liceo Militar,Liceo Militar,,M16,Juveniles - Primera rueda - M 16 - Grupo I - Zona B | Juveniles - Primera rueda - M16 - Grupo I - Zona A | Juveniles - Segunda Rueda - M16 - Grupo l - Desarrollo | Menores de 16 - Grupo 1 - Desarrollo - Segunda Rueda | Menores de 16 - Grupo 1 - Formativa B | Menores de 16 - Grupo 1 - Zona B | Menores de 16 - Grupo 1 - Zona C - Segunda Rueda | Menores de 16 - Primera Rueda - G1 B,2021 2022 2023 2024 2025 2026,9,,,,falta,ninguna
36,Liceo Militar,Liceo Militar A,A,M16,Juveniles - Segunda rueda - M 16 - Nivel 2 - Grupo II - Desarrollo,2025,1,,,,falta,ninguna
36,Liceo Militar,Liceo Militar B,B,M16,Juveniles - Segunda rueda - M 16 - Nivel 2 - Grupo II - Desarrollo eq B,2025,1,,,,falta,ninguna
38,Liceo Naval,Liceo Naval A,A,M16,Juveniles - Primera rueda - M 16 - Nivel 1 - Grupo II - Zona B | Juveniles - Primera rueda - M16 - Grupo II - Nivel 2 - Zona C | Juveniles - Segunda Rueda - M16 - Grupo ll - Nivel 2 - Ganadores | Juveniles - Segunda rueda - M 16 - Nivel 1 - Grupo II - Intermedia | Menores de 16 - Grupo 2 - Desarrollo - Segunda Rueda | Menores de 16 - Grupo 2 - Nivel 1 - Ganadores - Segunda Rueda | Menores de 16 - Grupo 2 - Zona A | Menores de 16 - Grupo 2 - Zona A - Equipos A | Menores de 16 - Grupo 2 - Zona A - Primera Rueda | Menores de 16 - Grupo 2 - Zona A - Segunda Rueda | Menores de 16 - Primera Rueda - G2 NIVEL 1 A,2021 2022 2023 2024 2025 2026,11,,,,falta,ninguna
38,Liceo Naval,Liceo Naval B,B,M16,Juveniles - Primera rueda - M 16 - Nivel 1 - Grupo II - Zona B Eq B | Juveniles - Primera rueda - M16 - Grupo II - Nivel 2 - Zona C Equipos B | Juveniles - Segunda Rueda - M16 - Grupo ll - Nivel 2 - Ganadores Equipos B | Juveniles - Segunda rueda - M 16 - Nivel 1 - Grupo II - Intermedia eq B | Menores de 16 - Grupo 2 - Desarrollo - Equipos B - Segunda Rueda | Menores de 16 - Grupo 2 - Nivel 1 - Ganadores - Equipos B - Segunda Rueda | Menores de 16 - Grupo 2 - Zona A - Equipos B | Menores de 16 - Grupo 2 - Zona A - Equipos B - Primera Rueda | Menores de 16 - Grupo 2 - Zona A - Equipos B - Segunda Rueda | Menores de 16 - Primera Rueda - G2 NIVEL 1 A Eq B,2021 2022 2023 2024 2025 2026,11,,,,falta,ninguna
38,Liceo Naval,Liceo Naval C,C,M16,Menores de 16 - Primera Rueda - G1 Formativa A,2026,1,,,,falta,ninguna
15,Lomas Athletic,Lomas Athletic,,M16,Menores de 16 - Grupo 1 - Zona A - Segunda Rueda | Menores de 16 - Grupo 1 - Zona E,2021,2,,,,falta,ninguna
15,Lomas Athletic,Lomas Athletic A,A,M16,Juveniles - Primera rueda - M 16 - Nivel 2 - Grupo II - Zona C | Juveniles - Primera rueda - M16 - Grupo II - Nivel 1 - Zona A | Juveniles - Segunda Rueda - M16 - Grupo ll - Nivel 1 - Intermedia | Juveniles - Segunda rueda - M 16 - Nivel 1 - Grupo II - Intermedia | Menores de 16 - Grupo 2 - Ganadores - Segunda Rueda | Menores de 16 - Grupo 2 - Nivel 1 - Intermedia - Segunda Rueda | Menores de 16 - Grupo 2 - Zona A | Menores de 16 - Grupo 2 - Zona B - Equipos A | Menores de 16 - Primera Rueda - G2 NIVEL 2 C,2022 2023 2024 2025 2026,9,,,,falta,ninguna
15,Lomas Athletic,Lomas Athletic B,B,M16,Juveniles - Primera rueda - M 16 - Nivel 2 - Grupo II - Zona C Eq B | Juveniles - Primera rueda - M16 - Grupo II - Nivel 1 - Zona A Equipos B | Juveniles - Segunda Rueda - M16 - Grupo ll - Nivel 1 - Intermedia Equipos B | Juveniles - Segunda rueda - M 16 - Nivel 1 - Grupo II - Intermedia eq B | Menores de 16 - Grupo 2 - Ganadores - Equipos B - Segunda Rueda | Menores de 16 - Grupo 2 - Zona A - Equipos B | Menores de 16 - Grupo 2 - Zona B - Equipos B | Menores de 16 - Primera Rueda - G2 NIVEL 2 C Eq B,2022 2023 2024 2025 2026,8,,,,falta,ninguna
15,Lomas Athletic,Lomas Athletic C,C,M16,Juveniles - Segunda Rueda - M16 - Formativa B | Menores de 16 - Primera Rueda - G1 A,2024 2026,2,,,,falta,ninguna
78,Los Cedros,Los Cedros,,M16,Juveniles - Primera rueda - M 16 - Formativa - Zona B | Juveniles - Primera rueda - M16 - Formativa B | Juveniles - Segunda Rueda - M16 - Formativa B | Juveniles - Segunda rueda - M 16 - Grupo I - Formativa B | Menores de 16 - Grupo 1 - Ganadores - Segunda Rueda | Menores de 16 - Grupo 1 - Zona A | Menores de 16 - Grupo 1 - Zona C - Primera Rueda | Menores de 16 - Grupo 1 - Zona D - Segunda Rueda,2021 2023 2024 2025,8,,,,club_no_existe,ninguna
23,Los Matreros,Los Matreros A,A,M16,Juveniles - Primera rueda - M 16 - Nivel 1 - Grupo II - Zona B | Juveniles - Primera rueda - M16 - Grupo II - Nivel 1 - Zona B | Juveniles - Segunda Rueda - M16 - Grupo ll - Nivel 2 - Ganadores | Juveniles - Segunda rueda - M 16 - Nivel 1 - Grupo II - Ganadores | Menores de 16 - Grupo 2 - Intermedia - Segunda Rueda | Menores de 16 - Grupo 2 - Zona A | Menores de 16 - Grupo 2 - Zona A - Primera Rueda | Menores de 16 - Grupo 2 - Zona B - Equipos A | Menores de 16 - Grupo 2 - Zona D - Segunda Rueda | Menores de 16 - Primera Rueda - G2 NIVEL 1 B,2021 2022 2023 2024 2025 2026,10,,,,falta,ninguna
23,Los Matreros,Los Matreros B,B,M16,Juveniles - Primera rueda - M 16 - Nivel 1 - Grupo II - Zona B Eq B | Juveniles - Primera rueda - M16 - Grupo II - Nivel 1 - Zona B Equipos B | Juveniles - Segunda Rueda - M16 - Grupo ll - Nivel 2 - Ganadores Equipos B | Juveniles - Segunda rueda - M 16 - Nivel 1 - Grupo II - Ganadores eq B | Menores de 16 - Grupo 2 - Intermedia - Equipos B - Segunda Rueda | Menores de 16 - Grupo 2 - Nivel 2 - Ganadores - Equipos B - Segunda Rueda | Menores de 16 - Grupo 2 - Zona A - Equipos B | Menores de 16 - Grupo 2 - Zona A - Equipos B - Primera Rueda | Menores de 16 - Grupo 2 - Zona B - Equipos B | Menores de 16 - Grupo 2 - Zona D - Equipos B - Segunda Rueda | Menores de 16 - Primera Rueda - G2 NIVEL 1 B Eq B,2021 2022 2023 2024 2025 2026,11,,,,falta,ninguna
23,Los Matreros,Los Matreros C,C,M16,Menores de 16 - Grupo 1 - Formativa A | Menores de 16 - Grupo 1 - Formativa A - Segunda Rueda,2023,2,,,,falta,ninguna
65,Los Molinos,Los Molinos,,M16,Juveniles - Primera rueda - M16 - Grupo I - Zona A | Juveniles - Segunda Rueda - M16 - Grupo l - Ganadores | Menores de 16 - Grupo 1 - Ganadores - Segunda Rueda | Menores de 16 - Grupo 1 - Zona A | Menores de 16 - Grupo 1 - Zona A - Segunda Rueda | Menores de 16 - Grupo 1 - Zona C - Primera Rueda,2021 2022 2024,6,,,,falta,ninguna
65,Los Molinos,Los Molinos A,A,M16,Juveniles - Primera rueda - M 16 - Nivel 2 - Grupo II - Zona C | Juveniles - Segunda rueda - M 16 - Nivel 1 - Grupo II - Intermedia | Menores de 16 - Grupo 2 - Nivel 1 - Intermedia - Segunda Rueda | Menores de 16 - Grupo 2 - Zona C | Menores de 16 - Primera Rueda - G2 NIVEL 2 C,2023 2025 2026,5,,,,falta,ninguna
65,Los Molinos,Los Molinos B,B,M16,Juveniles - Primera rueda - M 16 - Nivel 2 - Grupo II - Zona C Eq B | Juveniles - Segunda rueda - M 16 - Nivel 1 - Grupo II - Intermedia eq B | Menores de 16 - Primera Rueda - G2 NIVEL 2 C Eq B,2025 2026,3,,,,falta,ninguna
79,Los Pinos,Los Pinos,,M16,Juveniles - Primera rueda - M 16 - Formativa - Zona B | Juveniles - Segunda rueda - M 16 - Grupo I - Desarrollo | Menores de 16 - Grupo 1 - Formativa A - Segunda Rueda | Menores de 16 - Grupo 1 - Formativa B | Menores de 16 - Grupo 1 - Formativa B - Segunda Rueda,2021 2023 2025,5,,,,club_no_existe,ninguna
26,Los Tilos,Los tilos A,A,M16,Juveniles - Primera rueda - M 16 - Nivel 1 - Grupo II - Zona A | Juveniles - Primera rueda - M16 - Grupo II - Nivel 1 - Zona A | Juveniles - Segunda Rueda - M16 - Grupo ll - Nivel 1 - Intermedia | Juveniles - Segunda rueda - M 16 - Nivel 1 - Grupo II - Intermedia | Menores de 16 - Grupo 2 - Ganadores - Segunda Rueda | Menores de 16 - Grupo 2 - Nivel 1 - Ganadores - Segunda Rueda | Menores de 16 - Grupo 2 - Zona A - Segunda Rueda | Menores de 16 - Grupo 2 - Zona B | Menores de 16 - Grupo 2 - Zona B - Equipos A | Menores de 16 - Grupo 2 - Zona D - Primera Rueda | Menores de 16 - Primera Rueda - G2 NIVEL 1 A,2021 2022 2023 2024 2025 2026,11,,,,falta,ninguna
26,Los Tilos,Los Tilos B,B,M16,Juveniles - Primera rueda - M 16 - Nivel 1 - Grupo II - Zona A Eq B | Juveniles - Primera rueda - M16 - Grupo II - Nivel 1 - Zona A Equipos B | Juveniles - Segunda Rueda - M16 - Grupo ll - Nivel 1 - Intermedia Equipos B | Juveniles - Segunda rueda - M 16 - Nivel 1 - Grupo II - Intermedia eq B | Menores de 16 - Grupo 2 - Ganadores - Equipos B - Segunda Rueda | Menores de 16 - Grupo 2 - Nivel 1 - Ganadores - Equipos B - Segunda Rueda | Menores de 16 - Grupo 2 - Zona A - Equipos B - Segunda Rueda | Menores de 16 - Grupo 2 - Zona B - Equipos B | Menores de 16 - Grupo 2 - Zona D - Equipos B - Primera Rueda | Menores de 16 - Primera Rueda - G2 NIVEL 1 A Eq B,2021 2022 2023 2024 2025 2026,11,,,,falta,ninguna
26,Los Tilos,Los Tilos C,C,M16,Juveniles - Primera rueda - M16 - Formativa A | Juveniles - Segunda Rueda - M16 - Formativa B | Juveniles - Segunda rueda - M 16 - Grupo I - Formativa B | Menores de 16 - Grupo 1 - Formativa A | Menores de 16 - Grupo 1 - Formativa A - Segunda Rueda | Menores de 16 - Primera Rueda - G1 Formativa A,2023 2024 2025 2026,6,,,,falta,ninguna
50,Lujan,Lujan,,M16,Juveniles - Primera rueda - M 16 - Grupo I - Zona B | Juveniles - Primera rueda - M16 - Grupo I - Zona B | Juveniles - Segunda Rueda - M16 - Grupo l - Ganadores | Menores de 16 - Grupo 1 - Ganadores - Segunda Rueda | Menores de 16 - Grupo 1 - Zona B | Menores de 16 - Grupo 1 - Zona B - Segunda Rueda | Menores de 16 - Primera Rueda - G1 B,2021 2023 2024 2025 2026,7,,,,falta,ninguna
50,Lujan,Lujan A,A,M16,Juveniles - Segunda rueda - M 16 - Nivel 2 - Grupo II - Desarrollo,2025,1,,,,falta,ninguna
50,Lujan,Lujan B,B,M16,Juveniles - Segunda rueda - M 16 - Nivel 2 - Grupo II - Desarrollo eq B,2025,1,,,,falta,ninguna
34,Manuel Belgrano,Manuel Belgrano A,A,M16,Juveniles - Primera rueda - M 16 - Nivel 2 - Grupo II - Zona C | Juveniles - Primera rueda - M16 - Grupo II - Nivel 2 - Zona C | Juveniles - Segunda Rueda - M16 - Grupo ll - Nivel 2 - Ganadores | Juveniles - Segunda rueda - M 16 - Nivel 2 - Grupo II - Desarrollo | Menores de 16 - Grupo 2 - Intermedia - Segunda Rueda | Menores de 16 - Grupo 2 - Zona B - Equipos A | Menores de 16 - Grupo 2 - Zona C | Menores de 16 - Grupo 2 - Zona C - Primera Rueda | Menores de 16 - Grupo 2 - Zona C - Segunda Rueda | Menores de 16 - Primera Rueda - G2 NIVEL 1 B,2021 2022 2023 2024 2025 2026,10,,,,falta,ninguna
34,Manuel Belgrano,Manuel Belgrano B,B,M16,Juveniles - Primera rueda - M 16 - Nivel 2 - Grupo II - Zona C Eq B | Juveniles - Primera rueda - M16 - Grupo II - Nivel 2 - Zona C Equipos B | Juveniles - Segunda Rueda - M16 - Grupo ll - Nivel 2 - Ganadores Equipos B | Juveniles - Segunda rueda - M 16 - Nivel 2 - Grupo II - Desarrollo eq B | Menores de 16 - Grupo 2 - Intermedia - Equipos B - Segunda Rueda | Menores de 16 - Grupo 2 - Nivel 2 - Ganadores - Equipos B - Segunda Rueda | Menores de 16 - Grupo 2 - Zona B - Equipos B | Menores de 16 - Grupo 2 - Zona C - Equipos B - Primera Rueda | Menores de 16 - Grupo 2 - Zona C - Equipos B - Segunda Rueda | Menores de 16 - Primera Rueda - G2 NIVEL 1 B Eq B,2021 2022 2023 2024 2025 2026,10,,,,falta,ninguna
82,Marcos Paz,Marcos Paz,,M16,Menores de 16 - Grupo 1 - Formativa B | Menores de 16 - Grupo 1 - Formativa B - Segunda Rueda,2023,2,,,,club_no_existe,ninguna
39,Mariano Moreno,Mariano Moreno,,M16,Menores de 16 - Grupo 1 - Ganadores - Segunda Rueda | Menores de 16 - Grupo 1 - Zona A,2022,2,,,,falta,ninguna
39,Mariano Moreno,Mariano Moreno A,A,M16,Juveniles - Primera rueda - M 16 - Nivel 1 - Grupo II - Zona B | Juveniles - Primera rueda - M16 - Grupo II - Nivel 2 - Zona C | Juveniles - Segunda Rueda - M16 - Grupo ll - Nivel 1 - Intermedia | Juveniles - Segunda rueda - M 16 - Nivel 2 - Grupo II - Desarrollo | Menores de 16 - Grupo 2 - Zona A - Primera Rueda | Menores de 16 - Grupo 2 - Zona C | Menores de 16 - Grupo 2 - Zona D - Segunda Rueda | Menores de 16 - Primera Rueda - G2 NIVEL 1 A,2021 2023 2024 2025 2026,8,,,,falta,ninguna
39,Mariano Moreno,Mariano Moreno B,B,M16,Juveniles - Primera rueda - M 16 - Nivel 1 - Grupo II - Zona B Eq B | Juveniles - Primera rueda - M16 - Grupo II - Nivel 2 - Zona C Equipos B | Juveniles - Segunda Rueda - M16 - Grupo ll - Nivel 1 - Intermedia Equipos B | Juveniles - Segunda rueda - M 16 - Nivel 2 - Grupo II - Desarrollo eq B | Menores de 16 - Grupo 2 - Nivel 2 - Ganadores - Equipos B - Segunda Rueda | Menores de 16 - Grupo 2 - Zona A - Equipos B - Primera Rueda | Menores de 16 - Grupo 2 - Zona D - Equipos B - Segunda Rueda | Menores de 16 - Primera Rueda - G2 NIVEL 1 A Eq B,2021 2023 2024 2025 2026,8,,,,falta,ninguna
47,Mercedes,Mercedes,,M16,Juveniles - Primera rueda - M 16 - Grupo I - Zona A | Juveniles - Primera rueda - M16 - Formativa B | Juveniles - Segunda rueda - M 16 - Grupo I - Ganadores,2024 2025,3,,,,club_no_existe,ninguna
41,Monte Grande,Monte Grande,,M16,Juveniles - Primera rueda - M 16 - Grupo I - Zona B | Juveniles - Segunda rueda - M 16 - Grupo I - Ganadores | Menores de 16 - Grupo 1 - Desarrollo - Segunda Rueda | Menores de 16 - Grupo 1 - Zona A | Menores de 16 - Grupo 1 - Zona A - Segunda Rueda | Menores de 16 - Grupo 1 - Zona D - Primera Rueda | Menores de 16 - Primera Rueda - G1 A,2021 2022 2025 2026,7,,,,falta,ninguna
41,Monte Grande,Monte Grande A,A,M16,Juveniles - Primera rueda - M16 - Grupo II - Nivel 2 - Zona C | Juveniles - Segunda Rueda - M16 - Grupo ll - Nivel 2 - Ganadores,2024,2,,,,falta,ninguna
41,Monte Grande,Monte Grande B,B,M16,Juveniles - Primera rueda - M16 - Grupo II - Nivel 2 - Zona C Equipos B | Juveniles - Segunda Rueda - M16 - Grupo ll - Nivel 2 - Ganadores Equipos B,2024,2,,,,falta,ninguna
91,Municipalidad de Berazategui,Munic. de Berazategui,,M16,Menores de 16 - Grupo 1 - Formativa B | Menores de 16 - Grupo 1 - Formativa B - Segunda Rueda | Menores de 16 - Grupo 1 - Zona D - Segunda Rueda | Menores de 16 - Grupo 1 - Zona E,2021 2023,4,,,,club_no_existe,ninguna
9,Newman,Newman A,A,M16,Juveniles - Primera rueda - M 16 - Nivel 1 - Grupo II - Zona A | Juveniles - Primera rueda - M16 - Grupo II - Nivel 1 - Zona B | Juveniles - Segunda Rueda - M16 - Grupo ll - Nivel 1 - Ganadores | Juveniles - Segunda rueda - M 16 - Nivel 1 - Grupo II - Intermedia | Menores de 16 - Grupo 2 - Ganadores - Segunda Rueda | Menores de 16 - Grupo 2 - Nivel 1 - Ganadores - Segunda Rueda | Menores de 16 - Grupo 2 - Zona A | Menores de 16 - Grupo 2 - Zona B - Equipos A | Menores de 16 - Grupo 2 - Zona B - Primera Rueda | Menores de 16 - Grupo 2 - Zona B - Segunda Rueda | Menores de 16 - Primera Rueda - G2 NIVEL 1 B,2021 2022 2023 2024 2025 2026,11,,,,falta,ninguna
9,Newman,Newman B,B,M16,Juveniles - Primera rueda - M 16 - Nivel 1 - Grupo II - Zona A Eq B | Juveniles - Primera rueda - M16 - Grupo II - Nivel 1 - Zona B Equipos B | Juveniles - Segunda Rueda - M16 - Grupo ll - Nivel 1 - Ganadores Equipos B | Juveniles - Segunda rueda - M 16 - Nivel 1 - Grupo II - Intermedia eq B | Menores de 16 - Grupo 2 - Ganadores - Equipos B - Segunda Rueda | Menores de 16 - Grupo 2 - Nivel 1 - Ganadores - Equipos B - Segunda Rueda | Menores de 16 - Grupo 2 - Zona A - Equipos B | Menores de 16 - Grupo 2 - Zona B - Equipos B | Menores de 16 - Grupo 2 - Zona B - Equipos B - Primera Rueda | Menores de 16 - Grupo 2 - Zona B - Equipos B - Segunda Rueda | Menores de 16 - Primera Rueda - G2 NIVEL 1 B Eq B,2021 2022 2023 2024 2025 2026,11,,,,falta,ninguna
9,Newman,Newman C,C,M16,Juveniles - Primera rueda - M 16 - Formativa - Zona A | Juveniles - Primera rueda - M16 - Formativa A | Juveniles - Segunda Rueda - M16 - Formativa A | Juveniles - Segunda rueda - M 16 - Grupo I - Formativa B | Menores de 16 - Grupo 1 - Desarrollo - Segunda Rueda | Menores de 16 - Grupo 1 - Formativa A | Menores de 16 - Grupo 1 - Formativa A - Segunda Rueda | Menores de 16 - Grupo 1 - Zona A | Menores de 16 - Primera Rueda - G2 NIVEL 2 Desarrollo,2021 2022 2023 2024 2025 2026,10,,,,falta,ninguna
9,Newman,Newman D,D,M16,Juveniles - Segunda rueda - M 16 - Grupo I - Formativa B | Menores de 16 - Primera Rueda - G2 NIVEL 2 Desarrollo Eq B,2025 2026,2,,,,falta,ninguna
66,Old Georgian,Old Georgian,,M16,Menores de 16 - Grupo 1 - Zona B - Segunda Rueda | Menores de 16 - Grupo 1 - Zona E,2021,2,,,,club_no_existe,ninguna
22,Olivos,Olivos,,M16,Menores de 16 - Grupo 1 - Zona A - Segunda Rueda,2021,1,,,,falta,ninguna
22,Olivos,Olivos A,A,M16,Juveniles - Primera rueda - M 16 - Nivel 1 - Grupo II - Zona A | Juveniles - Primera rueda - M16 - Grupo II - Nivel 1 - Zona A | Juveniles - Segunda Rueda - M16 - Grupo ll - Nivel 1 - Ganadores | Juveniles - Segunda rueda - M 16 - Nivel 2 - Grupo II - Desarrollo | Menores de 16 - Grupo 2 - Ganadores - Segunda Rueda | Menores de 16 - Grupo 2 - Zona A - Equipos A | Menores de 16 - Grupo 2 - Zona B | Menores de 16 - Primera Rueda - G2 NIVEL 1 B,2022 2023 2024 2025 2026,8,,,,falta,ninguna
22,Olivos,Olivos B,B,M16,Juveniles - Primera rueda - M 16 - Nivel 1 - Grupo II - Zona A Eq B | Juveniles - Primera rueda - M16 - Grupo II - Nivel 1 - Zona A Equipos B | Juveniles - Segunda Rueda - M16 - Grupo ll - Nivel 1 - Ganadores Equipos B | Juveniles - Segunda rueda - M 16 - Nivel 2 - Grupo II - Desarrollo eq B | Menores de 16 - Grupo 2 - Ganadores - Equipos B - Segunda Rueda | Menores de 16 - Grupo 2 - Nivel 2 - Ganadores - Equipos B - Segunda Rueda | Menores de 16 - Grupo 2 - Zona A - Equipos B | Menores de 16 - Grupo 2 - Zona B - Equipos B | Menores de 16 - Primera Rueda - G2 NIVEL 1 B Eq B,2022 2023 2024 2025 2026,9,,,,falta,ninguna
85,Pac General Rodriguez,Pac General Rodriguez,,M16,Juveniles - Primera rueda - M16 - Formativa B | Juveniles - Segunda Rueda - M16 - Grupo l - Desarrollo | Menores de 16 - Grupo 1 - Formativa A - Segunda Rueda | Menores de 16 - Primera Rueda - G1 B,2021 2024 2026,4,,,,club_no_existe,ninguna
70,Porteño,Porteño,,M16,Juveniles - Primera rueda - M16 - Grupo I - Zona B | Juveniles - Segunda Rueda - M16 - Grupo l - Desarrollo | Menores de 16 - Grupo 1 - Zona A - Segunda Rueda | Menores de 16 - Grupo 1 - Zona E | Menores de 16 - Primera Rueda - G1 Formativa B,2021 2024 2026,5,,,,club_no_existe,ninguna
16,Pucara,Pucara A,A,M16,Juveniles - Primera rueda - M 16 - Nivel 1 - Grupo II - Zona B | Juveniles - Primera rueda - M16 - Grupo II - Nivel 1 - Zona B | Juveniles - Segunda Rueda - M16 - Grupo ll - Nivel 1 - Ganadores | Juveniles - Segunda rueda - M 16 - Nivel 1 - Grupo II - Intermedia | Menores de 16 - Grupo 2 - Intermedia - Segunda Rueda | Menores de 16 - Grupo 2 - Nivel 1 - Ganadores - Segunda Rueda | Menores de 16 - Grupo 2 - Zona A | Menores de 16 - Grupo 2 - Zona A - Equipos A | Menores de 16 - Grupo 2 - Zona B - Segunda Rueda | Menores de 16 - Grupo 2 - Zona D - Primera Rueda | Menores de 16 - Primera Rueda - G2 NIVEL 1 A,2021 2022 2023 2024 2025 2026,11,,,,falta,ninguna
16,Pucara,Pucara B,B,M16,Juveniles - Primera rueda - M 16 - Nivel 1 - Grupo II - Zona B Eq B | Juveniles - Primera rueda - M16 - Grupo II - Nivel 1 - Zona B Equipos B | Juveniles - Segunda Rueda - M16 - Grupo ll - Nivel 1 - Ganadores Equipos B | Juveniles - Segunda rueda - M 16 - Nivel 1 - Grupo II - Intermedia eq B | Menores de 16 - Grupo 2 - Intermedia - Equipos B - Segunda Rueda | Menores de 16 - Grupo 2 - Nivel 1 - Ganadores - Equipos B - Segunda Rueda | Menores de 16 - Grupo 2 - Zona A - Equipos B | Menores de 16 - Grupo 2 - Zona B - Equipos B - Segunda Rueda | Menores de 16 - Grupo 2 - Zona D - Equipos B - Primera Rueda | Menores de 16 - Primera Rueda - G2 NIVEL 1 A Eq B,2021 2022 2023 2024 2025 2026,11,,,,falta,ninguna
16,Pucara,Pucara C,C,M16,Juveniles - Primera rueda - M 16 - Formativa - Zona A | Juveniles - Primera rueda - M16 - Formativa B | Juveniles - Segunda Rueda - M16 - Formativa A | Juveniles - Segunda rueda - M 16 - Grupo I - Formativa B | Menores de 16 - Primera Rueda - G1 Formativa A,2024 2025 2026,5,,,,falta,ninguna
25,Pueyrredon,Pueyrredon A,A,M16,Juveniles - Primera rueda - M 16 - Nivel 1 - Grupo II - Zona A | Juveniles - Primera rueda - M16 - Grupo II - Nivel 1 - Zona A | Juveniles - Segunda Rueda - M16 - Grupo ll - Nivel 1 - Intermedia | Juveniles - Segunda rueda - M 16 - Nivel 2 - Grupo II - Desarrollo | Menores de 16 - Grupo 2 - Intermedia - Segunda Rueda | Menores de 16 - Grupo 2 - Nivel 1 - Intermedia - Segunda Rueda | Menores de 16 - Grupo 2 - Zona A | Menores de 16 - Grupo 2 - Zona B - Primera Rueda | Menores de 16 - Grupo 2 - Zona C - Equipos A | Menores de 16 - Grupo 2 - Zona C - Segunda Rueda | Menores de 16 - Primera Rueda - G2 NIVEL 1 A,2021 2022 2023 2024 2025 2026,11,,,,falta,ninguna
25,Pueyrredon,Pueyrredon B,B,M16,Juveniles - Primera rueda - M 16 - Nivel 1 - Grupo II - Zona A Eq B | Juveniles - Primera rueda - M16 - Grupo II - Nivel 1 - Zona A Equipos B | Juveniles - Segunda Rueda - M16 - Grupo ll - Nivel 1 - Intermedia Equipos B | Juveniles - Segunda rueda - M 16 - Nivel 2 - Grupo II - Desarrollo eq B | Menores de 16 - Grupo 2 - Intermedia - Equipos B - Segunda Rueda | Menores de 16 - Grupo 2 - Zona A - Equipos B | Menores de 16 - Grupo 2 - Zona B - Equipos B - Primera Rueda | Menores de 16 - Grupo 2 - Zona C - Equipos B | Menores de 16 - Grupo 2 - Zona C - Equipos B - Segunda Rueda | Menores de 16 - Primera Rueda - G2 NIVEL 1 A Eq B,2021 2022 2023 2024 2025 2026,10,,,,falta,ninguna
25,Pueyrredon,Pueyrredon C,C,M16,Juveniles - Primera rueda - M16 - Formativa A | Juveniles - Segunda Rueda - M16 - Formativa B | Menores de 16 - Grupo 1 - Formativa - Segunda Rueda | Menores de 16 - Grupo 1 - Formativa A | Menores de 16 - Grupo 1 - Formativa A - Segunda Rueda | Menores de 16 - Primera Rueda - G1 Formativa A,2022 2023 2024 2026,6,,,,falta,ninguna
4,Regatas Bella Vista,Regatas Bella Vista A,A,M16,Juveniles - Primera rueda - M 16 - Nivel 1 - Grupo II - Zona B | Juveniles - Primera rueda - M16 - Grupo II - Nivel 1 - Zona A | Juveniles - Segunda Rueda - M16 - Grupo ll - Nivel 1 - Ganadores | Juveniles - Segunda rueda - M 16 - Nivel 1 - Grupo II - Ganadores | Menores de 16 - Grupo 2 - Ganadores - Segunda Rueda | Menores de 16 - Grupo 2 - Nivel 1 - Ganadores - Segunda Rueda | Menores de 16 - Grupo 2 - Zona A | Menores de 16 - Grupo 2 - Zona A - Primera Rueda | Menores de 16 - Grupo 2 - Zona A - Segunda Rueda | Menores de 16 - Grupo 2 - Zona B - Equipos A | Menores de 16 - Primera Rueda - G2 NIVEL 1 B,2021 2022 2023 2024 2025 2026,11,,,,falta,ninguna
4,Regatas Bella Vista,Regatas Bella Vista B,B,M16,Juveniles - Primera rueda - M 16 - Nivel 1 - Grupo II - Zona B Eq B | Juveniles - Primera rueda - M16 - Grupo II - Nivel 1 - Zona A Equipos B | Juveniles - Segunda Rueda - M16 - Grupo ll - Nivel 1 - Ganadores Equipos B | Juveniles - Segunda rueda - M 16 - Nivel 1 - Grupo II - Ganadores eq B | Menores de 16 - Grupo 2 - Ganadores - Equipos B - Segunda Rueda | Menores de 16 - Grupo 2 - Nivel 1 - Ganadores - Equipos B - Segunda Rueda | Menores de 16 - Grupo 2 - Zona A - Equipos B | Menores de 16 - Grupo 2 - Zona A - Equipos B - Primera Rueda | Menores de 16 - Grupo 2 - Zona A - Equipos B - Segunda Rueda | Menores de 16 - Grupo 2 - Zona B - Equipos B | Menores de 16 - Primera Rueda - G2 NIVEL 1 B Eq B,2021 2022 2023 2024 2025 2026,11,,,,falta,ninguna
4,Regatas Bella Vista,Regatas Bella Vista C,C,M16,Juveniles - Primera rueda - M 16 - Formativa - Zona A | Juveniles - Primera rueda - M16 - Formativa A | Juveniles - Segunda Rueda - M16 - Formativa A | Juveniles - Segunda rueda - M 16 - Grupo I - Formativa A | Menores de 16 - Grupo 1 - Formativa A | Menores de 16 - Primera Rueda - G2 NIVEL 2 Desarrollo,2023 2024 2025 2026,6,,,,falta,ninguna
4,Regatas Bella Vista,Regatas Bella Vista D,D,M16,Juveniles - Primera rueda - M16 - Formativa B | Juveniles - Segunda Rueda - M16 - Formativa B | Menores de 16 - Primera Rueda - G2 NIVEL 2 Desarrollo Eq B,2024 2026,3,,,,falta,ninguna
88,Rivadavia de Lobos,Rivadavia de Lobos,,M16,Menores de 16 - Grupo 1 - Formativa B | Menores de 16 - Grupo 1 - Formativa B - Segunda Rueda,2023,2,,,,club_no_existe,ninguna
14,San Albano,San Albano A,A,M16,Juveniles - Primera rueda - M 16 - Nivel 2 - Grupo II - Zona C | Juveniles - Primera rueda - M16 - Grupo II - Nivel 2 - Zona C | Juveniles - Segunda Rueda - M16 - Grupo ll - Nivel 2 - Ganadores | Juveniles - Segunda rueda - M 16 - Nivel 2 - Grupo II - Desarrollo | Menores de 16 - Grupo 2 - Intermedia - Segunda Rueda | Menores de 16 - Grupo 2 - Nivel 1 - Intermedia - Segunda Rueda | Menores de 16 - Grupo 2 - Zona B - Equipos A | Menores de 16 - Grupo 2 - Zona B - Primera Rueda | Menores de 16 - Grupo 2 - Zona C | Menores de 16 - Grupo 2 - Zona C - Equipos A | Menores de 16 - Grupo 2 - Zona C - Segunda Rueda | Menores de 16 - Grupo 2 - Zona D - Primera Rueda | Menores de 16 - Grupo 2 - Zona D - Segunda Rueda | Menores de 16 - Primera Rueda - G2 NIVEL 1 A,2021 2022 2023 2024 2025 2026,16,,,,falta,ninguna
14,San Albano,San Albano B,B,M16,Juveniles - Primera rueda - M 16 - Nivel 2 - Grupo II - Zona C Eq B | Juveniles - Primera rueda - M16 - Grupo II - Nivel 2 - Zona C Equipos B | Juveniles - Segunda Rueda - M16 - Grupo ll - Nivel 2 - Ganadores Equipos B | Juveniles - Segunda rueda - M 16 - Nivel 2 - Grupo II - Desarrollo eq B | Menores de 16 - Grupo 2 - Intermedia - Equipos B - Segunda Rueda | Menores de 16 - Grupo 2 - Nivel 2 - Ganadores - Equipos B - Segunda Rueda | Menores de 16 - Grupo 2 - Zona B - Equipos B | Menores de 16 - Grupo 2 - Zona B - Equipos B - Primera Rueda | Menores de 16 - Grupo 2 - Zona C - Equipos B | Menores de 16 - Grupo 2 - Zona C - Equipos B - Segunda Rueda | Menores de 16 - Grupo 2 - Zona D - Equipos B - Primera Rueda | Menores de 16 - Grupo 2 - Zona D - Equipos B - Segunda Rueda | Menores de 16 - Primera Rueda - G2 NIVEL 1 A Eq B,2021 2022 2023 2024 2025 2026,14,,,,falta,ninguna
31,San Andres,San Andres A,A,M16,Juveniles - Primera rueda - M 16 - Nivel 1 - Grupo II - Zona A | Juveniles - Primera rueda - M16 - Grupo II - Nivel 1 - Zona B | Juveniles - Segunda Rueda - M16 - Grupo ll - Nivel 1 - Intermedia | Juveniles - Segunda rueda - M 16 - Nivel 1 - Grupo II - Ganadores | Menores de 16 - Primera Rueda - G2 NIVEL 1 B,2024 2025 2026,5,,,,falta,ninguna
31,San Andres,San Andres B,B,M16,Juveniles - Primera rueda - M 16 - Nivel 1 - Grupo II - Zona A Eq B | Juveniles - Primera rueda - M16 - Grupo II - Nivel 1 - Zona B Equipos B | Juveniles - Segunda Rueda - M16 - Grupo ll - Nivel 1 - Intermedia Equipos B | Juveniles - Segunda rueda - M 16 - Nivel 1 - Grupo II - Ganadores eq B | Menores de 16 - Primera Rueda - G2 NIVEL 1 B Eq B,2024 2025 2026,5,,,,falta,ninguna
31,San Andres,San Andres C,C,M16,Juveniles - Primera rueda - M 16 - Formativa - Zona A | Juveniles - Primera rueda - M16 - Formativa B | Juveniles - Segunda Rueda - M16 - Formativa A | Juveniles - Segunda rueda - M 16 - Grupo I - Formativa A | Menores de 16 - Primera Rueda - G1 Formativa A,2024 2025 2026,5,,,,falta,ninguna
35,San Carlos,San Carlos,,M16,Juveniles - Primera rueda - M 16 - Grupo I - Zona B | Juveniles - Segunda rueda - M 16 - Grupo I - Desarrollo | Menores de 16 - Grupo 1 - Ganadores - Segunda Rueda | Menores de 16 - Grupo 1 - Zona B | Menores de 16 - Grupo 1 - Zona C - Primera Rueda | Menores de 16 - Grupo 1 - Zona C - Segunda Rueda | Menores de 16 - Primera Rueda - G1 B,2021 2022 2023 2025 2026,9,,,,falta,ninguna
35,San Carlos,San Carlos A,A,M16,Juveniles - Primera rueda - M16 - Grupo II - Nivel 2 - Zona C | Juveniles - Segunda Rueda - M16 - Grupo ll - Nivel 2 - Ganadores,2024,2,,,,falta,ninguna
35,San Carlos,San Carlos B,B,M16,Juveniles - Primera rueda - M16 - Grupo II - Nivel 2 - Zona C Equipos B | Juveniles - Segunda Rueda - M16 - Grupo ll - Nivel 2 - Ganadores Equipos B,2024,2,,,,falta,ninguna
18,San Cirano,San Cirano A,A,M16,Juveniles - Primera rueda - M 16 - Nivel 1 - Grupo II - Zona A | Juveniles - Primera rueda - M16 - Grupo II - Nivel 1 - Zona A | Juveniles - Segunda Rueda - M16 - Grupo ll - Nivel 1 - Ganadores | Juveniles - Segunda rueda - M 16 - Nivel 1 - Grupo II - Intermedia | Menores de 16 - Grupo 2 - Ganadores - Segunda Rueda | Menores de 16 - Grupo 2 - Zona A | Menores de 16 - Grupo 2 - Zona A - Primera Rueda | Menores de 16 - Grupo 2 - Zona B - Equipos A | Menores de 16 - Grupo 2 - Zona C - Segunda Rueda | Menores de 16 - Primera Rueda - G2 NIVEL 1 A,2021 2022 2023 2024 2025 2026,10,,,,falta,ninguna
18,San Cirano,San Cirano B,B,M16,Juveniles - Primera rueda - M 16 - Nivel 1 - Grupo II - Zona A Eq B | Juveniles - Primera rueda - M16 - Grupo II - Nivel 1 - Zona A Equipos B | Juveniles - Segunda Rueda - M16 - Grupo ll - Nivel 1 - Ganadores Equipos B | Juveniles - Segunda rueda - M 16 - Nivel 1 - Grupo II - Intermedia eq B | Menores de 16 - Grupo 2 - Ganadores - Equipos B - Segunda Rueda | Menores de 16 - Grupo 2 - Nivel 2 - Ganadores - Equipos B - Segunda Rueda | Menores de 16 - Grupo 2 - Zona A - Equipos B | Menores de 16 - Grupo 2 - Zona A - Equipos B - Primera Rueda | Menores de 16 - Grupo 2 - Zona B - Equipos B | Menores de 16 - Grupo 2 - Zona C - Equipos B - Segunda Rueda | Menores de 16 - Primera Rueda - G2 NIVEL 1 A Eq B,2021 2022 2023 2024 2025 2026,11,,,,falta,ninguna
32,San Fernando,San Fernando,,M16,Juveniles - Primera rueda - M 16 - Grupo I - Zona B | Juveniles - Primera rueda - M16 - Grupo I - Zona A | Juveniles - Segunda rueda - M 16 - Grupo I - Desarrollo | Menores de 16 - Grupo 1 - Zona B - Segunda Rueda | Menores de 16 - Grupo 1 - Zona C - Primera Rueda,2021 2024 2025,5,,,,falta,ninguna
32,San Fernando,San Fernando A,A,M16,Juveniles - Segunda Rueda - M16 - Grupo ll - Nivel 2 - Ganadores | Menores de 16 - Grupo 2 - Desarrollo - Segunda Rueda | Menores de 16 - Grupo 2 - Nivel 1 - Intermedia - Segunda Rueda | Menores de 16 - Grupo 2 - Zona C | Menores de 16 - Grupo 2 - Zona C - Equipos A | Menores de 16 - Primera Rueda - G2 NIVEL 2 C,2022 2023 2024 2026,6,,,,falta,ninguna
32,San Fernando,San Fernando B,B,M16,Juveniles - Segunda Rueda - M16 - Grupo ll - Nivel 2 - Ganadores Equipos B | Menores de 16 - Grupo 2 - Desarrollo - Equipos B - Segunda Rueda | Menores de 16 - Grupo 2 - Zona C - Equipos B | Menores de 16 - Primera Rueda - G2 NIVEL 2 C Eq B,2022 2024 2026,4,,,,falta,ninguna
5,San Luis,San Luis A,A,M16,Juveniles - Primera rueda - M 16 - Nivel 1 - Grupo II - Zona A | Juveniles - Primera rueda - M16 - Grupo II - Nivel 1 - Zona B | Juveniles - Segunda Rueda - M16 - Grupo ll - Nivel 1 - Ganadores | Juveniles - Segunda rueda - M 16 - Nivel 1 - Grupo II - Ganadores | Menores de 16 - Grupo 2 - Desarrollo - Segunda Rueda | Menores de 16 - Grupo 2 - Nivel 1 - Intermedia - Segunda Rueda | Menores de 16 - Grupo 2 - Zona B | Menores de 16 - Grupo 2 - Zona B - Equipos A | Menores de 16 - Grupo 2 - Zona B - Segunda Rueda | Menores de 16 - Grupo 2 - Zona D - Primera Rueda | Menores de 16 - Primera Rueda - G2 NIVEL 2 C,2021 2022 2023 2024 2025 2026,11,,,,falta,ninguna
5,San Luis,San Luis B,B,M16,Juveniles - Primera rueda - M 16 - Nivel 1 - Grupo II - Zona A Eq B | Juveniles - Primera rueda - M16 - Grupo II - Nivel 1 - Zona B Equipos B | Juveniles - Segunda Rueda - M16 - Grupo ll - Nivel 1 - Ganadores Equipos B | Juveniles - Segunda rueda - M 16 - Nivel 1 - Grupo II - Ganadores eq B | Menores de 16 - Grupo 2 - Desarrollo - Equipos B - Segunda Rueda | Menores de 16 - Grupo 2 - Zona B - Equipos B | Menores de 16 - Grupo 2 - Zona B - Equipos B - Segunda Rueda | Menores de 16 - Grupo 2 - Zona D - Equipos B - Primera Rueda | Menores de 16 - Primera Rueda - G2 NIVEL 2 C Eq B,2021 2022 2023 2024 2025 2026,10,,,,falta,ninguna
57,San Marcos,San Marcos,,M16,Juveniles - Primera rueda - M16 - Formativa B | Juveniles - Segunda Rueda - M16 - Formativa B | Menores de 16 - Grupo 1 - Desarrollo - Segunda Rueda | Menores de 16 - Grupo 1 - Zona B | Menores de 16 - Primera Rueda - G1 Formativa B,2022 2024 2026,5,,,,club_no_existe,ninguna
20,San Martin,San Martin A,A,M16,Juveniles - Primera rueda - M 16 - Nivel 1 - Grupo II - Zona B | Juveniles - Primera rueda - M16 - Grupo II - Nivel 1 - Zona A | Juveniles - Segunda Rueda - M16 - Grupo ll - Nivel 2 - Ganadores | Juveniles - Segunda rueda - M 16 - Nivel 2 - Grupo II - Desarrollo | Menores de 16 - Grupo 2 - Intermedia - Segunda Rueda | Menores de 16 - Grupo 2 - Nivel 1 - Ganadores - Segunda Rueda | Menores de 16 - Grupo 2 - Zona A | Menores de 16 - Grupo 2 - Zona A - Equipos A | Menores de 16 - Grupo 2 - Zona C - Primera Rueda | Menores de 16 - Grupo 2 - Zona C - Segunda Rueda | Menores de 16 - Primera Rueda - G2 NIVEL 1 A,2021 2022 2023 2024 2025 2026,11,,,,falta,ninguna
20,San Martin,San Martin B,B,M16,Juveniles - Primera rueda - M 16 - Nivel 1 - Grupo II - Zona B Eq B | Juveniles - Primera rueda - M16 - Grupo II - Nivel 1 - Zona A Equipos B | Juveniles - Segunda Rueda - M16 - Grupo ll - Nivel 2 - Ganadores Equipos B | Juveniles - Segunda rueda - M 16 - Nivel 2 - Grupo II - Desarrollo eq B | Menores de 16 - Grupo 2 - Intermedia - Equipos B - Segunda Rueda | Menores de 16 - Grupo 2 - Nivel 1 - Ganadores - Equipos B - Segunda Rueda | Menores de 16 - Grupo 2 - Zona A - Equipos B | Menores de 16 - Grupo 2 - Zona C - Equipos B - Primera Rueda | Menores de 16 - Grupo 2 - Zona C - Equipos B - Segunda Rueda | Menores de 16 - Primera Rueda - G2 NIVEL 1 A Eq B,2021 2022 2023 2024 2025 2026,11,,,,falta,ninguna
20,San Martin,San Martin C,C,M16,Juveniles - Primera rueda - M16 - Formativa B | Juveniles - Segunda Rueda - M16 - Formativa B | Menores de 16 - Grupo 1 - Formativa B,2023 2024,3,,,,falta,ninguna
56,San Miguel,San Miguel,,M16,Juveniles - Primera rueda - M 16 - Formativa - Zona B | Juveniles - Segunda rueda - M 16 - Grupo I - Formativa B | Menores de 16 - Grupo 1 - Formativa - Segunda Rueda | Menores de 16 - Grupo 1 - Formativa B,2022 2023 2025,4,,,,falta,ninguna
21,San Patricio,San Patricio,,M16,Juveniles - Primera rueda - M 16 - Grupo I - Zona A | Juveniles - Primera rueda - M16 - Grupo I - Zona B | Juveniles - Segunda Rueda - M16 - Grupo l - Ganadores | Juveniles - Segunda rueda - M 16 - Grupo I - Desarrollo | Menores de 16 - Grupo 1 - Ganadores - Segunda Rueda | Menores de 16 - Grupo 1 - Zona A | Menores de 16 - Grupo 1 - Zona B | Menores de 16 - Primera Rueda - G1 A,2022 2023 2024 2025 2026,9,,,,falta,ninguna
21,San Patricio,San Patricio A,A,M16,Menores de 16 - Grupo 2 - Zona D - Segunda Rueda,2021,1,,,,falta,ninguna
21,San Patricio,San Patricio B,B,M16,Menores de 16 - Grupo 2 - Zona D - Equipos B - Segunda Rueda,2021,1,,,,falta,ninguna
1,SIC,SIC A,A,M16,Juveniles - Primera rueda - M 16 - Nivel 1 - Grupo II - Zona A | Juveniles - Primera rueda - M16 - Grupo II - Nivel 1 - Zona A | Juveniles - Segunda Rueda - M16 - Grupo ll - Nivel 1 - Ganadores | Juveniles - Segunda rueda - M 16 - Nivel 1 - Grupo II - Ganadores | Menores de 16 - Grupo 2 - Ganadores - Segunda Rueda | Menores de 16 - Grupo 2 - Nivel 1 - Ganadores - Segunda Rueda | Menores de 16 - Grupo 2 - Zona A | Menores de 16 - Grupo 2 - Zona B - Equipos A | Menores de 16 - Grupo 2 - Zona B - Segunda Rueda | Menores de 16 - Grupo 2 - Zona C - Primera Rueda | Menores de 16 - Primera Rueda - G2 NIVEL 1 A,2021 2022 2023 2024 2025 2026,11,,,,falta,ninguna
1,SIC,SIC B,B,M16,Juveniles - Primera rueda - M 16 - Nivel 1 - Grupo II - Zona A Eq B | Juveniles - Primera rueda - M16 - Grupo II - Nivel 1 - Zona A Equipos B | Juveniles - Segunda Rueda - M16 - Grupo ll - Nivel 1 - Ganadores Equipos B | Juveniles - Segunda rueda - M 16 - Nivel 1 - Grupo II - Ganadores eq B | Menores de 16 - Grupo 2 - Ganadores - Equipos B - Segunda Rueda | Menores de 16 - Grupo 2 - Nivel 1 - Ganadores - Equipos B - Segunda Rueda | Menores de 16 - Grupo 2 - Zona A - Equipos B | Menores de 16 - Grupo 2 - Zona B - Equipos B | Menores de 16 - Grupo 2 - Zona B - Equipos B - Segunda Rueda | Menores de 16 - Grupo 2 - Zona C - Equipos B - Primera Rueda | Menores de 16 - Primera Rueda - G2 NIVEL 1 A Eq B,2021 2022 2023 2024 2025 2026,11,,,,falta,ninguna
1,SIC,SIC C,C,M16,Juveniles - Primera rueda - M 16 - Grupo I - Zona A | Juveniles - Primera rueda - M16 - Grupo I - Zona B | Juveniles - Segunda Rueda - M16 - Grupo l - Ganadores | Juveniles - Segunda rueda - M 16 - Grupo I - Ganadores | Menores de 16 - Grupo 1 - Ganadores - Segunda Rueda | Menores de 16 - Grupo 1 - Zona A | Menores de 16 - Grupo 1 - Zona B | Menores de 16 - Grupo 1 - Zona D - Segunda Rueda | Menores de 16 - Primera Rueda - G2 NIVEL 2 Desarrollo,2021 2022 2023 2024 2025 2026,10,,,,falta,ninguna
1,SIC,SIC D,D,M16,Juveniles - Primera rueda - M 16 - Formativa - Zona A | Juveniles - Primera rueda - M16 - Formativa A | Juveniles - Segunda Rueda - M16 - Formativa A | Juveniles - Segunda rueda - M 16 - Grupo I - Formativa A | Menores de 16 - Grupo 1 - Formativa - Primera Rueda | Menores de 16 - Grupo 1 - Formativa - Segunda Rueda | Menores de 16 - Grupo 1 - Formativa A | Menores de 16 - Grupo 1 - Formativa A - Segunda Rueda | Menores de 16 - Primera Rueda - G2 NIVEL 2 Desarrollo Eq B,2022 2023 2024 2025 2026,9,,,,falta,ninguna
43,SITAS,SITAS,,M16,Juveniles - Primera rueda - M16 - Grupo I - Zona A | Juveniles - Segunda Rueda - M16 - Grupo l - Ganadores | Menores de 16 - Grupo 1 - Ganadores - Segunda Rueda | Menores de 16 - Grupo 1 - Zona B | Menores de 16 - Primera Rueda - G1 B,2022 2023 2024 2026,6,,,,falta,ninguna
43,SITAS,SITAS A,A,M16,Juveniles - Primera rueda - M 16 - Nivel 1 - Grupo II - Zona B | Juveniles - Segunda rueda - M 16 - Nivel 2 - Grupo II - Desarrollo | Menores de 16 - Grupo 2 - Desarrollo - Segunda Rueda | Menores de 16 - Grupo 2 - Zona D - Segunda Rueda,2021 2022 2025,4,,,,falta,ninguna
43,SITAS,SITAS B,B,M16,Juveniles - Primera rueda - M 16 - Nivel 1 - Grupo II - Zona B Eq B | Juveniles - Segunda rueda - M 16 - Nivel 2 - Grupo II - Desarrollo eq B | Menores de 16 - Grupo 2 - Desarrollo - Equipos B - Segunda Rueda | Menores de 16 - Grupo 2 - Zona D - Equipos B - Segunda Rueda,2021 2022 2025,4,,,,falta,ninguna
58,St. Brendans,St. Brendans,,M16,Juveniles - Primera rueda - M 16 - Formativa - Zona B | Juveniles - Segunda rueda - M 16 - Grupo I - Formativa B | Menores de 16 - Grupo 1 - Zona C - Primera Rueda | Menores de 16 - Grupo 1 - Zona D - Segunda Rueda,2021 2025,4,,,,falta,ninguna
72,Tigre,Tigre,,M16,Juveniles - Primera rueda - M 16 - Grupo I - Zona A | Juveniles - Primera rueda - M16 - Grupo I - Zona B | Juveniles - Segunda Rueda - M16 - Grupo l - Desarrollo | Juveniles - Segunda rueda - M 16 - Grupo I - Ganadores | Menores de 16 - Grupo 1 - Desarrollo - Segunda Rueda | Menores de 16 - Grupo 1 - Zona A | Menores de 16 - Grupo 1 - Zona C - Segunda Rueda | Menores de 16 - Primera Rueda - G1 B,2021 2023 2024 2025 2026,8,,,,club_no_existe,ninguna
69,Tiro Federal de Baradero,Tiro Federal de Baradero,,M16,Juveniles - Primera rueda - M 16 - Formativa - Zona B | Juveniles - Segunda rueda - M 16 - Grupo I - Formativa B | Menores de 16 - Grupo 1 - Formativa B | Menores de 16 - Grupo 1 - Formativa B - Segunda Rueda,2023 2025,4,,,,falta,ninguna
62,Tiro Federal de San Pedro,Tiro F de San Pedro ,,M16,Juveniles - Primera rueda - M 16 - Grupo I - Zona A | Juveniles - Segunda rueda - M 16 - Grupo I - Desarrollo | Menores de 16 - Primera Rueda - G1 B,2025 2026,3,,,,club_no_existe,ninguna
29,Universitario de la Plata,Universitario de La Plata,,M16,Juveniles - Primera rueda - M16 - Grupo I - Zona A | Juveniles - Segunda Rueda - M16 - Grupo l - Desarrollo | Menores de 16 - Grupo 1 - Zona B | Menores de 16 - Grupo 1 - Zona C - Segunda Rueda,2021 2022 2023 2024,5,,,,falta,ninguna
29,Universitario de la Plata,Univ. De la Plata A,A,M16,Juveniles - Primera rueda - M 16 - Nivel 2 - Grupo II - Zona C | Juveniles - Segunda rueda - M 16 - Nivel 2 - Grupo II - Desarrollo | Menores de 16 - Grupo 2 - Desarrollo - Segunda Rueda | Menores de 16 - Primera Rueda - G2 NIVEL 2 C,2022 2025 2026,4,,,,falta,ninguna
29,Universitario de la Plata,Univ. De la Plata B,B,M16,Juveniles - Primera rueda - M 16 - Nivel 2 - Grupo II - Zona C Eq B | Juveniles - Segunda rueda - M 16 - Nivel 2 - Grupo II - Desarrollo eq B | Menores de 16 - Grupo 2 - Desarrollo - Equipos B - Segunda Rueda | Menores de 16 - Grupo 2 - Nivel 2 - Ganadores - Equipos B - Segunda Rueda | Menores de 16 - Primera Rueda - G2 NIVEL 2 C Eq B,2022 2023 2025 2026,5,,,,falta,ninguna
68,Varela Jr.,Varela Jr.,,M16,Juveniles - Primera rueda - M 16 - Grupo I - Zona A | Juveniles - Segunda rueda - M 16 - Grupo I - Ganadores | Menores de 16 - Grupo 1 - Desarrollo - Segunda Rueda | Menores de 16 - Grupo 1 - Zona A | Menores de 16 - Grupo 1 - Zona B - Segunda Rueda | Menores de 16 - Grupo 1 - Zona E | Menores de 16 - Primera Rueda - G1 B,2021 2022 2023 2025 2026,9,,,,club_no_existe,ninguna
77,Vicente Lopez,Vicente Lopez,,M16,Juveniles - Primera rueda - M 16 - Formativa - Zona B | Juveniles - Segunda rueda - M 16 - Grupo I - Formativa B | Menores de 16 - Primera Rueda - G1 Formativa B,2025 2026,3,,,,club_no_existe,ninguna
45,Vicentinos,Vicentinos,,M16,Juveniles - Primera rueda - M16 - Grupo I - Zona B | Juveniles - Segunda Rueda - M16 - Grupo l - Ganadores | Menores de 16 - Grupo 1 - Desarrollo - Segunda Rueda | Menores de 16 - Grupo 1 - Formativa B | Menores de 16 - Grupo 1 - Zona B | Menores de 16 - Primera Rueda - G1 A,2022 2023 2024 2026,7,,,,falta,ninguna
45,Vicentinos,Vicentinos A,A,M16,Juveniles - Primera rueda - M 16 - Nivel 2 - Grupo II - Zona C | Juveniles - Segunda rueda - M 16 - Nivel 2 - Grupo II - Desarrollo | Menores de 16 - Grupo 2 - Zona D - Segunda Rueda,2021 2025,3,,,,falta,ninguna
45,Vicentinos,Vicentinos B,B,M16,Juveniles - Primera rueda - M 16 - Nivel 2 - Grupo II - Zona C Eq B | Juveniles - Segunda rueda - M 16 - Nivel 2 - Grupo II - Desarrollo eq B | Menores de 16 - Grupo 2 - Zona D - Equipos B - Segunda Rueda,2021 2025,3,,,,falta,ninguna
55,Virreyes,Virreyes,,M16,Juveniles - Primera rueda - M16 - Grupo I - Zona B | Juveniles - Segunda Rueda - M16 - Grupo l - Ganadores | Menores de 16 - Grupo 1 - Ganadores - Segunda Rueda | Menores de 16 - Grupo 1 - Zona A | Menores de 16 - Grupo 1 - Zona C - Primera Rueda | Menores de 16 - Grupo 1 - Zona C - Segunda Rueda,2021 2023 2024,6,,,,falta,ninguna
55,Virreyes,Virreyes A,A,M16,Juveniles - Primera rueda - M 16 - Nivel 2 - Grupo II - Zona C | Juveniles - Segunda rueda - M 16 - Nivel 2 - Grupo II - Desarrollo | Menores de 16 - Grupo 2 - Desarrollo - Segunda Rueda | Menores de 16 - Grupo 2 - Zona C - Equipos A | Menores de 16 - Primera Rueda - G2 NIVEL 2 Desarrollo,2022 2025 2026,5,,,,falta,ninguna
55,Virreyes,Virreyes B,B,M16,Juveniles - Primera rueda - M 16 - Nivel 2 - Grupo II - Zona C Eq B | Juveniles - Segunda rueda - M 16 - Nivel 2 - Grupo II - Desarrollo eq B | Menores de 16 - Grupo 2 - Desarrollo - Equipos B - Segunda Rueda | Menores de 16 - Grupo 2 - Zona C - Equipos B | Menores de 16 - Primera Rueda - G2 NIVEL 2 Desarrollo Eq B,2022 2025 2026,5,,,,falta,ninguna
61,Albatros,Albatros,,M17,Juveniles - Primera rueda - M 17 - Grupo I - Zona A | Juveniles - Primera rueda - M17 - Formativa B | Juveniles - Segunda rueda - M 17 - Grupo I - Desarrollo | Menores de 17 - Grupo 1 - Formativa B - Segunda Rueda | Menores de 17 - Grupo 1 - Intermedia - Segunda Rueda | Menores de 17 - Grupo 1 - Zona A | Menores de 17 - Grupo 1 - Zona C | Menores de 17 - Primera Rueda - G1 B,2022 2023 2024 2025 2026,8,,,,club_no_existe,ninguna
74,Almafuerte,Almafuerte,,M17,Juveniles - Primera rueda - M 17 - Formativa - Zona C | Juveniles - Primera rueda - M17 - Formativa B | Juveniles - Segunda Rueda - M17 - Grupo l - Desarrollo | Juveniles - Segunda rueda - M 17 - Formativa - Zona B | Menores de 17 - Grupo 1 - Desarrollo - Segunda Rueda | Menores de 17 - Grupo 1 - Intermedia - Segunda Rueda | Menores de 17 - Grupo 1 - Zona A - Segunda Rueda | Menores de 17 - Grupo 1 - Zona B - Primera Rueda | Menores de 17 - Grupo 1 - Zona C | Menores de 17 - Primera Rueda - G1 Formativo  C,2021 2022 2023 2024 2025 2026,11,,,,club_no_existe,ninguna
12,Alumni,Alumni A,A,M17,Juveniles - Primera rueda - M 17 - Nivel 1 - Grupo II - Zona A | Juveniles - Primera rueda - M17 - Grupo II - Nivel 1 - Zona B | Juveniles - Segunda Rueda - M17 - Grupo ll - Nivel 1 - Intermedia | Juveniles - Segunda rueda - M 17 - Nivel 1 - Grupo II - Ganadores | Menores de 17 - Grupo 2 - Ganadores - Segunda rueda | Menores de 17 - Grupo 2 - Nivel 1 - Ganadores - Segunda Rueda | Menores de 17 - Grupo 2 - Zona A - Primera Rueda | Menores de 17 - Grupo 2 - Zona B | Menores de 17 - Grupo 2 - Zona B - Equipos A | Menores de 17 - Grupo 2 - Zona B - Segunda Rueda | Menores de 17 - Primera Rueda - G2 NIVEL 1 A,2021 2022 2023 2024 2025 2026,11,asoc-alumni-m17-a,"Asoc. Alumni M17 ""A""",urba,existe,exacto
12,Alumni,Alumni B,B,M17,Juveniles - Primera rueda - M 17 - Nivel 1 - Grupo II - Zona A Eq B | Juveniles - Primera rueda - M17 - Grupo II - Nivel 1 - Zona B Equipos B | Juveniles - Segunda Rueda - M17 - Grupo ll - Nivel 1 - Intermedia Equipos B | Juveniles - Segunda rueda - M 17 - Nivel 1 - Grupo II - Ganadores eq B | Menores de 17 - Grupo 2 - Ganadores - Equipos B - Segunda rueda | Menores de 17 - Grupo 2 - Nivel 1 - Ganadores - Equipos B - Segunda Rueda | Menores de 17 - Grupo 2 - Zona A - Equipos B - Primera Rueda | Menores de 17 - Grupo 2 - Zona B - Equipos B | Menores de 17 - Grupo 2 - Zona B - Equipos B - Segunda Rueda | Menores de 17 - Primera Rueda - G2 NIVEL 1 A Eq B,2021 2022 2023 2024 2025 2026,11,asoc-alumni-m17-b,"Asoc. Alumni M17 ""B""",urba,existe,exacto
12,Alumni,Alumni C,C,M17,Juveniles - Primera rueda - M 17 - Formativa - Zona A | Juveniles - Segunda rueda - M 17 - Formativa - Zona A | Menores de 17 - Grupo 1 - Formativa A - Primera Rueda | Menores de 17 - Grupo 1 - Formativa A - Segunda Rueda | Menores de 17 - Primera Rueda - G1 Formativo  A,2022 2025 2026,5,,,,falta,ninguna
46,Areco,Areco,,M17,Juveniles - Primera rueda - M 17 - Grupo I - Zona A | Juveniles - Primera rueda - M17 - Grupo I - Zona A | Juveniles - Segunda Rueda - M17 - Grupo l - Ganadores | Juveniles - Segunda rueda - M 17 - Grupo I - Ganadores | Menores de 17 - Grupo 1 - Desarrollo - Segunda Rueda | Menores de 17 - Grupo 1 - Formativa B | Menores de 17 - Grupo 1 - Intermedia - Segunda Rueda | Menores de 17 - Grupo 1 - Zona A | Menores de 17 - Grupo 1 - Zona A - Primera Rueda | Menores de 17 - Grupo 1 - Zona B - Segunda Rueda | Menores de 17 - Primera Rueda - G1 A,2021 2022 2023 2024 2025 2026,11,,,,falta,ninguna
53,Argentino,Argentino,,M17,Juveniles - Primera rueda - M 17 - Grupo I - Zona B | Juveniles - Segunda Rueda - M17 - Grupo l - Ganadores | Juveniles - Segunda rueda - M 17 - Grupo I - Desarrollo | Menores de 17 - Grupo 1 - Ganadores - Segunda Rueda | Menores de 17 - Grupo 1 - Zona A | Menores de 17 - Grupo 1 - Zona B | Menores de 17 - Primera Rueda - G1 A,2022 2023 2024 2025 2026,8,,,,falta,ninguna
53,Argentino,Argentino A,A,M17,Juveniles - Primera rueda - M17 - Grupo II - Nivel 2 - Zona C,2024,1,,,,falta,ninguna
53,Argentino,Argentino B,B,M17,Juveniles - Primera rueda - M17 - Grupo II - Nivel 2 - Zona C Equipos B,2024,1,,,,falta,ninguna
67,Arsenal Zarate,Arsenal Zarate,,M17,Juveniles - Primera rueda - M 17 - Grupo I - Zona C | Juveniles - Primera rueda - M17 - Formativa C | Juveniles - Segunda Rueda - M17 - Formativa B | Juveniles - Segunda rueda - M 17 - Formativa - Zona C | Menores de 17 - Grupo 1 - Formativa B - Segunda Rueda | Menores de 17 - Grupo 1 - Intermedia - Segunda Rueda | Menores de 17 - Grupo 1 - Zona C | Menores de 17 - Primera Rueda - G1 Formativo  C,2022 2023 2024 2025 2026,8,,,,club_no_existe,ninguna
60,Atletico Chascomus,Atletico Chascomus,,M17,Juveniles - Primera rueda - M 17 - Grupo I - Zona C | Juveniles - Primera rueda - M17 - Grupo I - Zona B | Juveniles - Segunda Rueda - M17 - Grupo l - Ganadores | Menores de 17 - Grupo 1 - Ganadores - Segunda Rueda | Menores de 17 - Grupo 1 - Intermedia - Segunda Rueda | Menores de 17 - Grupo 1 - Zona B | Menores de 17 - Primera Rueda - G1 C,2022 2023 2024 2025 2026,7,,,,club_no_existe,ninguna
60,Atletico Chascomus,Atl. Chascomus A,A,M17,Juveniles - Segunda rueda - M 17 - Nivel 2 - Grupo II - Desarrollo,2025,1,,,,club_no_existe,ninguna
60,Atletico Chascomus,Atl. Chascomus B,B,M17,Juveniles - Segunda rueda - M 17 - Nivel 2 - Grupo II - Desarrollo eq B,2025,1,,,,club_no_existe,ninguna
75,Atletico San Andres,Atletico San Andres,,M17,Juveniles - Primera rueda - M17 - Formativa C | Menores de 17 - Grupo 1 - Formativa A - Primera Rueda | Menores de 17 - Grupo 1 - Formativa A - Segunda Rueda | Menores de 17 - Grupo 1 - Formativa B | Menores de 17 - Grupo 1 - Formativa B - Segunda Rueda | Menores de 17 - Primera Rueda - G1 Formativo  C,2022 2023 2024 2026,6,,,,falta,ninguna
63,Atletico y Progreso,Atletico y Progreso,,M17,Juveniles - Primera rueda - M 17 - Formativa - Zona C | Juveniles - Primera rueda - M17 - Grupo I - Zona A | Juveniles - Segunda Rueda - M17 - Formativa B | Juveniles - Segunda rueda - M 17 - Formativa - Zona A | Menores de 17 - Grupo 1 - Ganadores - Segunda Rueda | Menores de 17 - Grupo 1 - Zona C,2022 2023 2024 2025,8,,,,club_no_existe,ninguna
80,Banco Hipotecario,Banco Hipotecario,,M17,Juveniles - Primera rueda - M 17 - Formativa - Zona C | Juveniles - Segunda rueda - M 17 - Formativa - Zona C | Menores de 17 - Grupo 1 - Formativa B | Menores de 17 - Grupo 1 - Formativa B - Primera Rueda | Menores de 17 - Grupo 1 - Formativa B - Segunda Rueda | Menores de 17 - Primera Rueda - G1 Formativo  C,2022 2023 2025 2026,7,,,,club_no_existe,ninguna
40,Banco Nacion,Banco Nacion,,M17,Juveniles - Primera rueda - M 17 - Grupo I - Zona B | Juveniles - Primera rueda - M17 - Grupo I - Zona A | Juveniles - Segunda rueda - M 17 - Grupo I - Ganadores | Menores de 17 - Grupo 1 - Ganadores - Segunda Rueda | Menores de 17 - Grupo 1 - Intermedia - Segunda Rueda | Menores de 17 - Grupo 1 - Zona A | Menores de 17 - Primera Rueda - G1 A,2022 2023 2024 2025 2026,7,,,,falta,ninguna
40,Banco Nacion,Banco Nacion A,A,M17,Juveniles - Segunda Rueda - M17 - Grupo ll - Nivel 2 - Ganadores,2024,1,,,,falta,ninguna
40,Banco Nacion,Banco Nacion B,B,M17,Juveniles - Segunda Rueda - M17 - Grupo ll - Nivel 2 - Ganadores Equipos B,2024,1,,,,falta,ninguna
7,Belgrano Athletic,Belgrano Athletic A,A,M17,Juveniles - Primera rueda - M 17 - Nivel 1 - Grupo II - Zona A | Juveniles - Primera rueda - M17 - Grupo II - Nivel 1 - Zona A | Juveniles - Segunda Rueda - M17 - Grupo ll - Nivel 1 - Ganadores | Juveniles - Segunda rueda - M 17 - Nivel 1 - Grupo II - Intermedia | Menores de 17 - Grupo 2 - Ganadores - Segunda rueda | Menores de 17 - Grupo 2 - Nivel 1 - Ganadores - Segunda Rueda | Menores de 17 - Grupo 2 - Zona A | Menores de 17 - Grupo 2 - Zona A - Primera Rueda | Menores de 17 - Grupo 2 - Zona B - Equipos A | Menores de 17 - Grupo 2 - Zona B - Segunda Rueda | Menores de 17 - Primera Rueda - G2 NIVEL 1 B,2021 2022 2023 2024 2025 2026,11,belgrano-athletic-m17-a,"Belgrano Athletic M17 ""A""",urba,existe,exacto
7,Belgrano Athletic,Belgrano Athletic B,B,M17,Juveniles - Primera rueda - M 17 - Nivel 1 - Grupo II - Zona A Eq B | Juveniles - Primera rueda - M17 - Grupo II - Nivel 1 - Zona A Equipos B | Juveniles - Segunda Rueda - M17 - Grupo ll - Nivel 1 - Ganadores Equipos B | Juveniles - Segunda rueda - M 17 - Nivel 1 - Grupo II - Intermedia eq B | Menores de 17 - Grupo 2 - Ganadores - Equipos B - Segunda rueda | Menores de 17 - Grupo 2 - Nivel 1 - Ganadores - Equipos B - Segunda Rueda | Menores de 17 - Grupo 2 - Zona A - Equipos B | Menores de 17 - Grupo 2 - Zona A - Equipos B - Primera Rueda | Menores de 17 - Grupo 2 - Zona B - Equipos B | Menores de 17 - Grupo 2 - Zona B - Equipos B - Segunda Rueda | Menores de 17 - Primera Rueda - G2 NIVEL 1 B Eq B,2021 2022 2023 2024 2025 2026,11,belgrano-athletic-m17-b,"Belgrano Athletic M17 ""B""",urba,existe,exacto
7,Belgrano Athletic,Belgrano Athletic C,C,M17,Juveniles - Primera rueda - M 17 - Formativa - Zona A | Juveniles - Primera rueda - M17 - Formativa A | Juveniles - Segunda Rueda - M17 - Formativa A | Juveniles - Segunda rueda - M 17 - Formativa - Zona B | Menores de 17 - Grupo 1 - Formativa A | Menores de 17 - Grupo 1 - Formativa A - Segunda Rueda | Menores de 17 - Primera Rueda - G1 Formativo  B,2021 2023 2024 2025 2026,8,,,,falta,ninguna
89,Berisso,Berisso Rugby Club,,M17,Menores de 17 - Grupo 1 - Formativa A - Segunda Rueda | Menores de 17 - Grupo 1 - Formativa B - Primera Rueda | Menores de 17 - Grupo 1 - Formativa B - Segunda Rueda | Menores de 17 - Grupo 1 - Zona B - Primera Rueda | Menores de 17 - Primera Rueda - G1 Formativo  A,2021 2022 2026,5,,,,club_no_existe,ninguna
71,Beromama,Beromama,,M17,Juveniles - Primera rueda - M 17 - Grupo I - Zona B | Juveniles - Primera rueda - M17 - Grupo I - Zona A | Juveniles - Segunda Rueda - M17 - Grupo l - Desarrollo | Juveniles - Segunda rueda - M 17 - Grupo I - Desarrollo | Menores de 17 - Grupo 1 - Desarrollo - Segunda Rueda | Menores de 17 - Grupo 1 - Zona C | Menores de 17 - Primera Rueda - G1 C,2022 2023 2024 2025 2026,9,,,,club_no_existe,ninguna
8,Buenos Aires CRC,Buenos Aires A,A,M17,Juveniles - Primera rueda - M 17 - Nivel 1 - Grupo II - Zona B | Juveniles - Primera rueda - M17 - Grupo II - Nivel 1 - Zona A | Juveniles - Segunda Rueda - M17 - Grupo ll - Nivel 1 - Intermedia | Juveniles - Segunda rueda - M 17 - Nivel 1 - Grupo II - Intermedia | Menores de 17 - Grupo 2 - Intermedia - Segunda rueda | Menores de 17 - Grupo 2 - Nivel 1 - Ganadores - Segunda Rueda | Menores de 17 - Grupo 2 - Zona A | Menores de 17 - Grupo 2 - Zona A - Primera Rueda | Menores de 17 - Grupo 2 - Zona B - Equipos A | Menores de 17 - Grupo 2 - Zona B - Segunda Rueda | Menores de 17 - Primera Rueda - G2 NIVEL 1 A,2021 2022 2023 2024 2025 2026,11,buenos-aires-crc-m17-a,"Buenos Aires CRC M17 ""A""",urba,existe,exacto
8,Buenos Aires CRC,Buenos Aires B,B,M17,Juveniles - Primera rueda - M 17 - Nivel 1 - Grupo II - Zona B Eq B | Juveniles - Primera rueda - M17 - Grupo II - Nivel 1 - Zona A Equipos B | Juveniles - Segunda Rueda - M17 - Grupo ll - Nivel 1 - Intermedia Equipos B | Juveniles - Segunda rueda - M 17 - Nivel 1 - Grupo II - Intermedia eq B | Menores de 17 - Grupo 2 - Intermedia - Equipos B - Segunda rueda | Menores de 17 - Grupo 2 - Nivel 1 - Ganadores - Equipos B - Segunda Rueda | Menores de 17 - Grupo 2 - Zona A - Equipos B | Menores de 17 - Grupo 2 - Zona A - Equipos B - Primera Rueda | Menores de 17 - Grupo 2 - Zona B - Equipos B | Menores de 17 - Grupo 2 - Zona B - Equipos B - Segunda Rueda | Menores de 17 - Primera Rueda - G2 NIVEL 1 A Eq B,2021 2022 2023 2024 2025 2026,11,buenos-aires-crc-m17-b,"Buenos Aires CRC M17 ""B""",urba,existe,exacto
8,Buenos Aires CRC,Buenos Aires C,C,M17,Juveniles - Primera rueda - M 17 - Formativa - Zona B | Juveniles - Primera rueda - M17 - Formativa A | Juveniles - Segunda rueda - M 17 - Formativa - Zona B | Menores de 17 - Grupo 1 - Formativa A | Menores de 17 - Grupo 1 - Formativa A - Segunda Rueda | Menores de 17 - Primera Rueda - G1 Formativo  A,2023 2024 2025 2026,6,,,,falta,ninguna
27,C.U. de Quilmes,C.U. de Quilmes,,M17,Juveniles - Primera rueda - M17 - Grupo I - Zona A | Menores de 17 - Grupo 1 - Ganadores - Segunda Rueda | Menores de 17 - Grupo 1 - Zona A | Menores de 17 - Primera Rueda - G1 C,2022 2024 2026,4,,,,falta,ninguna
27,C.U. de Quilmes,C.U. de Quilmes A,A,M17,Juveniles - Primera rueda - M 17 - Nivel 1 - Grupo II - Zona A | Juveniles - Segunda Rueda - M17 - Grupo ll - Nivel 2 - Ganadores | Juveniles - Segunda rueda - M 17 - Nivel 2 - Grupo II - Desarrollo | Menores de 17 - Grupo 2 - Nivel 2 - Ganadores - Segunda Rueda | Menores de 17 - Grupo 2 - Zona C | Menores de 17 - Grupo 2 - Zona C - Primera Rueda,2021 2023 2024 2025,6,,,,falta,ninguna
27,C.U. de Quilmes,C.U. de Quilmes B,B,M17,Juveniles - Primera rueda - M 17 - Nivel 1 - Grupo II - Zona A Eq B | Juveniles - Segunda Rueda - M17 - Grupo ll - Nivel 2 - Ganadores Equipos B | Juveniles - Segunda rueda - M 17 - Nivel 2 - Grupo II - Desarrollo eq B | Menores de 17 - Grupo 2 - Nivel 2 - Ganadores - Equipos B - Segunda Rueda | Menores de 17 - Grupo 2 - Zona C - Equipos B | Menores de 17 - Grupo 2 - Zona C - Equipos B - Primera Rueda,2021 2023 2024 2025,6,,,,falta,ninguna
49,CASA de Padua,CASA de Padua,,M17,Menores de 17 - Grupo 1 - Intermedia - Segunda Rueda | Menores de 17 - Grupo 1 - Zona A | Menores de 17 - Grupo 1 - Zona A - Primera Rueda | Menores de 17 - Grupo 1 - Zona B - Segunda Rueda,2021 2022 2023,5,,,,falta,ninguna
49,CASA de Padua,CASA de Padua A,A,M17,Juveniles - Primera rueda - M 17 - Nivel 2 - Grupo II - Zona C | Juveniles - Segunda rueda - M 17 - Nivel 2 - Grupo II - Desarrollo | Menores de 17 - Primera Rueda - G2 NIVEL 1 A,2025 2026,3,casa-de-padua-m17-a,"CASA de Padua M17 ""A""",urba,existe,exacto
49,CASA de Padua,CASA de Padua B,B,M17,Juveniles - Primera rueda - M 17 - Nivel 2 - Grupo II - Zona C Eq B | Juveniles - Segunda rueda - M 17 - Nivel 2 - Grupo II - Desarrollo eq B | Menores de 17 - Primera Rueda - G2 NIVEL 1 A Eq B,2025 2026,3,casa-de-padua-m17-b,"CASA de Padua M17 ""B""",urba,existe,exacto
3,CASI,CASI A,A,M17,Juveniles - Primera rueda - M 17 - Nivel 1 - Grupo II - Zona B | Juveniles - Primera rueda - M17 - Grupo II - Nivel 1 - Zona A | Juveniles - Segunda Rueda - M17 - Grupo ll - Nivel 1 - Ganadores | Juveniles - Segunda rueda - M 17 - Nivel 1 - Grupo II - Intermedia | Menores de 17 - Grupo 2 - Ganadores - Segunda rueda | Menores de 17 - Grupo 2 - Nivel 2 - Ganadores - Segunda Rueda | Menores de 17 - Grupo 2 - Zona A | Menores de 17 - Grupo 2 - Zona A - Segunda Rueda | Menores de 17 - Grupo 2 - Zona B - Equipos A | Menores de 17 - Grupo 2 - Zona B - Primera Rueda | Menores de 17 - Primera Rueda - G2 NIVEL 1 B,2021 2022 2023 2024 2025 2026,11,casi-m17-a,"CASI M17 ""A""",urba,existe,exacto
3,CASI,CASI B,B,M17,Juveniles - Primera rueda - M 17 - Nivel 1 - Grupo II - Zona B Eq B | Juveniles - Primera rueda - M17 - Grupo II - Nivel 1 - Zona A Equipos B | Juveniles - Segunda Rueda - M17 - Grupo ll - Nivel 1 - Ganadores Equipos B | Juveniles - Segunda rueda - M 17 - Nivel 1 - Grupo II - Intermedia eq B | Menores de 17 - Grupo 2 - Ganadores - Equipos B - Segunda rueda | Menores de 17 - Grupo 2 - Nivel 2 - Ganadores - Equipos B - Segunda Rueda | Menores de 17 - Grupo 2 - Zona A - Equipos B | Menores de 17 - Grupo 2 - Zona A - Equipos B - Segunda Rueda | Menores de 17 - Grupo 2 - Zona B - Equipos B | Menores de 17 - Grupo 2 - Zona B - Equipos B - Primera Rueda | Menores de 17 - Primera Rueda - G2 NIVEL 1 B Eq B,2021 2022 2023 2024 2025 2026,11,casi-m17-b,"CASI M17 ""B""",urba,existe,exacto
3,CASI,CASI C,C,M17,Juveniles - Primera rueda - M 17 - Formativa - Zona B | Juveniles - Primera rueda - M17 - Formativa A | Juveniles - Segunda Rueda - M17 - Formativa A | Juveniles - Segunda rueda - M 17 - Formativa - Zona B | Menores de 17 - Grupo 1 - Formativa A - Segunda Rueda | Menores de 17 - Primera Rueda - G1 Formativo  B,2023 2024 2025 2026,6,,,,falta,ninguna
42,Centro Naval,Centro Naval,,M17,Juveniles - Primera rueda - M 17 - Grupo I - Zona B | Juveniles - Primera rueda - M17 - Grupo I - Zona B | Juveniles - Segunda Rueda - M17 - Grupo l - Desarrollo | Juveniles - Segunda rueda - M 17 - Grupo I - Desarrollo | Menores de 17 - Grupo 1 - Desarrollo - Segunda Rueda | Menores de 17 - Grupo 1 - Ganadores - Segunda Rueda | Menores de 17 - Grupo 1 - Zona B | Menores de 17 - Grupo 1 - Zona C | Menores de 17 - Primera Rueda - G1 B,2022 2023 2024 2025 2026,9,,,,falta,ninguna
11,Champagnat,Champagnat A,A,M17,Juveniles - Primera rueda - M 17 - Nivel 1 - Grupo II - Zona A | Juveniles - Primera rueda - M17 - Grupo II - Nivel 1 - Zona B | Juveniles - Segunda Rueda - M17 - Grupo ll - Nivel 1 - Ganadores | Juveniles - Segunda rueda - M 17 - Nivel 1 - Grupo II - Ganadores | Menores de 17 - Grupo 2 - Ganadores - Segunda rueda | Menores de 17 - Grupo 2 - Nivel 1 - Ganadores - Segunda Rueda | Menores de 17 - Grupo 2 - Zona A | Menores de 17 - Grupo 2 - Zona A - Equipos A | Menores de 17 - Grupo 2 - Zona A - Primera Rueda | Menores de 17 - Grupo 2 - Zona B - Segunda Rueda | Menores de 17 - Primera Rueda - G2 NIVEL 1 B,2021 2022 2023 2024 2025 2026,11,club-champagnat-m17-a,"Club Champagnat M17 ""A""",urba,existe,exacto
11,Champagnat,Champagnat B,B,M17,Juveniles - Primera rueda - M 17 - Nivel 1 - Grupo II - Zona A Eq B | Juveniles - Primera rueda - M17 - Grupo II - Nivel 1 - Zona B Equipos B | Juveniles - Segunda Rueda - M17 - Grupo ll - Nivel 1 - Ganadores Equipos B | Juveniles - Segunda rueda - M 17 - Nivel 1 - Grupo II - Ganadores eq B | Menores de 17 - Grupo 2 - Ganadores - Equipos B - Segunda rueda | Menores de 17 - Grupo 2 - Nivel 1 - Ganadores - Equipos B - Segunda Rueda | Menores de 17 - Grupo 2 - Zona A - Equipos B | Menores de 17 - Grupo 2 - Zona A - Equipos B - Primera Rueda | Menores de 17 - Grupo 2 - Zona B - Equipos B - Segunda Rueda | Menores de 17 - Primera Rueda - G2 NIVEL 1 B Eq B,2021 2022 2023 2024 2025 2026,11,club-champagnat-m17-b,"Club Champagnat M17 ""B""",urba,existe,exacto
11,Champagnat,Champagnat C,C,M17,Juveniles - Primera rueda - M 17 - Formativa - Zona A | Juveniles - Primera rueda - M17 - Formativa A | Juveniles - Segunda Rueda - M17 - Formativa A | Juveniles - Segunda rueda - M 17 - Formativa - Zona A | Menores de 17 - Grupo 1 - Formativa A | Menores de 17 - Grupo 1 - Formativa A - Segunda Rueda | Menores de 17 - Primera Rueda - G1 Formativo  B,2023 2024 2025 2026,7,,,,falta,ninguna
54,Ciudad de Bs.As.,Ciudad de Bs.As.,,M17,Juveniles - Primera rueda - M 17 - Grupo I - Zona A | Juveniles - Segunda rueda - M 17 - Grupo I - Desarrollo | Menores de 17 - Grupo 1 - Formativa A - Segunda Rueda | Menores de 17 - Grupo 1 - Formativa B - Primera Rueda | Menores de 17 - Primera Rueda - G1 C,2022 2025 2026,5,,,,falta,ninguna
54,Ciudad de Bs.As.,Ciudad de Bs.As. A,A,M17,Juveniles - Primera rueda - M17 - Grupo II - Nivel 2 - Zona C | Juveniles - Segunda Rueda - M17 - Grupo ll - Nivel 1 - Intermedia | Menores de 17 - Grupo 2 - Nivel 2 - Ganadores - Segunda Rueda | Menores de 17 - Grupo 2 - Zona C,2023 2024,4,,,,falta,ninguna
54,Ciudad de Bs.As.,Ciudad de Bs.As. B,B,M17,Juveniles - Primera rueda - M17 - Grupo II - Nivel 2 - Zona C Equipos B | Juveniles - Segunda Rueda - M17 - Grupo ll - Nivel 1 - Intermedia Equipos B | Menores de 17 - Grupo 2 - Nivel 2 - Ganadores - Equipos B - Segunda Rueda | Menores de 17 - Grupo 2 - Zona C - Equipos B,2023 2024,4,,,,falta,ninguna
76,Ciudad de Campana,Ciudad De Campana,,M17,Juveniles - Primera rueda - M 17 - Formativa - Zona D | Juveniles - Primera rueda - M17 - Grupo I - Zona B | Juveniles - Segunda Rueda - M17 - Grupo l - Ganadores | Juveniles - Segunda rueda - M 17 - Formativa - Zona B | Menores de 17 - Grupo 1 - Desarrollo - Segunda Rueda | Menores de 17 - Grupo 1 - Zona C | Menores de 17 - Primera Rueda - G1 Formativo  C,2023 2024 2025 2026,7,,,,club_no_existe,ninguna
2,CUBA,CUBA A,A,M17,Juveniles - Primera rueda - M 17 - Nivel 1 - Grupo II - Zona B | Juveniles - Primera rueda - M17 - Grupo II - Nivel 1 - Zona A | Juveniles - Segunda Rueda - M17 - Grupo ll - Nivel 1 - Ganadores | Juveniles - Segunda rueda - M 17 - Nivel 1 - Grupo II - Ganadores | Menores de 17 - Grupo 2 - Ganadores - Segunda rueda | Menores de 17 - Grupo 2 - Nivel 1 - Ganadores - Segunda Rueda | Menores de 17 - Grupo 2 - Zona A - Equipos A | Menores de 17 - Grupo 2 - Zona A - Segunda Rueda | Menores de 17 - Grupo 2 - Zona B | Menores de 17 - Grupo 2 - Zona B - Primera Rueda | Menores de 17 - Primera Rueda - G2 NIVEL 1 A,2021 2022 2023 2024 2025 2026,11,cuba-m17-a,"CUBA M17 ""A""",urba,existe,exacto
2,CUBA,CUBA B,B,M17,Juveniles - Primera rueda - M 17 - Nivel 1 - Grupo II - Zona B Eq B | Juveniles - Primera rueda - M17 - Grupo II - Nivel 1 - Zona A Equipos B | Juveniles - Segunda Rueda - M17 - Grupo ll - Nivel 1 - Ganadores Equipos B | Juveniles - Segunda rueda - M 17 - Nivel 1 - Grupo II - Ganadores eq B | Menores de 17 - Grupo 2 - Ganadores - Equipos B - Segunda rueda | Menores de 17 - Grupo 2 - Nivel 1 - Ganadores - Equipos B - Segunda Rueda | Menores de 17 - Grupo 2 - Zona A - Equipos B | Menores de 17 - Grupo 2 - Zona A - Equipos B - Segunda Rueda | Menores de 17 - Grupo 2 - Zona B - Equipos B | Menores de 17 - Grupo 2 - Zona B - Equipos B - Primera Rueda | Menores de 17 - Primera Rueda - G2 NIVEL 1 A Eq B,2021 2022 2023 2024 2025 2026,11,cuba-m17-b,"CUBA M17 ""B""",urba,existe,exacto
2,CUBA,CUBA C,C,M17,Juveniles - Primera rueda - M 17 - Grupo I - Zona B | Juveniles - Primera rueda - M17 - Formativa A | Juveniles - Segunda Rueda - M17 - Formativa A | Juveniles - Segunda rueda - M 17 - Grupo I - Ganadores | Menores de 17 - Grupo 1 - Desarrollo - Segunda Rueda | Menores de 17 - Grupo 1 - Formativa A - Primera Rueda | Menores de 17 - Grupo 1 - Formativa A - Segunda Rueda | Menores de 17 - Grupo 1 - Zona B | Menores de 17 - Primera Rueda - G1 A,2022 2023 2024 2025 2026,9,,,,falta,ninguna
2,CUBA,CUBA D,D,M17,Juveniles - Primera rueda - M 17 - Formativa - Zona B | Juveniles - Segunda rueda - M 17 - Formativa - Zona A | Menores de 17 - Primera Rueda - G1 Formativo  A,2025 2026,3,,,,falta,ninguna
24,Curupayti,Curupayti,,M17,Menores de 17 - Grupo 1 - Zona B,2023,1,,,,falta,ninguna
24,Curupayti,Curupayti A,A,M17,Juveniles - Primera rueda - M 17 - Nivel 1 - Grupo II - Zona B | Juveniles - Primera rueda - M17 - Grupo II - Nivel 2 - Zona C | Juveniles - Segunda Rueda - M17 - Grupo ll - Nivel 2 - Ganadores | Juveniles - Segunda rueda - M 17 - Nivel 2 - Grupo II - Desarrollo | Menores de 17 - Grupo 2 - Intermedia - Segunda rueda | Menores de 17 - Grupo 2 - Nivel 2 - Ganadores - Segunda Rueda | Menores de 17 - Grupo 2 - Zona B - Primera Rueda | Menores de 17 - Grupo 2 - Zona C - Equipos A | Menores de 17 - Grupo 2 - Zona C - Segunda Rueda | Menores de 17 - Primera Rueda - G2 NIVEL 2 C,2021 2022 2023 2024 2025 2026,10,,,,falta,ninguna
24,Curupayti,Curupayti B,B,M17,Juveniles - Primera rueda - M 17 - Nivel 1 - Grupo II - Zona B Eq B | Juveniles - Primera rueda - M17 - Grupo II - Nivel 2 - Zona C Equipos B | Juveniles - Segunda Rueda - M17 - Grupo ll - Nivel 2 - Ganadores Equipos B | Juveniles - Segunda rueda - M 17 - Nivel 2 - Grupo II - Desarrollo eq B | Menores de 17 - Grupo 2 - Intermedia - Equipos B - Segunda rueda | Menores de 17 - Grupo 2 - Nivel 2 - Ganadores - Equipos B - Segunda Rueda | Menores de 17 - Grupo 2 - Zona B - Equipos B - Primera Rueda | Menores de 17 - Grupo 2 - Zona C - Equipos B | Menores de 17 - Grupo 2 - Zona C - Equipos B - Segunda Rueda | Menores de 17 - Primera Rueda - G2 NIVEL 2 C Eq B,2021 2022 2023 2024 2025 2026,10,,,,falta,ninguna
52,Daom,Daom,,M17,Juveniles - Primera rueda - M 17 - Formativa - Zona C | Juveniles - Primera rueda - M17 - Grupo I - Zona B | Juveniles - Segunda Rueda - M17 - Grupo l - Desarrollo | Juveniles - Segunda rueda - M 17 - Formativa - Zona C | Menores de 17 - Grupo 1 - Desarrollo - Segunda Rueda | Menores de 17 - Grupo 1 - Formativa B - Primera Rueda | Menores de 17 - Grupo 1 - Formativa B - Segunda Rueda | Menores de 17 - Grupo 1 - Zona B | Menores de 17 - Primera Rueda - G1 C,2022 2023 2024 2025 2026,9,,,,falta,ninguna
44,Del Sur,Del Sur Rugby,,M17,Juveniles - Primera rueda - M17 - Formativa B | Juveniles - Segunda Rueda - M17 - Grupo l - Desarrollo | Menores de 17 - Grupo 1 - Desarrollo - Segunda Rueda | Menores de 17 - Grupo 1 - Zona B | Menores de 17 - Primera Rueda - G1 C,2022 2024 2026,5,,,,falta,ninguna
44,Del Sur,Del Sur Rugby A,A,M17,Juveniles - Primera rueda - M 17 - Nivel 2 - Grupo II - Zona C | Juveniles - Segunda rueda - M 17 - Nivel 2 - Grupo II - Desarrollo | Menores de 17 - Grupo 2 - Nivel 2 - Ganadores - Segunda Rueda | Menores de 17 - Grupo 2 - Zona C,2023 2025,4,,,,falta,ninguna
44,Del Sur,Del Sur Rugby B,B,M17,Juveniles - Primera rueda - M 17 - Nivel 2 - Grupo II - Zona C Eq B | Juveniles - Segunda rueda - M 17 - Nivel 2 - Grupo II - Desarrollo eq B | Menores de 17 - Grupo 2 - Nivel 2 - Ganadores - Equipos B - Segunda Rueda | Menores de 17 - Grupo 2 - Zona C - Equipos B,2023 2025,4,,,,falta,ninguna
33,Delta,Delta,,M17,Juveniles - Primera rueda - M 17 - Grupo I - Zona B | Juveniles - Primera rueda - M17 - Grupo I - Zona A | Juveniles - Segunda Rueda - M17 - Grupo l - Ganadores | Menores de 17 - Grupo 1 - Zona B - Segunda Rueda | Menores de 17 - Primera Rueda - G1 A,2021 2024 2025 2026,5,,,,falta,ninguna
33,Delta,Delta A,A,M17,Juveniles - Segunda rueda - M 17 - Nivel 2 - Grupo II - Desarrollo | Menores de 17 - Grupo 2 - Intermedia - Segunda rueda | Menores de 17 - Grupo 2 - Nivel 1 - Intermedia - Segunda Rueda | Menores de 17 - Grupo 2 - Zona A - Primera Rueda | Menores de 17 - Grupo 2 - Zona C | Menores de 17 - Grupo 2 - Zona C - Equipos A,2021 2022 2023 2025,6,,,,falta,ninguna
33,Delta,Delta B,B,M17,Juveniles - Segunda rueda - M 17 - Nivel 2 - Grupo II - Desarrollo eq B | Menores de 17 - Grupo 2 - Intermedia - Equipos B - Segunda rueda | Menores de 17 - Grupo 2 - Nivel 1 - Intermedia - Equipos B - Segunda Rueda | Menores de 17 - Grupo 2 - Zona A - Equipos B - Primera Rueda | Menores de 17 - Grupo 2 - Zona C - Equipos B,2021 2022 2023 2025,6,,,,falta,ninguna
17,Deportiva Francesa,Deportiva Francesa A,A,M17,Juveniles - Primera rueda - M 17 - Nivel 1 - Grupo II - Zona B | Juveniles - Primera rueda - M17 - Grupo II - Nivel 1 - Zona B | Juveniles - Segunda Rueda - M17 - Grupo ll - Nivel 1 - Intermedia | Juveniles - Segunda rueda - M 17 - Nivel 1 - Grupo II - Ganadores | Menores de 17 - Grupo 2 - Intermedia - Segunda rueda | Menores de 17 - Grupo 2 - Nivel 1 - Intermedia - Segunda Rueda | Menores de 17 - Grupo 2 - Zona A | Menores de 17 - Grupo 2 - Zona B - Equipos A | Menores de 17 - Grupo 2 - Zona B - Primera Rueda | Menores de 17 - Grupo 2 - Zona C - Segunda Rueda | Menores de 17 - Primera Rueda - G2 NIVEL 1 B,2021 2022 2023 2024 2025 2026,11,deportiva-francesa-m17-a,"Deportiva Francesa M17 ""A""",urba,existe,exacto
17,Deportiva Francesa,Deportiva Francesa B,B,M17,Juveniles - Primera rueda - M 17 - Nivel 1 - Grupo II - Zona B Eq B | Juveniles - Primera rueda - M17 - Grupo II - Nivel 1 - Zona B Equipos B | Juveniles - Segunda Rueda - M17 - Grupo ll - Nivel 1 - Intermedia Equipos B | Juveniles - Segunda rueda - M 17 - Nivel 1 - Grupo II - Ganadores eq B | Menores de 17 - Grupo 2 - Intermedia - Equipos B - Segunda rueda | Menores de 17 - Grupo 2 - Nivel 1 - Intermedia - Equipos B - Segunda Rueda | Menores de 17 - Grupo 2 - Zona A - Equipos B | Menores de 17 - Grupo 2 - Zona B - Equipos B | Menores de 17 - Grupo 2 - Zona B - Equipos B - Primera Rueda | Menores de 17 - Grupo 2 - Zona C - Equipos B - Segunda Rueda | Menores de 17 - Primera Rueda - G2 NIVEL 1 B Eq B,2021 2022 2023 2024 2025 2026,11,deportiva-francesa-m17-b,"Deportiva Francesa M17 ""B""",urba,existe,exacto
17,Deportiva Francesa,Deportiva Francesa C,C,M17,Juveniles - Primera rueda - M 17 - Formativa - Zona B | Juveniles - Segunda rueda - M 17 - Formativa - Zona A | Menores de 17 - Grupo 1 - Formativa A | Menores de 17 - Grupo 1 - Formativa A - Primera Rueda | Menores de 17 - Grupo 1 - Formativa A - Segunda Rueda | Menores de 17 - Primera Rueda - G1 Formativo  B,2022 2023 2025 2026,7,,,,falta,ninguna
37,Don Bosco,Don Bosco,,M17,Juveniles - Primera rueda - M 17 - Grupo I - Zona A | Juveniles - Primera rueda - M17 - Formativa B | Juveniles - Segunda Rueda - M17 - Grupo l - Desarrollo | Menores de 17 - Grupo 1 - Ganadores - Segunda Rueda | Menores de 17 - Grupo 1 - Zona C | Menores de 17 - Primera Rueda - G1 B,2022 2024 2025 2026,6,,,,falta,ninguna
37,Don Bosco,Don Bosco A,A,M17,Juveniles - Segunda rueda - M 17 - Nivel 2 - Grupo II - Desarrollo | Menores de 17 - Grupo 2 - Nivel 2 - Ganadores - Segunda Rueda | Menores de 17 - Grupo 2 - Zona C,2023 2025,3,,,,falta,ninguna
37,Don Bosco,Don Bosco B,B,M17,Juveniles - Segunda rueda - M 17 - Nivel 2 - Grupo II - Desarrollo eq B | Menores de 17 - Grupo 2 - Nivel 2 - Ganadores - Equipos B - Segunda Rueda | Menores de 17 - Grupo 2 - Zona C - Equipos B,2023 2025,3,,,,falta,ninguna
48,El Retiro,El Retiro,,M17,Juveniles - Primera rueda - M 17 - Formativa - Zona D | Juveniles - Segunda Rueda - M17 - Formativa B | Juveniles - Segunda rueda - M 17 - Formativa - Zona C | Menores de 17 - Grupo 1 - Desarrollo - Segunda Rueda | Menores de 17 - Grupo 1 - Formativa B | Menores de 17 - Primera Rueda - G1 A,2023 2024 2025 2026,6,,,,club_no_existe,ninguna
86,Ezeiza,Ezeiza,,M17,Juveniles - Primera rueda - M 17 - Formativa - Zona C | Juveniles - Primera rueda - M17 - Formativa B | Juveniles - Segunda Rueda - M17 - Formativa B | Juveniles - Segunda rueda - M 17 - Formativa - Zona B | Menores de 17 - Grupo 1 - Formativa B | Menores de 17 - Grupo 1 - Formativa B - Segunda Rueda | Menores de 17 - Grupo 1 - Zona B - Primera Rueda | Menores de 17 - Grupo 1 - Zona B - Segunda Rueda | Menores de 17 - Primera Rueda - G1 Formativo  C,2021 2023 2024 2025 2026,9,,,,club_no_existe,ninguna
87,Floresta,Floresta,,M17,Juveniles - Primera rueda - M 17 - Formativa - Zona C | Juveniles - Segunda rueda - M 17 - Formativa - Zona C | Menores de 17 - Grupo 1 - Formativa B | Menores de 17 - Primera Rueda - G1 Formativo  C,2023 2025 2026,4,,,,club_no_existe,ninguna
59,G y E de Ituzaingo,G y E de Ituzaingo,,M17,Juveniles - Primera rueda - M 17 - Grupo I - Zona A | Juveniles - Primera rueda - M17 - Formativa B | Juveniles - Segunda Rueda - M17 - Formativa B | Juveniles - Segunda rueda - M 17 - Grupo I - Ganadores | Menores de 17 - Grupo 1 - Formativa A - Segunda Rueda | Menores de 17 - Grupo 1 - Ganadores - Segunda Rueda | Menores de 17 - Grupo 1 - Zona C | Menores de 17 - Primera Rueda - G1 A,2022 2023 2024 2025 2026,8,,,,club_no_existe,ninguna
30,Gimnasia y Esgrima,Gimnasia y Esgrima Bs. As,,M17,Juveniles - Primera rueda - M17 - Grupo I - Zona A | Juveniles - Segunda Rueda - M17 - Grupo l - Ganadores | Menores de 17 - Grupo 1 - Ganadores - Segunda Rueda | Menores de 17 - Grupo 1 - Intermedia - Segunda Rueda | Menores de 17 - Grupo 1 - Zona A,2022 2023 2024,5,,,,falta,ninguna
30,Gimnasia y Esgrima,G y Esgrima A,A,M17,Juveniles - Primera rueda - M 17 - Nivel 2 - Grupo II - Zona C | Juveniles - Segunda rueda - M 17 - Nivel 1 - Grupo II - Intermedia | Menores de 17 - Grupo 2 - Zona C | Menores de 17 - Primera Rueda - G2 NIVEL 1 B,2023 2025 2026,4,,,,falta,ninguna
30,Gimnasia y Esgrima,G y Esgrima B,B,M17,Juveniles - Primera rueda - M 17 - Nivel 2 - Grupo II - Zona C Eq B | Juveniles - Segunda rueda - M 17 - Nivel 1 - Grupo II - Intermedia eq B | Menores de 17 - Grupo 2 - Zona C - Equipos B | Menores de 17 - Primera Rueda - G2 NIVEL 1 B Eq B,2023 2025 2026,4,,,,falta,ninguna
6,Hindú,Hindu A,A,M17,Juveniles - Primera rueda - M 17 - Nivel 1 - Grupo II - Zona A | Juveniles - Primera rueda - M17 - Grupo II - Nivel 1 - Zona A | Juveniles - Segunda Rueda - M17 - Grupo ll - Nivel 1 - Intermedia | Juveniles - Segunda rueda - M 17 - Nivel 1 - Grupo II - Ganadores | Menores de 17 - Grupo 2 - Ganadores - Segunda rueda | Menores de 17 - Grupo 2 - Nivel 1 - Ganadores - Segunda Rueda | Menores de 17 - Grupo 2 - Zona A - Equipos A | Menores de 17 - Grupo 2 - Zona B | Menores de 17 - Grupo 2 - Zona B - Primera Rueda | Menores de 17 - Grupo 2 - Zona C - Segunda Rueda | Menores de 17 - Primera Rueda - G2 NIVEL 1 A,2021 2022 2023 2024 2025 2026,11,hindu-club-m17-a,"Hindú Club M17 ""A""",urba,existe,exacto
6,Hindú,Hindu B,B,M17,Juveniles - Primera rueda - M 17 - Nivel 1 - Grupo II - Zona A Eq B | Juveniles - Primera rueda - M17 - Grupo II - Nivel 1 - Zona A Equipos B | Juveniles - Segunda Rueda - M17 - Grupo ll - Nivel 1 - Intermedia Equipos B | Juveniles - Segunda rueda - M 17 - Nivel 1 - Grupo II - Ganadores eq B | Menores de 17 - Grupo 2 - Ganadores - Equipos B - Segunda rueda | Menores de 17 - Grupo 2 - Nivel 1 - Ganadores - Equipos B - Segunda Rueda | Menores de 17 - Grupo 2 - Zona A - Equipos B | Menores de 17 - Grupo 2 - Zona B - Equipos B | Menores de 17 - Grupo 2 - Zona B - Equipos B - Primera Rueda | Menores de 17 - Grupo 2 - Zona C - Equipos B - Segunda Rueda | Menores de 17 - Primera Rueda - G2 NIVEL 1 A Eq B,2021 2022 2023 2024 2025 2026,11,hindu-club-m17-b,"Hindú Club M17 ""B""",urba,existe,exacto
19,Hurling,Hurling,,M17,Menores de 17 - Grupo 1 - Zona A - Primera Rueda,2021,1,,,,falta,ninguna
19,Hurling,Hurling A,A,M17,Juveniles - Primera rueda - M 17 - Nivel 1 - Grupo II - Zona B | Juveniles - Primera rueda - M17 - Grupo II - Nivel 2 - Zona C | Juveniles - Segunda Rueda - M17 - Grupo ll - Nivel 2 - Ganadores | Juveniles - Segunda rueda - M 17 - Nivel 1 - Grupo II - Intermedia | Menores de 17 - Grupo 2 - Ganadores - Segunda rueda | Menores de 17 - Grupo 2 - Nivel 1 - Intermedia - Segunda Rueda | Menores de 17 - Grupo 2 - Zona A - Equipos A | Menores de 17 - Grupo 2 - Zona C | Menores de 17 - Primera Rueda - G2 NIVEL 2 C,2022 2023 2024 2025 2026,9,,,,falta,ninguna
19,Hurling,Hurling B,B,M17,Juveniles - Primera rueda - M 17 - Nivel 1 - Grupo II - Zona B Eq B | Juveniles - Primera rueda - M17 - Grupo II - Nivel 2 - Zona C Equipos B | Juveniles - Segunda Rueda - M17 - Grupo ll - Nivel 2 - Ganadores Equipos B | Juveniles - Segunda rueda - M 17 - Nivel 1 - Grupo II - Intermedia eq B | Menores de 17 - Grupo 2 - Ganadores - Equipos B - Segunda rueda | Menores de 17 - Grupo 2 - Nivel 1 - Intermedia - Equipos B - Segunda Rueda | Menores de 17 - Grupo 2 - Zona A - Equipos B | Menores de 17 - Grupo 2 - Zona C - Equipos B | Menores de 17 - Primera Rueda - G2 NIVEL 2 C Eq B,2022 2023 2024 2025 2026,9,,,,falta,ninguna
28,Italiano,Italiano,,M17,Juveniles - Primera rueda - M 17 - Grupo I - Zona A | Juveniles - Segunda rueda - M 17 - Grupo I - Ganadores | Menores de 17 - Grupo 1 - Ganadores - Segunda Rueda | Menores de 17 - Grupo 1 - Intermedia - Segunda Rueda | Menores de 17 - Grupo 1 - Zona C | Menores de 17 - Primera Rueda - G1 B,2022 2023 2025 2026,7,,,,falta,ninguna
28,Italiano,Italiano A,A,M17,Juveniles - Primera rueda - M17 - Grupo II - Nivel 1 - Zona B | Juveniles - Segunda Rueda - M17 - Grupo ll - Nivel 2 - Ganadores,2024,2,,,,falta,ninguna
28,Italiano,Italiano B,B,M17,Juveniles - Primera rueda - M17 - Grupo II - Nivel 1 - Zona B Equipos B | Juveniles - Segunda Rueda - M17 - Grupo ll - Nivel 2 - Ganadores Equipos B,2024,2,,,,falta,ninguna
13,La Plata,La Plata A,A,M17,Juveniles - Primera rueda - M 17 - Nivel 1 - Grupo II - Zona A | Juveniles - Primera rueda - M17 - Grupo II - Nivel 1 - Zona A | Juveniles - Segunda Rueda - M17 - Grupo ll - Nivel 1 - Ganadores | Juveniles - Segunda rueda - M 17 - Nivel 1 - Grupo II - Ganadores | Menores de 17 - Grupo 2 - Ganadores - Segunda rueda | Menores de 17 - Grupo 2 - Nivel 1 - Ganadores - Segunda Rueda | Menores de 17 - Grupo 2 - Zona A | Menores de 17 - Grupo 2 - Zona A - Equipos A | Menores de 17 - Grupo 2 - Zona A - Segunda Rueda | Menores de 17 - Grupo 2 - Zona C - Primera Rueda | Menores de 17 - Primera Rueda - G2 NIVEL 1 B,2021 2022 2023 2024 2025 2026,11,la-plata-m17-a,"La Plata M17 ""A""",urba,existe,exacto
13,La Plata,La Plata B,B,M17,Juveniles - Primera rueda - M 17 - Nivel 1 - Grupo II - Zona A Eq B | Juveniles - Primera rueda - M17 - Grupo II - Nivel 1 - Zona A Equipos B | Juveniles - Segunda Rueda - M17 - Grupo ll - Nivel 1 - Ganadores Equipos B | Juveniles - Segunda rueda - M 17 - Nivel 1 - Grupo II - Ganadores eq B | Menores de 17 - Grupo 2 - Ganadores - Equipos B - Segunda rueda | Menores de 17 - Grupo 2 - Nivel 1 - Ganadores - Equipos B - Segunda Rueda | Menores de 17 - Grupo 2 - Zona A - Equipos B | Menores de 17 - Grupo 2 - Zona A - Equipos B - Segunda Rueda | Menores de 17 - Grupo 2 - Zona C - Equipos B - Primera Rueda | Menores de 17 - Primera Rueda - G2 NIVEL 1 B Eq B,2021 2022 2023 2024 2025 2026,11,la-plata-m17-b,"La Plata M17 ""B""",urba,existe,exacto
13,La Plata,La Plata C,C,M17,Juveniles - Primera rueda - M 17 - Formativa - Zona A | Juveniles - Primera rueda - M17 - Formativa A | Juveniles - Segunda Rueda - M17 - Formativa A | Juveniles - Segunda rueda - M 17 - Formativa - Zona A | Menores de 17 - Grupo 1 - Formativa A | Menores de 17 - Grupo 1 - Formativa A - Segunda Rueda | Menores de 17 - Grupo 1 - Zona B - Primera Rueda | Menores de 17 - Primera Rueda - G1 Formativo  A,2021 2023 2024 2025 2026,9,,,,falta,ninguna
64,La Salle,La Salle,,M17,Juveniles - Primera rueda - M 17 - Formativa - Zona C | Juveniles - Segunda rueda - M 17 - Formativa - Zona C | Menores de 17 - Grupo 1 - Formativa B - Primera Rueda | Menores de 17 - Grupo 1 - Formativa B - Segunda Rueda | Menores de 17 - Primera Rueda - G1 Formativo  C,2022 2025 2026,5,,,,club_no_existe,ninguna
51,Lanus,Lanus,,M17,Juveniles - Primera rueda - M 17 - Grupo I - Zona A | Juveniles - Primera rueda - M17 - Grupo I - Zona B | Juveniles - Segunda Rueda - M17 - Grupo l - Ganadores | Juveniles - Segunda rueda - M 17 - Formativa - Zona B | Menores de 17 - Grupo 1 - Desarrollo - Segunda Rueda | Menores de 17 - Grupo 1 - Intermedia - Segunda Rueda | Menores de 17 - Grupo 1 - Zona B | Menores de 17 - Grupo 1 - Zona C | Menores de 17 - Primera Rueda - G1 B,2022 2023 2024 2025 2026,9,,,,falta,ninguna
73,Las Cañas,Las Cañas,,M17,Juveniles - Primera rueda - M 17 - Grupo I - Zona B | Juveniles - Segunda rueda - M 17 - Grupo I - Ganadores | Menores de 17 - Grupo 1 - Desarrollo - Segunda Rueda | Menores de 17 - Grupo 1 - Formativa B - Primera Rueda | Menores de 17 - Grupo 1 - Formativa B - Segunda Rueda | Menores de 17 - Grupo 1 - Zona C | Menores de 17 - Primera Rueda - G1 Formativo  A,2022 2023 2025 2026,7,,,,club_no_existe,ninguna
73,Las Cañas,Las Cañas A,A,M17,Juveniles - Primera rueda - M17 - Grupo II - Nivel 2 - Zona C | Juveniles - Segunda Rueda - M17 - Grupo ll - Nivel 2 - Ganadores,2024,2,,,,club_no_existe,ninguna
73,Las Cañas,Las Cañas B,B,M17,Juveniles - Primera rueda - M17 - Grupo II - Nivel 2 - Zona C Equipos B | Juveniles - Segunda Rueda - M17 - Grupo ll - Nivel 2 - Ganadores Equipos B,2024,2,,,,club_no_existe,ninguna
36,Liceo Militar,Liceo Militar,,M17,Juveniles - Primera rueda - M 17 - Grupo I - Zona A | Juveniles - Primera rueda - M17 - Formativa C | Juveniles - Segunda rueda - M 17 - Grupo I - Ganadores | Menores de 17 - Grupo 1 - Formativa A | Menores de 17 - Grupo 1 - Formativa A - Segunda Rueda | Menores de 17 - Grupo 1 - Intermedia - Segunda Rueda | Menores de 17 - Grupo 1 - Zona B | Menores de 17 - Primera Rueda - G1 C,2022 2023 2024 2025 2026,8,,,,falta,ninguna
36,Liceo Militar,Liceo Militar A,A,M17,Menores de 17 - Grupo 2 - Zona A - Primera Rueda | Menores de 17 - Grupo 2 - Zona C - Segunda Rueda,2021,2,,,,falta,ninguna
36,Liceo Militar,Liceo Militar B,B,M17,Menores de 17 - Grupo 2 - Zona A - Equipos B - Primera Rueda | Menores de 17 - Grupo 2 - Zona C - Equipos B - Segunda Rueda,2021,2,,,,falta,ninguna
38,Liceo Naval,Liceo Naval,,M17,Menores de 17 - Grupo 1 - Zona A - Primera Rueda | Menores de 17 - Grupo 1 - Zona A - Segunda Rueda,2021,2,,,,falta,ninguna
38,Liceo Naval,Liceo Naval A,A,M17,Juveniles - Primera rueda - M 17 - Nivel 2 - Grupo II - Zona C | Juveniles - Primera rueda - M17 - Grupo II - Nivel 1 - Zona B | Juveniles - Segunda Rueda - M17 - Grupo ll - Nivel 1 - Ganadores | Juveniles - Segunda rueda - M 17 - Nivel 1 - Grupo II - Intermedia | Menores de 17 - Grupo 2 - Intermedia - Segunda rueda | Menores de 17 - Grupo 2 - Nivel 1 - Intermedia - Segunda Rueda | Menores de 17 - Grupo 2 - Zona B - Equipos A | Menores de 17 - Grupo 2 - Zona C | Menores de 17 - Primera Rueda - G2 NIVEL 1 B,2022 2023 2024 2025 2026,9,liceo-naval-m17-a,"Liceo Naval M17 ""A""",urba,existe,exacto
38,Liceo Naval,Liceo Naval B,B,M17,Juveniles - Primera rueda - M 17 - Nivel 2 - Grupo II - Zona C Eq B | Juveniles - Primera rueda - M17 - Grupo II - Nivel 1 - Zona B Equipos B | Juveniles - Segunda Rueda - M17 - Grupo ll - Nivel 1 - Ganadores Equipos B | Juveniles - Segunda rueda - M 17 - Nivel 1 - Grupo II - Intermedia eq B | Menores de 17 - Grupo 2 - Intermedia - Equipos B - Segunda rueda | Menores de 17 - Grupo 2 - Nivel 1 - Intermedia - Equipos B - Segunda Rueda | Menores de 17 - Grupo 2 - Zona B - Equipos B | Menores de 17 - Grupo 2 - Zona C - Equipos B | Menores de 17 - Primera Rueda - G2 NIVEL 1 B Eq B,2022 2023 2024 2025 2026,9,liceo-naval-m17-b,"Liceo Naval M17 ""B""",urba,existe,exacto
38,Liceo Naval,Liceo Naval C,C,M17,Menores de 17 - Primera Rueda - G1 Formativo  B,2026,1,,,,falta,ninguna
15,Lomas Athletic,Lomas Athletic,,M17,Menores de 17 - Grupo 1 - Zona A,2022,1,,,,falta,ninguna
15,Lomas Athletic,Lomas Athletic A,A,M17,Juveniles - Primera rueda - M 17 - Nivel 1 - Grupo II - Zona A | Juveniles - Primera rueda - M17 - Grupo II - Nivel 1 - Zona A | Juveniles - Segunda Rueda - M17 - Grupo ll - Nivel 1 - Intermedia | Juveniles - Segunda rueda - M 17 - Nivel 1 - Grupo II - Intermedia | Menores de 17 - Grupo 2 - Desarrollo - Segunda rueda | Menores de 17 - Grupo 2 - Nivel 1 - Intermedia - Segunda Rueda | Menores de 17 - Grupo 2 - Zona A | Menores de 17 - Grupo 2 - Zona A - Segunda Rueda | Menores de 17 - Grupo 2 - Zona C - Primera Rueda | Menores de 17 - Primera Rueda - G2 NIVEL 1 A,2021 2022 2023 2024 2025 2026,10,lomas-athletic-m17-a,"Lomas Athletic M17 ""A""",urba,existe,exacto
15,Lomas Athletic,Lomas Athletic B,B,M17,Juveniles - Primera rueda - M 17 - Nivel 1 - Grupo II - Zona A Eq B | Juveniles - Primera rueda - M17 - Grupo II - Nivel 1 - Zona A Equipos B | Juveniles - Segunda Rueda - M17 - Grupo ll - Nivel 1 - Intermedia Equipos B | Juveniles - Segunda rueda - M 17 - Nivel 1 - Grupo II - Intermedia eq B | Menores de 17 - Grupo 2 - Desarrollo - Equipos B - Segunda rueda | Menores de 17 - Grupo 2 - Nivel 1 - Intermedia - Equipos B - Segunda Rueda | Menores de 17 - Grupo 2 - Zona A - Equipos B | Menores de 17 - Grupo 2 - Zona A - Equipos B - Segunda Rueda | Menores de 17 - Grupo 2 - Zona C - Equipos B - Primera Rueda | Menores de 17 - Primera Rueda - G2 NIVEL 1 A Eq B,2021 2022 2023 2024 2025 2026,10,lomas-athletic-m17-b,"Lomas Athletic M17 ""B""",urba,existe,exacto
78,Los Cedros,Los Cedros,,M17,Juveniles - Primera rueda - M 17 - Grupo I - Zona C | Juveniles - Primera rueda - M17 - Grupo I - Zona A | Juveniles - Segunda Rueda - M17 - Grupo l - Desarrollo | Juveniles - Segunda rueda - M 17 - Grupo I - Desarrollo | Menores de 17 - Grupo 1 - Formativa A - Primera Rueda | Menores de 17 - Grupo 1 - Formativa A - Segunda Rueda | Menores de 17 - Primera Rueda - G1 C,2022 2024 2025 2026,7,,,,club_no_existe,ninguna
23,Los Matreros,Los Matreros,,M17,Menores de 17 - Grupo 1 - Intermedia - Segunda Rueda,2023,1,,,,falta,ninguna
23,Los Matreros,Los Matreros A,A,M17,Juveniles - Primera rueda - M 17 - Nivel 2 - Grupo II - Zona C | Juveniles - Primera rueda - M17 - Grupo II - Nivel 2 - Zona C | Juveniles - Segunda Rueda - M17 - Grupo ll - Nivel 1 - Intermedia | Juveniles - Segunda rueda - M 17 - Nivel 2 - Grupo II - Desarrollo | Menores de 17 - Grupo 2 - Desarrollo - Segunda rueda | Menores de 17 - Grupo 2 - Zona B | Menores de 17 - Grupo 2 - Zona B - Primera Rueda | Menores de 17 - Grupo 2 - Zona B - Segunda Rueda | Menores de 17 - Grupo 2 - Zona C - Equipos A | Menores de 17 - Primera Rueda - G2 NIVEL 1 A,2021 2022 2023 2024 2025 2026,10,los-matreros-m17-a,"Los Matreros M17 ""A""",urba,existe,exacto
23,Los Matreros,Los Matreros B,B,M17,Juveniles - Primera rueda - M 17 - Nivel 2 - Grupo II - Zona C Eq B | Juveniles - Primera rueda - M17 - Grupo II - Nivel 2 - Zona C Equipos B | Juveniles - Segunda Rueda - M17 - Grupo ll - Nivel 1 - Intermedia Equipos B | Juveniles - Segunda rueda - M 17 - Nivel 2 - Grupo II - Desarrollo eq B | Menores de 17 - Grupo 2 - Desarrollo - Equipos B - Segunda rueda | Menores de 17 - Grupo 2 - Zona B - Equipos B | Menores de 17 - Grupo 2 - Zona B - Equipos B - Primera Rueda | Menores de 17 - Grupo 2 - Zona B - Equipos B - Segunda Rueda | Menores de 17 - Grupo 2 - Zona C - Equipos B | Menores de 17 - Primera Rueda - G2 NIVEL 1 A Eq B,2021 2022 2023 2024 2025 2026,10,los-matreros-m17-b,"Los Matreros M17 ""B""",urba,existe,exacto
23,Los Matreros,Los Matreros C,C,M17,Juveniles - Primera rueda - M17 - Formativa A | Juveniles - Segunda Rueda - M17 - Formativa A,2024,2,,,,falta,ninguna
65,Los Molinos,Los Molinos,,M17,Menores de 17 - Grupo 1 - Ganadores - Segunda Rueda | Menores de 17 - Grupo 1 - Intermedia - Segunda Rueda | Menores de 17 - Grupo 1 - Zona A - Primera Rueda | Menores de 17 - Grupo 1 - Zona A - Segunda Rueda | Menores de 17 - Grupo 1 - Zona B,2021 2022 2023,5,,,,falta,ninguna
65,Los Molinos,Los Molinos A,A,M17,Juveniles - Primera rueda - M 17 - Nivel 2 - Grupo II - Zona C | Juveniles - Primera rueda - M17 - Grupo II - Nivel 2 - Zona C | Juveniles - Segunda Rueda - M17 - Grupo ll - Nivel 2 - Ganadores | Juveniles - Segunda rueda - M 17 - Nivel 2 - Grupo II - Desarrollo | Menores de 17 - Primera Rueda - G2 NIVEL 2 C,2024 2025 2026,5,,,,falta,ninguna
65,Los Molinos,Los Molinos B,B,M17,Juveniles - Primera rueda - M 17 - Nivel 2 - Grupo II - Zona C Eq B | Juveniles - Primera rueda - M17 - Grupo II - Nivel 2 - Zona C Equipos B | Juveniles - Segunda Rueda - M17 - Grupo ll - Nivel 2 - Ganadores Equipos B | Juveniles - Segunda rueda - M 17 - Nivel 2 - Grupo II - Desarrollo eq B | Menores de 17 - Primera Rueda - G2 NIVEL 2 C Eq B,2024 2025 2026,5,,,,falta,ninguna
79,Los Pinos,Los Pinos,,M17,Juveniles - Primera rueda - M17 - Formativa C | Juveniles - Segunda Rueda - M17 - Grupo l - Desarrollo | Menores de 17 - Grupo 1 - Intermedia - Segunda Rueda | Menores de 17 - Grupo 1 - Zona C | Menores de 17 - Primera Rueda - G1 Formativo  B,2022 2024 2026,5,,,,club_no_existe,ninguna
26,Los Tilos,Los tilos A,A,M17,Juveniles - Primera rueda - M 17 - Nivel 1 - Grupo II - Zona A | Juveniles - Primera rueda - M17 - Grupo II - Nivel 1 - Zona A | Juveniles - Segunda Rueda - M17 - Grupo ll - Nivel 1 - Ganadores | Juveniles - Segunda rueda - M 17 - Nivel 1 - Grupo II - Intermedia | Menores de 17 - Grupo 2 - Ganadores - Segunda rueda | Menores de 17 - Grupo 2 - Nivel 1 - Intermedia - Segunda Rueda | Menores de 17 - Grupo 2 - Zona B | Menores de 17 - Grupo 2 - Zona B - Equipos A | Menores de 17 - Grupo 2 - Zona B - Segunda Rueda | Menores de 17 - Grupo 2 - Zona C - Primera Rueda | Menores de 17 - Primera Rueda - G2 NIVEL 1 A,2021 2022 2023 2024 2025 2026,11,los-tilos-m17-a,"Los Tilos M17 ""A""",urba,existe,exacto
26,Los Tilos,Los Tilos B,B,M17,Juveniles - Primera rueda - M 17 - Nivel 1 - Grupo II - Zona A Eq B | Juveniles - Primera rueda - M17 - Grupo II - Nivel 1 - Zona A Equipos B | Juveniles - Segunda Rueda - M17 - Grupo ll - Nivel 1 - Ganadores Equipos B | Juveniles - Segunda rueda - M 17 - Nivel 1 - Grupo II - Intermedia eq B | Menores de 17 - Grupo 2 - Ganadores - Equipos B - Segunda rueda | Menores de 17 - Grupo 2 - Nivel 1 - Intermedia - Equipos B - Segunda Rueda | Menores de 17 - Grupo 2 - Zona B - Equipos B | Menores de 17 - Grupo 2 - Zona B - Equipos B - Segunda Rueda | Menores de 17 - Grupo 2 - Zona C - Equipos B - Primera Rueda | Menores de 17 - Primera Rueda - G2 NIVEL 1 A Eq B,2021 2022 2023 2024 2025 2026,11,los-tilos-m17-b,"Los Tilos M17 ""B""",urba,existe,exacto
26,Los Tilos,Los Tilos C,C,M17,Juveniles - Primera rueda - M 17 - Formativa - Zona A | Juveniles - Primera rueda - M17 - Formativa A | Juveniles - Segunda Rueda - M17 - Formativa A | Juveniles - Segunda rueda - M 17 - Formativa - Zona B | Menores de 17 - Grupo 1 - Formativa B - Primera Rueda | Menores de 17 - Grupo 1 - Formativa B - Segunda Rueda | Menores de 17 - Primera Rueda - G1 Formativo  A,2022 2024 2025 2026,7,,,,falta,ninguna
26,Los Tilos,Los Tilos D,D,M17,Juveniles - Primera rueda - M17 - Formativa B,2024,1,,,,falta,ninguna
50,Lujan,Lujan,,M17,Juveniles - Primera rueda - M 17 - Grupo I - Zona A | Juveniles - Primera rueda - M17 - Grupo I - Zona A | Juveniles - Segunda Rueda - M17 - Grupo l - Ganadores | Juveniles - Segunda rueda - M 17 - Grupo I - Ganadores | Menores de 17 - Grupo 1 - Ganadores - Segunda Rueda | Menores de 17 - Grupo 1 - Zona B | Menores de 17 - Grupo 1 - Zona C,2022 2023 2024 2025,8,,,,falta,ninguna
50,Lujan,Lujan A,A,M17,Menores de 17 - Primera Rueda - G2 NIVEL 2 C,2026,1,,,,falta,ninguna
50,Lujan,Lujan B,B,M17,Menores de 17 - Primera Rueda - G2 NIVEL 2 C Eq B,2026,1,,,,falta,ninguna
34,Manuel Belgrano,Manuel Belgrano,,M17,Menores de 17 - Grupo 1 - Zona A - Primera Rueda | Menores de 17 - Grupo 1 - Zona A - Segunda Rueda,2021,2,,,,falta,ninguna
34,Manuel Belgrano,Manuel Belgrano A,A,M17,Juveniles - Primera rueda - M 17 - Nivel 2 - Grupo II - Zona C | Juveniles - Primera rueda - M17 - Grupo II - Nivel 2 - Zona C | Juveniles - Segunda Rueda - M17 - Grupo ll - Nivel 2 - Ganadores | Juveniles - Segunda rueda - M 17 - Nivel 2 - Grupo II - Desarrollo | Menores de 17 - Grupo 2 - Desarrollo - Segunda rueda | Menores de 17 - Grupo 2 - Nivel 2 - Ganadores - Segunda Rueda | Menores de 17 - Grupo 2 - Zona A | Menores de 17 - Grupo 2 - Zona C - Equipos A | Menores de 17 - Primera Rueda - G2 NIVEL 2 C,2022 2023 2024 2025 2026,9,,,,falta,ninguna
34,Manuel Belgrano,Manuel Belgrano B,B,M17,Juveniles - Primera rueda - M 17 - Nivel 2 - Grupo II - Zona C Eq B | Juveniles - Primera rueda - M17 - Grupo II - Nivel 2 - Zona C Equipos B | Juveniles - Segunda Rueda - M17 - Grupo ll - Nivel 2 - Ganadores Equipos B | Juveniles - Segunda rueda - M 17 - Nivel 2 - Grupo II - Desarrollo eq B | Menores de 17 - Grupo 2 - Desarrollo - Equipos B - Segunda rueda | Menores de 17 - Grupo 2 - Nivel 2 - Ganadores - Equipos B - Segunda Rueda | Menores de 17 - Grupo 2 - Zona A - Equipos B | Menores de 17 - Grupo 2 - Zona C - Equipos B | Menores de 17 - Primera Rueda - G2 NIVEL 2 C Eq B,2022 2023 2024 2025 2026,9,,,,falta,ninguna
82,Marcos Paz,Marcos Paz,,M17,Juveniles - Primera rueda - M 17 - Formativa - Zona D | Juveniles - Primera rueda - M17 - Formativa C | Juveniles - Segunda Rueda - M17 - Formativa B | Juveniles - Segunda rueda - M 17 - Formativa - Zona C | Menores de 17 - Grupo 1 - Formativa A - Segunda Rueda | Menores de 17 - Grupo 1 - Formativa B - Primera Rueda | Menores de 17 - Grupo 1 - Formativa B - Segunda Rueda | Menores de 17 - Primera Rueda - G1 Formativo  C,2021 2022 2024 2025 2026,8,,,,club_no_existe,ninguna
39,Mariano Moreno,Mariano Moreno,,M17,Menores de 17 - Grupo 1 - Ganadores - Segunda Rueda | Menores de 17 - Grupo 1 - Zona B,2023,2,,,,falta,ninguna
39,Mariano Moreno,Mariano Moreno A,A,M17,Juveniles - Primera rueda - M 17 - Nivel 1 - Grupo II - Zona B | Juveniles - Primera rueda - M17 - Grupo II - Nivel 1 - Zona B | Juveniles - Segunda Rueda - M17 - Grupo ll - Nivel 2 - Ganadores | Juveniles - Segunda rueda - M 17 - Nivel 2 - Grupo II - Desarrollo | Menores de 17 - Grupo 2 - Desarrollo - Segunda rueda | Menores de 17 - Grupo 2 - Zona B - Primera Rueda | Menores de 17 - Grupo 2 - Zona C - Equipos A | Menores de 17 - Grupo 2 - Zona C - Segunda Rueda | Menores de 17 - Primera Rueda - G2 NIVEL 2 C,2021 2022 2024 2025 2026,9,,,,falta,ninguna
39,Mariano Moreno,Mariano Moreno B,B,M17,Juveniles - Primera rueda - M 17 - Nivel 1 - Grupo II - Zona B Eq B | Juveniles - Primera rueda - M17 - Grupo II - Nivel 1 - Zona B Equipos B | Juveniles - Segunda Rueda - M17 - Grupo ll - Nivel 2 - Ganadores Equipos B | Juveniles - Segunda rueda - M 17 - Nivel 2 - Grupo II - Desarrollo eq B | Menores de 17 - Grupo 2 - Desarrollo - Equipos B - Segunda rueda | Menores de 17 - Grupo 2 - Zona B - Equipos B - Primera Rueda | Menores de 17 - Grupo 2 - Zona C - Equipos B | Menores de 17 - Grupo 2 - Zona C - Equipos B - Segunda Rueda | Menores de 17 - Primera Rueda - G2 NIVEL 2 C Eq B,2021 2022 2024 2025 2026,9,,,,falta,ninguna
47,Mercedes,Mercedes,,M17,Juveniles - Primera rueda - M 17 - Formativa - Zona D | Juveniles - Primera rueda - M17 - Grupo I - Zona B | Juveniles - Segunda Rueda - M17 - Grupo l - Desarrollo | Menores de 17 - Grupo 1 - Desarrollo - Segunda Rueda | Menores de 17 - Grupo 1 - Formativa A - Primera Rueda | Menores de 17 - Grupo 1 - Formativa A - Segunda Rueda | Menores de 17 - Grupo 1 - Intermedia - Segunda Rueda | Menores de 17 - Grupo 1 - Zona C | Menores de 17 - Primera Rueda - G1 B,2021 2022 2023 2024 2025 2026,9,,,,club_no_existe,ninguna
41,Monte Grande,Monte Grande,,M17,Juveniles - Primera rueda - M 17 - Grupo I - Zona B | Juveniles - Primera rueda - M17 - Grupo I - Zona A | Juveniles - Segunda Rueda - M17 - Grupo l - Ganadores | Juveniles - Segunda rueda - M 17 - Grupo I - Ganadores | Menores de 17 - Grupo 1 - Ganadores - Segunda Rueda | Menores de 17 - Grupo 1 - Intermedia - Segunda Rueda | Menores de 17 - Grupo 1 - Zona A | Menores de 17 - Grupo 1 - Zona A - Segunda Rueda | Menores de 17 - Grupo 1 - Zona B - Primera Rueda | Menores de 17 - Primera Rueda - G1 B,2021 2022 2023 2024 2025 2026,10,,,,falta,ninguna
91,Municipalidad de Berazategui,Munic. de Berazategui,,M17,Juveniles - Primera rueda - M 17 - Formativa - Zona C | Juveniles - Primera rueda - M17 - Formativa B | Juveniles - Segunda Rueda - M17 - Formativa B | Juveniles - Segunda rueda - M 17 - Formativa - Zona C | Menores de 17 - Grupo 1 - Formativa B - Primera Rueda | Menores de 17 - Grupo 1 - Formativa B - Segunda Rueda | Menores de 17 - Primera Rueda - G1 C,2022 2023 2024 2025 2026,8,,,,club_no_existe,ninguna
9,Newman,Newman A,A,M17,Juveniles - Primera rueda - M 17 - Nivel 1 - Grupo II - Zona B | Juveniles - Primera rueda - M17 - Grupo II - Nivel 1 - Zona B | Juveniles - Segunda Rueda - M17 - Grupo ll - Nivel 1 - Ganadores | Juveniles - Segunda rueda - M 17 - Nivel 1 - Grupo II - Ganadores | Menores de 17 - Grupo 2 - Ganadores - Segunda rueda | Menores de 17 - Grupo 2 - Nivel 1 - Ganadores - Segunda Rueda | Menores de 17 - Grupo 2 - Zona A - Equipos A | Menores de 17 - Grupo 2 - Zona A - Primera Rueda | Menores de 17 - Grupo 2 - Zona A - Segunda Rueda | Menores de 17 - Grupo 2 - Zona B | Menores de 17 - Primera Rueda - G2 NIVEL 1 B,2021 2022 2023 2024 2025 2026,11,club-newman-m17-a,"Club Newman M17 ""A""",urba,existe,exacto
9,Newman,Newman B,B,M17,Juveniles - Primera rueda - M 17 - Nivel 1 - Grupo II - Zona B Eq B | Juveniles - Primera rueda - M17 - Grupo II - Nivel 1 - Zona B Equipos B | Juveniles - Segunda Rueda - M17 - Grupo ll - Nivel 1 - Ganadores Equipos B | Juveniles - Segunda rueda - M 17 - Nivel 1 - Grupo II - Ganadores eq B | Menores de 17 - Grupo 2 - Ganadores - Equipos B - Segunda rueda | Menores de 17 - Grupo 2 - Nivel 1 - Ganadores - Equipos B - Segunda Rueda | Menores de 17 - Grupo 2 - Zona A - Equipos B | Menores de 17 - Grupo 2 - Zona A - Equipos B - Primera Rueda | Menores de 17 - Grupo 2 - Zona A - Equipos B - Segunda Rueda | Menores de 17 - Grupo 2 - Zona B - Equipos B | Menores de 17 - Primera Rueda - G2 NIVEL 1 B Eq B,2021 2022 2023 2024 2025 2026,11,club-newman-m17-b,"Club Newman M17 ""B""",urba,existe,exacto
9,Newman,Newman C,C,M17,Juveniles - Primera rueda - M 17 - Formativa - Zona B | Juveniles - Primera rueda - M17 - Formativa A | Juveniles - Segunda Rueda - M17 - Formativa A | Juveniles - Segunda rueda - M 17 - Formativa - Zona A | Menores de 17 - Grupo 1 - Formativa A | Menores de 17 - Grupo 1 - Formativa A - Primera Rueda | Menores de 17 - Grupo 1 - Formativa A - Segunda Rueda | Menores de 17 - Primera Rueda - G1 Formativo  B,2021 2022 2023 2024 2025 2026,9,,,,falta,ninguna
66,Old Georgian,Old Georgian,,M17,Juveniles - Primera rueda - M 17 - Grupo I - Zona C | Juveniles - Primera rueda - M17 - Grupo I - Zona B | Juveniles - Segunda Rueda - M17 - Grupo l - Ganadores | Juveniles - Segunda rueda - M 17 - Grupo I - Desarrollo | Menores de 17 - Grupo 1 - Desarrollo - Segunda Rueda | Menores de 17 - Grupo 1 - Formativa B - Primera Rueda | Menores de 17 - Grupo 1 - Ganadores - Segunda Rueda | Menores de 17 - Grupo 1 - Zona C | Menores de 17 - Primera Rueda - G1 A,2022 2023 2024 2025 2026,9,,,,club_no_existe,ninguna
22,Olivos,Olivos A,A,M17,Juveniles - Primera rueda - M 17 - Nivel 1 - Grupo II - Zona A | Juveniles - Primera rueda - M17 - Grupo II - Nivel 1 - Zona A | Juveniles - Segunda Rueda - M17 - Grupo ll - Nivel 1 - Intermedia | Juveniles - Segunda rueda - M 17 - Nivel 1 - Grupo II - Intermedia | Menores de 17 - Grupo 2 - Intermedia - Segunda rueda | Menores de 17 - Grupo 2 - Nivel 1 - Ganadores - Segunda Rueda | Menores de 17 - Grupo 2 - Zona B | Menores de 17 - Grupo 2 - Zona B - Primera Rueda | Menores de 17 - Grupo 2 - Zona B - Segunda Rueda | Menores de 17 - Grupo 2 - Zona C - Equipos A | Menores de 17 - Primera Rueda - G2 NIVEL 2 C,2021 2022 2023 2024 2025 2026,11,,,,falta,ninguna
22,Olivos,Olivos B,B,M17,Juveniles - Primera rueda - M 17 - Nivel 1 - Grupo II - Zona A Eq B | Juveniles - Primera rueda - M17 - Grupo II - Nivel 1 - Zona A Equipos B | Juveniles - Segunda Rueda - M17 - Grupo ll - Nivel 1 - Intermedia Equipos B | Juveniles - Segunda rueda - M 17 - Nivel 1 - Grupo II - Intermedia eq B | Menores de 17 - Grupo 2 - Intermedia - Equipos B - Segunda rueda | Menores de 17 - Grupo 2 - Nivel 1 - Ganadores - Equipos B - Segunda Rueda | Menores de 17 - Grupo 2 - Zona B - Equipos B | Menores de 17 - Grupo 2 - Zona B - Equipos B - Primera Rueda | Menores de 17 - Grupo 2 - Zona B - Equipos B - Segunda Rueda | Menores de 17 - Grupo 2 - Zona C - Equipos B | Menores de 17 - Primera Rueda - G2 NIVEL 2 C Eq B,2021 2022 2023 2024 2025 2026,11,,,,falta,ninguna
85,Pac General Rodriguez,Pac General Rodriguez,,M17,Menores de 17 - Grupo 1 - Desarrollo - Segunda Rueda | Menores de 17 - Grupo 1 - Ganadores - Segunda Rueda | Menores de 17 - Grupo 1 - Zona A | Menores de 17 - Grupo 1 - Zona C,2022 2023,4,,,,club_no_existe,ninguna
70,Porteño,Porteño,,M17,Juveniles - Primera rueda - M 17 - Grupo I - Zona C | Juveniles - Primera rueda - M17 - Formativa B | Juveniles - Segunda Rueda - M17 - Formativa B | Juveniles - Segunda rueda - M 17 - Formativa - Zona C | Menores de 17 - Grupo 1 - Desarrollo - Segunda Rueda | Menores de 17 - Grupo 1 - Formativa B | Menores de 17 - Grupo 1 - Zona B,2022 2023 2024 2025,8,,,,club_no_existe,ninguna
16,Pucara,Pucara A,A,M17,Juveniles - Primera rueda - M 17 - Nivel 1 - Grupo II - Zona B | Juveniles - Primera rueda - M17 - Grupo II - Nivel 1 - Zona B | Juveniles - Segunda Rueda - M17 - Grupo ll - Nivel 1 - Ganadores | Juveniles - Segunda rueda - M 17 - Nivel 1 - Grupo II - Ganadores | Menores de 17 - Grupo 2 - Intermedia - Segunda rueda | Menores de 17 - Grupo 2 - Nivel 1 - Intermedia - Segunda Rueda | Menores de 17 - Grupo 2 - Zona A - Equipos A | Menores de 17 - Grupo 2 - Zona B | Menores de 17 - Grupo 2 - Zona B - Segunda Rueda | Menores de 17 - Grupo 2 - Zona C - Primera Rueda | Menores de 17 - Primera Rueda - G2 NIVEL 1 B,2021 2022 2023 2024 2025 2026,11,club-pucara-m17-a,"Club Pucará M17 ""A""",urba,existe,exacto
16,Pucara,Pucara B,B,M17,Juveniles - Primera rueda - M 17 - Nivel 1 - Grupo II - Zona B Eq B | Juveniles - Primera rueda - M17 - Grupo II - Nivel 1 - Zona B Equipos B | Juveniles - Segunda Rueda - M17 - Grupo ll - Nivel 1 - Ganadores Equipos B | Juveniles - Segunda rueda - M 17 - Nivel 1 - Grupo II - Ganadores eq B | Menores de 17 - Grupo 2 - Intermedia - Equipos B - Segunda rueda | Menores de 17 - Grupo 2 - Nivel 1 - Intermedia - Equipos B - Segunda Rueda | Menores de 17 - Grupo 2 - Zona A - Equipos B | Menores de 17 - Grupo 2 - Zona B - Equipos B | Menores de 17 - Grupo 2 - Zona B - Equipos B - Segunda Rueda | Menores de 17 - Grupo 2 - Zona C - Equipos B - Primera Rueda | Menores de 17 - Primera Rueda - G2 NIVEL 1 B Eq B,2021 2022 2023 2024 2025 2026,11,club-pucara-m17-b,"Club Pucará M17 ""B""",urba,existe,exacto
16,Pucara,Pucara C,C,M17,Juveniles - Primera rueda - M 17 - Formativa - Zona B | Juveniles - Segunda rueda - M 17 - Formativa - Zona A | Menores de 17 - Grupo 1 - Formativa A | Menores de 17 - Grupo 1 - Formativa B - Primera Rueda | Menores de 17 - Grupo 1 - Formativa B - Segunda Rueda | Menores de 17 - Primera Rueda - G1 B,2022 2023 2025 2026,6,,,,falta,ninguna
16,Pucara,Pucara D,D,M17,Menores de 17 - Primera Rueda - G1 Formativo  B,2026,1,,,,falta,ninguna
25,Pueyrredon,Pueyrredon A,A,M17,Juveniles - Primera rueda - M 17 - Nivel 1 - Grupo II - Zona B | Juveniles - Primera rueda - M17 - Grupo II - Nivel 1 - Zona A | Juveniles - Segunda Rueda - M17 - Grupo ll - Nivel 1 - Intermedia | Juveniles - Segunda rueda - M 17 - Nivel 1 - Grupo II - Intermedia | Menores de 17 - Grupo 2 - Intermedia - Segunda rueda | Menores de 17 - Grupo 2 - Nivel 2 - Ganadores - Segunda Rueda | Menores de 17 - Grupo 2 - Zona A | Menores de 17 - Grupo 2 - Zona A - Equipos A | Menores de 17 - Grupo 2 - Zona A - Primera Rueda | Menores de 17 - Grupo 2 - Zona C - Segunda Rueda | Menores de 17 - Primera Rueda - G2 NIVEL 1 B,2021 2022 2023 2024 2025 2026,11,pueyrredon-m17-a,"Pueyrredón M17 ""A""",urba,existe,exacto
25,Pueyrredon,Pueyrredon B,B,M17,Juveniles - Primera rueda - M 17 - Nivel 1 - Grupo II - Zona B Eq B | Juveniles - Primera rueda - M17 - Grupo II - Nivel 1 - Zona A Equipos B | Juveniles - Segunda Rueda - M17 - Grupo ll - Nivel 1 - Intermedia Equipos B | Juveniles - Segunda rueda - M 17 - Nivel 1 - Grupo II - Intermedia eq B | Menores de 17 - Grupo 2 - Intermedia - Equipos B - Segunda rueda | Menores de 17 - Grupo 2 - Nivel 2 - Ganadores - Equipos B - Segunda Rueda | Menores de 17 - Grupo 2 - Zona A - Equipos B | Menores de 17 - Grupo 2 - Zona A - Equipos B - Primera Rueda | Menores de 17 - Grupo 2 - Zona C - Equipos B - Segunda Rueda | Menores de 17 - Primera Rueda - G2 NIVEL 1 B Eq B,2021 2022 2023 2024 2025 2026,11,pueyrredon-m17-b,"Pueyrredón M17 ""B""",urba,existe,exacto
25,Pueyrredon,Pueyrredon C,C,M17,Juveniles - Primera rueda - M 17 - Formativa - Zona B | Juveniles - Primera rueda - M17 - Formativa A | Juveniles - Segunda Rueda - M17 - Formativa A,2024 2025,3,,,,falta,ninguna
4,Regatas Bella Vista,Regatas Bella Vista A,A,M17,Juveniles - Primera rueda - M 17 - Nivel 1 - Grupo II - Zona A | Juveniles - Primera rueda - M17 - Grupo II - Nivel 1 - Zona A | Juveniles - Segunda Rueda - M17 - Grupo ll - Nivel 1 - Ganadores | Juveniles - Segunda rueda - M 17 - Nivel 1 - Grupo II - Ganadores | Menores de 17 - Grupo 2 - Intermedia - Segunda rueda | Menores de 17 - Grupo 2 - Nivel 1 - Intermedia - Segunda Rueda | Menores de 17 - Grupo 2 - Zona A - Equipos A | Menores de 17 - Grupo 2 - Zona A - Primera Rueda | Menores de 17 - Grupo 2 - Zona A - Segunda Rueda | Menores de 17 - Grupo 2 - Zona B | Menores de 17 - Primera Rueda - G2 NIVEL 1 A,2021 2022 2023 2024 2025 2026,11,regatas-de-bella-vista-m17-a,"Regatas de Bella Vista M17 ""A""",urba,existe,exacto
4,Regatas Bella Vista,Regatas Bella Vista B,B,M17,Juveniles - Primera rueda - M 17 - Nivel 1 - Grupo II - Zona A Eq B | Juveniles - Primera rueda - M17 - Grupo II - Nivel 1 - Zona A Equipos B | Juveniles - Segunda Rueda - M17 - Grupo ll - Nivel 1 - Ganadores Equipos B | Juveniles - Segunda rueda - M 17 - Nivel 1 - Grupo II - Ganadores eq B | Menores de 17 - Grupo 2 - Intermedia - Equipos B - Segunda rueda | Menores de 17 - Grupo 2 - Nivel 1 - Intermedia - Equipos B - Segunda Rueda | Menores de 17 - Grupo 2 - Zona A - Equipos B | Menores de 17 - Grupo 2 - Zona A - Equipos B - Primera Rueda | Menores de 17 - Grupo 2 - Zona A - Equipos B - Segunda Rueda | Menores de 17 - Grupo 2 - Zona B - Equipos B | Menores de 17 - Primera Rueda - G2 NIVEL 1 A Eq B,2021 2022 2023 2024 2025 2026,11,regatas-de-bella-vista-m17-b,"Regatas de Bella Vista M17 ""B""",urba,existe,exacto
4,Regatas Bella Vista,Regatas B Vista C,C,M17,Juveniles - Segunda rueda - M 17 - Formativa - Zona A | Menores de 17 - Primera Rueda - G1 Formativo  A,2025 2026,2,,,,falta,ninguna
4,Regatas Bella Vista,Regatas B Vista D,D,M17,Juveniles - Primera rueda - M 17 - Formativa - Zona A | Juveniles - Segunda rueda - M 17 - Formativa - Zona B,2025,2,,,,falta,ninguna
4,Regatas Bella Vista,Regatas B Vista E,E,M17,Juveniles - Primera rueda - M 17 - Formativa - Zona A,2025,1,,,,falta,ninguna
88,Rivadavia de Lobos,Rivadavia de Lobos,,M17,Juveniles - Primera rueda - M 17 - Formativa - Zona D | Juveniles - Segunda rueda - M 17 - Formativa - Zona C | Menores de 17 - Grupo 1 - Formativa A - Segunda Rueda | Menores de 17 - Grupo 1 - Formativa B - Primera Rueda | Menores de 17 - Grupo 1 - Formativa B - Segunda Rueda | Menores de 17 - Primera Rueda - G1 Formativo  C,2021 2022 2025 2026,6,,,,club_no_existe,ninguna
14,San Albano,San Albano A,A,M17,Juveniles - Primera rueda - M 17 - Nivel 2 - Grupo II - Zona C | Juveniles - Primera rueda - M17 - Grupo II - Nivel 2 - Zona C | Juveniles - Segunda Rueda - M17 - Grupo ll - Nivel 2 - Ganadores | Juveniles - Segunda rueda - M 17 - Nivel 2 - Grupo II - Desarrollo | Menores de 17 - Grupo 2 - Desarrollo - Segunda rueda | Menores de 17 - Grupo 2 - Intermedia - Segunda rueda | Menores de 17 - Grupo 2 - Nivel 1 - Intermedia - Segunda Rueda | Menores de 17 - Grupo 2 - Nivel 2 - Ganadores - Segunda Rueda | Menores de 17 - Grupo 2 - Zona B | Menores de 17 - Grupo 2 - Zona C - Equipos A | Menores de 17 - Primera Rueda - G2 NIVEL 2 C,2022 2023 2024 2025 2026,13,,,,falta,ninguna
14,San Albano,San Albano B,B,M17,Juveniles - Primera rueda - M 17 - Nivel 2 - Grupo II - Zona C Eq B | Juveniles - Primera rueda - M17 - Grupo II - Nivel 2 - Zona C Equipos B | Juveniles - Segunda Rueda - M17 - Grupo ll - Nivel 2 - Ganadores Equipos B | Juveniles - Segunda rueda - M 17 - Nivel 2 - Grupo II - Desarrollo eq B | Menores de 17 - Grupo 2 - Desarrollo - Equipos B - Segunda rueda | Menores de 17 - Grupo 2 - Intermedia - Equipos B - Segunda rueda | Menores de 17 - Grupo 2 - Nivel 1 - Intermedia - Equipos B - Segunda Rueda | Menores de 17 - Grupo 2 - Nivel 2 - Ganadores - Equipos B - Segunda Rueda | Menores de 17 - Grupo 2 - Zona B - Equipos B | Menores de 17 - Grupo 2 - Zona C - Equipos B | Menores de 17 - Primera Rueda - G2 NIVEL 2 C Eq B,2022 2023 2024 2025 2026,13,,,,falta,ninguna
31,San Andres,San Andres A,A,M17,Juveniles - Primera rueda - M 17 - Nivel 1 - Grupo II - Zona A | Juveniles - Primera rueda - M17 - Grupo II - Nivel 1 - Zona B | Juveniles - Segunda Rueda - M17 - Grupo ll - Nivel 1 - Intermedia | Juveniles - Segunda rueda - M 17 - Nivel 1 - Grupo II - Intermedia | Menores de 17 - Primera Rueda - G2 NIVEL 1 B,2024 2025 2026,5,san-andres-m17-a,"San Andrés M17 ""A""",urba,existe,exacto
31,San Andres,San Andres B,B,M17,Juveniles - Primera rueda - M 17 - Nivel 1 - Grupo II - Zona A Eq B | Juveniles - Primera rueda - M17 - Grupo II - Nivel 1 - Zona B Equipos B | Juveniles - Segunda Rueda - M17 - Grupo ll - Nivel 1 - Intermedia Equipos B | Juveniles - Segunda rueda - M 17 - Nivel 1 - Grupo II - Intermedia eq B | Menores de 17 - Primera Rueda - G2 NIVEL 1 B Eq B,2024 2025 2026,5,san-andres-m17-b,"San Andrés M17 ""B""",urba,existe,exacto
31,San Andres,San Andres C,C,M17,Menores de 17 - Primera Rueda - G1 Formativo  B,2026,1,,,,falta,ninguna
35,San Carlos,San Carlos,,M17,Juveniles - Primera rueda - M17 - Grupo I - Zona A | Juveniles - Segunda Rueda - M17 - Grupo l - Ganadores | Juveniles - Segunda rueda - M 17 - Grupo I - Ganadores | Menores de 17 - Grupo 1 - Ganadores - Segunda Rueda | Menores de 17 - Grupo 1 - Zona B | Menores de 17 - Grupo 1 - Zona C | Menores de 17 - Primera Rueda - G1 A,2022 2023 2024 2025 2026,8,,,,falta,ninguna
35,San Carlos,San Carlos A,A,M17,Juveniles - Primera rueda - M 17 - Nivel 2 - Grupo II - Zona C,2025,1,,,,falta,ninguna
35,San Carlos,San Carlos B,B,M17,Juveniles - Primera rueda - M 17 - Nivel 2 - Grupo II - Zona C Eq B,2025,1,,,,falta,ninguna
18,San Cirano,San Cirano,,M17,Menores de 17 - Grupo 1 - Zona A - Segunda Rueda | Menores de 17 - Grupo 1 - Zona B - Primera Rueda,2021,2,,,,falta,ninguna
18,San Cirano,San Cirano A,A,M17,Juveniles - Primera rueda - M 17 - Nivel 1 - Grupo II - Zona B | Juveniles - Primera rueda - M17 - Grupo II - Nivel 2 - Zona C | Juveniles - Segunda Rueda - M17 - Grupo ll - Nivel 1 - Intermedia | Juveniles - Segunda rueda - M 17 - Nivel 1 - Grupo II - Ganadores | Menores de 17 - Grupo 2 - Intermedia - Segunda rueda | Menores de 17 - Grupo 2 - Nivel 1 - Ganadores - Segunda Rueda | Menores de 17 - Grupo 2 - Zona A | Menores de 17 - Grupo 2 - Zona A - Equipos A | Menores de 17 - Primera Rueda - G2 NIVEL 1 B,2022 2023 2024 2025 2026,9,san-cirano-m17-a,"San Cirano M17 ""A""",urba,existe,exacto
18,San Cirano,San Cirano B,B,M17,Juveniles - Primera rueda - M 17 - Nivel 1 - Grupo II - Zona B Eq B | Juveniles - Primera rueda - M17 - Grupo II - Nivel 2 - Zona C Equipos B | Juveniles - Segunda Rueda - M17 - Grupo ll - Nivel 1 - Intermedia Equipos B | Juveniles - Segunda rueda - M 17 - Nivel 1 - Grupo II - Ganadores eq B | Menores de 17 - Grupo 2 - Intermedia - Equipos B - Segunda rueda | Menores de 17 - Grupo 2 - Nivel 1 - Ganadores - Equipos B - Segunda Rueda | Menores de 17 - Grupo 2 - Zona A - Equipos B | Menores de 17 - Primera Rueda - G2 NIVEL 1 B Eq B,2022 2023 2024 2025 2026,9,san-cirano-m17-b,"San Cirano M17 ""B""",urba,existe,exacto
32,San Fernando,San Fernando,,M17,Menores de 17 - Grupo 1 - Zona B | Menores de 17 - Primera Rueda - G1 B,2022 2026,2,,,,falta,ninguna
32,San Fernando,San Fernando A,A,M17,Juveniles - Primera rueda - M 17 - Nivel 2 - Grupo II - Zona C | Juveniles - Primera rueda - M17 - Grupo II - Nivel 1 - Zona A | Juveniles - Segunda Rueda - M17 - Grupo ll - Nivel 2 - Ganadores | Juveniles - Segunda rueda - M 17 - Nivel 2 - Grupo II - Desarrollo | Menores de 17 - Grupo 2 - Desarrollo - Segunda rueda | Menores de 17 - Grupo 2 - Nivel 2 - Ganadores - Segunda Rueda | Menores de 17 - Grupo 2 - Zona C,2022 2023 2024 2025,7,,,,falta,ninguna
32,San Fernando,San Fernando B,B,M17,Juveniles - Primera rueda - M 17 - Nivel 2 - Grupo II - Zona C Eq B | Juveniles - Primera rueda - M17 - Grupo II - Nivel 1 - Zona A Equipos B | Juveniles - Segunda Rueda - M17 - Grupo ll - Nivel 2 - Ganadores Equipos B | Juveniles - Segunda rueda - M 17 - Nivel 2 - Grupo II - Desarrollo eq B | Menores de 17 - Grupo 2 - Desarrollo - Equipos B - Segunda rueda | Menores de 17 - Grupo 2 - Nivel 2 - Ganadores - Equipos B - Segunda Rueda | Menores de 17 - Grupo 2 - Zona C - Equipos B,2022 2023 2024 2025,7,,,,falta,ninguna
83,San Jose,San Jose,,M17,Juveniles - Primera rueda - M 17 - Formativa - Zona D | Juveniles - Segunda rueda - M 17 - Formativa - Zona C | Menores de 17 - Primera Rueda - G1 Formativo  C,2025 2026,3,,,,falta,ninguna
5,San Luis,San Luis A,A,M17,Juveniles - Primera rueda - M 17 - Nivel 1 - Grupo II - Zona B | Juveniles - Primera rueda - M17 - Grupo II - Nivel 1 - Zona B | Juveniles - Segunda Rueda - M17 - Grupo ll - Nivel 1 - Intermedia | Juveniles - Segunda rueda - M 17 - Nivel 1 - Grupo II - Ganadores | Menores de 17 - Grupo 2 - Ganadores - Segunda rueda | Menores de 17 - Grupo 2 - Nivel 1 - Ganadores - Segunda Rueda | Menores de 17 - Grupo 2 - Zona A - Segunda Rueda | Menores de 17 - Grupo 2 - Zona B | Menores de 17 - Grupo 2 - Zona B - Equipos A | Menores de 17 - Grupo 2 - Zona C - Primera Rueda | Menores de 17 - Primera Rueda - G2 NIVEL 1 A,2021 2022 2023 2024 2025 2026,11,san-luis-m-17-a,"San Luis M17 ""A""",urba,existe,exacto
5,San Luis,San Luis B,B,M17,Juveniles - Primera rueda - M 17 - Nivel 1 - Grupo II - Zona B Eq B | Juveniles - Primera rueda - M17 - Grupo II - Nivel 1 - Zona B Equipos B | Juveniles - Segunda Rueda - M17 - Grupo ll - Nivel 1 - Intermedia Equipos B | Juveniles - Segunda rueda - M 17 - Nivel 1 - Grupo II - Ganadores eq B | Menores de 17 - Grupo 2 - Ganadores - Equipos B - Segunda rueda | Menores de 17 - Grupo 2 - Nivel 1 - Ganadores - Equipos B - Segunda Rueda | Menores de 17 - Grupo 2 - Zona A - Equipos B - Segunda Rueda | Menores de 17 - Grupo 2 - Zona B - Equipos B | Menores de 17 - Grupo 2 - Zona C - Equipos B - Primera Rueda | Menores de 17 - Primera Rueda - G2 NIVEL 1 A Eq B,2021 2022 2023 2024 2025 2026,11,san-luis-m17-b,"San Luis M17 ""B""",urba,existe,exacto
57,San Marcos,San Marcos,,M17,Juveniles - Primera rueda - M 17 - Grupo I - Zona C | Juveniles - Primera rueda - M17 - Formativa B | Juveniles - Segunda Rueda - M17 - Grupo l - Desarrollo | Juveniles - Segunda rueda - M 17 - Grupo I - Desarrollo | Menores de 17 - Grupo 1 - Desarrollo - Segunda Rueda | Menores de 17 - Primera Rueda - G1 Formativo  A,2023 2024 2025 2026,6,,,,club_no_existe,ninguna
20,San Martin,San Martin A,A,M17,Juveniles - Primera rueda - M 17 - Nivel 2 - Grupo II - Zona C | Juveniles - Primera rueda - M17 - Grupo II - Nivel 1 - Zona B | Juveniles - Segunda Rueda - M17 - Grupo ll - Nivel 1 - Ganadores | Juveniles - Segunda rueda - M 17 - Nivel 1 - Grupo II - Intermedia | Menores de 17 - Grupo 2 - Intermedia - Segunda rueda | Menores de 17 - Grupo 2 - Nivel 1 - Intermedia - Segunda Rueda | Menores de 17 - Grupo 2 - Zona A | Menores de 17 - Grupo 2 - Zona B - Equipos A | Menores de 17 - Primera Rueda - G2 NIVEL 2 C,2022 2023 2024 2025 2026,9,,,,falta,ninguna
20,San Martin,San Martin B,B,M17,Juveniles - Primera rueda - M 17 - Nivel 2 - Grupo II - Zona C Eq B | Juveniles - Primera rueda - M17 - Grupo II - Nivel 1 - Zona B Equipos B | Juveniles - Segunda Rueda - M17 - Grupo ll - Nivel 1 - Ganadores Equipos B | Juveniles - Segunda rueda - M 17 - Nivel 1 - Grupo II - Intermedia eq B | Menores de 17 - Grupo 2 - Intermedia - Equipos B - Segunda rueda | Menores de 17 - Grupo 2 - Nivel 1 - Intermedia - Equipos B - Segunda Rueda | Menores de 17 - Grupo 2 - Zona A - Equipos B | Menores de 17 - Grupo 2 - Zona B - Equipos B | Menores de 17 - Primera Rueda - G2 NIVEL 2 C Eq B,2022 2023 2024 2025 2026,9,,,,falta,ninguna
20,San Martin,San Martin C,C,M17,Juveniles - Primera rueda - M 17 - Formativa - Zona B | Juveniles - Segunda rueda - M 17 - Formativa - Zona B,2025,2,,,,falta,ninguna
56,San Miguel,San Miguel,,M17,Juveniles - Primera rueda - M17 - Formativa B | Juveniles - Segunda Rueda - M17 - Formativa B | Menores de 17 - Grupo 1 - Formativa A - Segunda Rueda | Menores de 17 - Grupo 1 - Formativa B - Segunda Rueda | Menores de 17 - Grupo 1 - Zona A - Primera Rueda | Menores de 17 - Primera Rueda - G1 Formativo  B,2021 2023 2024 2026,6,,,,falta,ninguna
21,San Patricio,San Patricio,,M17,Juveniles - Primera rueda - M 17 - Grupo I - Zona B | Juveniles - Primera rueda - M17 - Grupo I - Zona B | Juveniles - Segunda Rueda - M17 - Grupo l - Ganadores | Juveniles - Segunda rueda - M 17 - Grupo I - Ganadores | Menores de 17 - Grupo 1 - Ganadores - Segunda Rueda | Menores de 17 - Grupo 1 - Intermedia - Segunda Rueda | Menores de 17 - Grupo 1 - Zona A - Primera Rueda | Menores de 17 - Grupo 1 - Zona B | Menores de 17 - Primera Rueda - G1 B,2021 2022 2023 2024 2025 2026,10,,,,falta,ninguna
1,SIC,SIC A,A,M17,Juveniles - Primera rueda - M 17 - Nivel 1 - Grupo II - Zona A | Juveniles - Primera rueda - M17 - Grupo II - Nivel 1 - Zona B | Juveniles - Segunda Rueda - M17 - Grupo ll - Nivel 1 - Ganadores | Juveniles - Segunda rueda - M 17 - Nivel 1 - Grupo II - Ganadores | Menores de 17 - Grupo 2 - Ganadores - Segunda rueda | Menores de 17 - Grupo 2 - Nivel 1 - Ganadores - Segunda Rueda | Menores de 17 - Grupo 2 - Zona A | Menores de 17 - Grupo 2 - Zona A - Segunda Rueda | Menores de 17 - Grupo 2 - Zona B - Equipos A | Menores de 17 - Grupo 2 - Zona B - Primera Rueda | Menores de 17 - Primera Rueda - G2 NIVEL 1 A,2021 2022 2023 2024 2025 2026,11,sic-m17-a,"SIC M17 ""A""",urba,existe,exacto
1,SIC,SIC B,B,M17,Juveniles - Primera rueda - M 17 - Nivel 1 - Grupo II - Zona A Eq B | Juveniles - Primera rueda - M17 - Grupo II - Nivel 1 - Zona B Equipos B | Juveniles - Segunda Rueda - M17 - Grupo ll - Nivel 1 - Ganadores Equipos B | Juveniles - Segunda rueda - M 17 - Nivel 1 - Grupo II - Ganadores eq B | Menores de 17 - Grupo 2 - Ganadores - Equipos B - Segunda rueda | Menores de 17 - Grupo 2 - Nivel 1 - Ganadores - Equipos B - Segunda Rueda | Menores de 17 - Grupo 2 - Zona A - Equipos B | Menores de 17 - Grupo 2 - Zona A - Equipos B - Segunda Rueda | Menores de 17 - Grupo 2 - Zona B - Equipos B | Menores de 17 - Grupo 2 - Zona B - Equipos B - Primera Rueda | Menores de 17 - Primera Rueda - G2 NIVEL 1 A Eq B,2021 2022 2023 2024 2025 2026,11,sic-m17-b,"SIC M17 ""B""",urba,existe,exacto
1,SIC,SIC C,C,M17,Juveniles - Primera rueda - M 17 - Grupo I - Zona B | Juveniles - Primera rueda - M17 - Grupo I - Zona B | Juveniles - Segunda Rueda - M17 - Grupo l - Ganadores | Juveniles - Segunda rueda - M 17 - Grupo I - Ganadores | Menores de 17 - Grupo 1 - Ganadores - Segunda Rueda | Menores de 17 - Grupo 1 - Intermedia - Segunda Rueda | Menores de 17 - Grupo 1 - Zona B - Segunda Rueda | Menores de 17 - Grupo 1 - Zona C | Menores de 17 - Primera Rueda - G1 B,2021 2022 2023 2024 2025 2026,9,,,,falta,ninguna
1,SIC,SIC D,D,M17,Juveniles - Primera rueda - M 17 - Formativa - Zona A | Juveniles - Primera rueda - M17 - Formativa A | Juveniles - Segunda Rueda - M17 - Formativa A | Juveniles - Segunda rueda - M 17 - Formativa - Zona A | Menores de 17 - Grupo 1 - Formativa A | Menores de 17 - Grupo 1 - Formativa A - Segunda Rueda | Menores de 17 - Primera Rueda - G1 Formativo  A,2023 2024 2025 2026,7,,,,falta,ninguna
43,SITAS,SITAS,,M17,Juveniles - Primera rueda - M 17 - Grupo I - Zona A | Juveniles - Primera rueda - M17 - Grupo I - Zona B | Juveniles - Segunda Rueda - M17 - Grupo l - Ganadores | Juveniles - Segunda rueda - M 17 - Grupo I - Desarrollo | Menores de 17 - Grupo 1 - Zona B,2022 2024 2025,5,,,,falta,ninguna
43,SITAS,SITAS A,A,M17,Menores de 17 - Grupo 2 - Desarrollo - Segunda rueda | Menores de 17 - Grupo 2 - Nivel 1 - Intermedia - Segunda Rueda | Menores de 17 - Grupo 2 - Zona C | Menores de 17 - Primera Rueda - G2 NIVEL 1 A,2022 2023 2026,4,sitas-m17-a,"SITAS M17 ""A""",urba,existe,exacto
43,SITAS,SITAS B,B,M17,Menores de 17 - Grupo 2 - Desarrollo - Equipos B - Segunda rueda | Menores de 17 - Grupo 2 - Nivel 1 - Intermedia - Equipos B - Segunda Rueda | Menores de 17 - Grupo 2 - Zona C - Equipos B | Menores de 17 - Primera Rueda - G2 NIVEL 1 A Eq B,2022 2023 2026,4,sitas-m17-b,"SITAS M17 ""B""",urba,existe,exacto
81,Sociedad Hebraica,Sociedad Hebraica,,M17,Juveniles - Primera rueda - M 17 - Formativa - Zona D | Juveniles - Primera rueda - M17 - Formativa C | Juveniles - Segunda rueda - M 17 - Formativa - Zona C,2024 2025,3,,,,club_no_existe,ninguna
58,St. Brendans,St. Brendans,,M17,Juveniles - Primera rueda - M17 - Formativa C | Menores de 17 - Grupo 1 - Formativa A - Primera Rueda | Menores de 17 - Grupo 1 - Formativa A - Segunda Rueda | Menores de 17 - Grupo 1 - Formativa B | Menores de 17 - Grupo 1 - Formativa B - Segunda Rueda | Menores de 17 - Primera Rueda - G1 Formativo  C,2022 2023 2024 2026,6,,,,falta,ninguna
72,Tigre,Tigre,,M17,Juveniles - Primera rueda - M 17 - Grupo I - Zona B | Juveniles - Primera rueda - M17 - Formativa C | Juveniles - Segunda Rueda - M17 - Grupo l - Desarrollo | Juveniles - Segunda rueda - M 17 - Grupo I - Desarrollo | Menores de 17 - Grupo 1 - Formativa B | Menores de 17 - Grupo 1 - Formativa B - Segunda Rueda | Menores de 17 - Grupo 1 - Intermedia - Segunda Rueda | Menores de 17 - Grupo 1 - Zona B | Menores de 17 - Primera Rueda - G1 A,2022 2023 2024 2025 2026,9,,,,club_no_existe,ninguna
69,Tiro Federal de Baradero,Tiro Federal de Baradero,,M17,Juveniles - Primera rueda - M 17 - Grupo I - Zona C | Juveniles - Primera rueda - M17 - Formativa C | Juveniles - Segunda Rueda - M17 - Grupo l - Desarrollo | Juveniles - Segunda rueda - M 17 - Grupo I - Desarrollo | Menores de 17 - Grupo 1 - Formativa A - Primera Rueda | Menores de 17 - Grupo 1 - Formativa A - Segunda Rueda | Menores de 17 - Primera Rueda - G1 Formativo  B,2021 2022 2024 2025 2026,8,,,,falta,ninguna
62,Tiro Federal de San Pedro,Tiro Federal de San Pedro,,M17,Juveniles - Primera rueda - M 17 - Formativa - Zona D | Juveniles - Primera rueda - M17 - Formativa C | Juveniles - Segunda Rueda - M17 - Grupo l - Desarrollo | Juveniles - Segunda rueda - M 17 - Grupo I - Desarrollo | Menores de 17 - Grupo 1 - Desarrollo - Segunda Rueda | Menores de 17 - Grupo 1 - Formativa A - Primera Rueda | Menores de 17 - Grupo 1 - Intermedia - Segunda Rueda | Menores de 17 - Grupo 1 - Zona A - Primera Rueda | Menores de 17 - Grupo 1 - Zona B - Segunda Rueda | Menores de 17 - Grupo 1 - Zona C | Menores de 17 - Primera Rueda - G1 A,2021 2022 2023 2024 2025 2026,11,,,,club_no_existe,ninguna
29,Universitario de la Plata,Universitario de La Plata,,M17,Menores de 17 - Grupo 1 - Ganadores - Segunda Rueda | Menores de 17 - Grupo 1 - Zona B,2022 2023,2,,,,falta,ninguna
29,Universitario de la Plata,Univ. De la Plata A,A,M17,Juveniles - Primera rueda - M 17 - Nivel 2 - Grupo II - Zona C | Juveniles - Primera rueda - M17 - Grupo II - Nivel 2 - Zona C | Juveniles - Segunda Rueda - M17 - Grupo ll - Nivel 2 - Ganadores | Juveniles - Segunda rueda - M 17 - Nivel 2 - Grupo II - Desarrollo | Menores de 17 - Grupo 2 - Desarrollo - Segunda rueda | Menores de 17 - Primera Rueda - G2 NIVEL 2 C,2022 2024 2025 2026,6,,,,falta,ninguna
29,Universitario de la Plata,Univ. De la Plata B,B,M17,Juveniles - Primera rueda - M 17 - Nivel 2 - Grupo II - Zona C Eq B | Juveniles - Primera rueda - M17 - Grupo II - Nivel 2 - Zona C Equipos B | Juveniles - Segunda Rueda - M17 - Grupo ll - Nivel 2 - Ganadores Equipos B | Juveniles - Segunda rueda - M 17 - Nivel 2 - Grupo II - Desarrollo eq B | Menores de 17 - Grupo 2 - Desarrollo - Equipos B - Segunda rueda | Menores de 17 - Primera Rueda - G2 NIVEL 2 C Eq B,2022 2024 2025 2026,6,,,,falta,ninguna
68,Varela Jr.,Varela Jr.,,M17,Juveniles - Primera rueda - M17 - Grupo I - Zona B | Juveniles - Segunda Rueda - M17 - Formativa B | Menores de 17 - Grupo 1 - Desarrollo - Segunda Rueda | Menores de 17 - Grupo 1 - Intermedia - Segunda Rueda | Menores de 17 - Grupo 1 - Zona A | Menores de 17 - Grupo 1 - Zona B | Menores de 17 - Primera Rueda - G1 B,2022 2023 2024 2026,7,,,,club_no_existe,ninguna
77,Vicente Lopez,Vicente Lopez,,M17,Menores de 17 - Grupo 1 - Formativa A - Primera Rueda | Menores de 17 - Grupo 1 - Formativa A - Segunda Rueda | Menores de 17 - Primera Rueda - G1 Formativo  A,2022 2026,3,,,,club_no_existe,ninguna
45,Vicentinos,Vicentinos,,M17,Juveniles - Primera rueda - M 17 - Grupo I - Zona A | Juveniles - Primera rueda - M17 - Grupo I - Zona A | Juveniles - Segunda Rueda - M17 - Grupo l - Desarrollo | Juveniles - Segunda rueda - M 17 - Grupo I - Ganadores | Menores de 17 - Grupo 1 - Desarrollo - Segunda Rueda | Menores de 17 - Primera Rueda - G1 A,2023 2024 2025 2026,6,,,,falta,ninguna
45,Vicentinos,Vicentinos A,A,M17,Menores de 17 - Grupo 2 - Desarrollo - Segunda rueda | Menores de 17 - Grupo 2 - Zona C - Equipos A,2022,2,,,,falta,ninguna
45,Vicentinos,Vicentinos B,B,M17,Menores de 17 - Grupo 2 - Desarrollo - Equipos B - Segunda rueda | Menores de 17 - Grupo 2 - Zona C - Equipos B,2022,2,,,,falta,ninguna
55,Virreyes,Virreyes,,M17,Juveniles - Primera rueda - M 17 - Formativa - Zona D | Juveniles - Primera rueda - M17 - Formativa A | Juveniles - Segunda Rueda - M17 - Formativa A | Juveniles - Segunda rueda - M 17 - Grupo I - Desarrollo | Menores de 17 - Grupo 1 - Desarrollo - Segunda Rueda | Menores de 17 - Grupo 1 - Zona B,2023 2024 2025,6,,,,falta,ninguna
55,Virreyes,Virreyes A,A,M17,Menores de 17 - Grupo 2 - Desarrollo - Segunda rueda | Menores de 17 - Grupo 2 - Zona C - Equipos A | Menores de 17 - Primera Rueda - G2 NIVEL 2 C,2022 2026,3,,,,falta,ninguna
55,Virreyes,Virreyes B,B,M17,Menores de 17 - Grupo 2 - Desarrollo - Equipos B - Segunda rueda | Menores de 17 - Grupo 2 - Zona C - Equipos B | Menores de 17 - Primera Rueda - G2 NIVEL 2 C Eq B,2022 2026,3,,,,falta,ninguna
61,Albatros,Albatros,,M18,Menores de 18 - Grupo 1 - Zona A - Segunda Rueda | Menores de 18 - Grupo 1 - Zona C - Primera Rueda,2021,2,,,,club_no_existe,ninguna
12,Alumni,Alumni A,A,M18,Menores de 18 - Grupo 2 - Zona A - Segunda Rueda | Menores de 18 - Grupo 2 - Zona C - Primera Rueda,2021,2,,,,falta,ninguna
12,Alumni,Alumni B,B,M18,Menores de 18 - Grupo 2 - Zona A - Equipos B - Segunda Rueda | Menores de 18 - Grupo 2 - Zona C - Equipos B - Primera Rueda,2021,2,,,,falta,ninguna
46,Areco,Areco,,M18,Menores de 18 - Grupo 1 - Zona A - Segunda Rueda | Menores de 18 - Grupo 1 - Zona B - Primera Rueda,2021,2,,,,falta,ninguna
53,Argentino,Argentino,,M18,Menores de 18 - Grupo 1 - Zona A - Primera Rueda,2021,1,,,,falta,ninguna
53,Argentino,Argentino A,A,M18,Menores de 18 - Grupo 2 - Zona E - Primera Rueda | Menores de 18 - Grupo 2 - Zona E - Segunda Rueda,2021,2,,,,falta,ninguna
53,Argentino,Argentino B,B,M18,Menores de 18 - Grupo 2 - Zona E - Equipos B - Primera Rueda | Menores de 18 - Grupo 2 - Zona E - Equipos B - Segunda Rueda,2021,2,,,,falta,ninguna
67,Arsenal Zarate,Arsenal Zarate,,M18,Menores de 18 - Grupo 1 - Zona B - Primera Rueda | Menores de 18 - Grupo 1 - Zona B - Segunda Rueda,2021,2,,,,club_no_existe,ninguna
60,Atletico Chascomus,Atletico Chascomus,,M18,Menores de 18 - Grupo 1 - Zona A - Segunda Rueda | Menores de 18 - Grupo 1 - Zona C - Primera Rueda,2021,2,,,,club_no_existe,ninguna
75,Atletico San Andres,Atletico San Andres,,M18,Menores de 18 - Grupo 1 - Formativa A - Primera Rueda | Menores de 18 - Grupo 1 - Formativa A - Segunda Rueda,2021,2,,,,falta,ninguna
63,Atletico y Progreso,Atletico y Progreso,,M18,Menores de 18 - Grupo 1 - Zona B - Segunda Rueda | Menores de 18 - Grupo 1 - Zona C - Primera Rueda,2021,2,,,,club_no_existe,ninguna
80,Banco Hipotecario,Banco Hipotecario,,M18,Menores de 18 - Grupo 1 - Formativa A - Segunda Rueda | Menores de 18 - Grupo 1 - Formativa B,2021,2,,,,club_no_existe,ninguna
40,Banco Nacion,Banco Nacion A,A,M18,Menores de 18 - Grupo 2 - Zona C - Primera Rueda | Menores de 18 - Grupo 2 - Zona F - Segunda Rueda,2021,2,,,,falta,ninguna
40,Banco Nacion,Banco Nación B,B,M18,Menores de 18 - Grupo 2 - Zona C - Equipos B - Primera Rueda | Menores de 18 - Grupo 2 - Zona F - Equipos B - Segunda Rueda,2021,2,,,,falta,ninguna
7,Belgrano Athletic,Belgrano Athletic A,A,M18,Menores de 18 - Grupo 2 - Zona C - Primera Rueda | Menores de 18 - Grupo 2 - Zona D - Segunda Rueda,2021,2,,,,falta,ninguna
7,Belgrano Athletic,Belgrano Athletic B,B,M18,Menores de 18 - Grupo 2 - Zona C - Equipos B - Primera Rueda | Menores de 18 - Grupo 2 - Zona D - Equipos B - Segunda Rueda,2021,2,,,,falta,ninguna
71,Beromama,Beromama,,M18,Menores de 18 - Grupo 1 - Formativa A - Segunda Rueda | Menores de 18 - Grupo 1 - Formativa B,2021,2,,,,club_no_existe,ninguna
8,Buenos Aires CRC,Buenos Aires A,A,M18,Menores de 18 - Grupo 2 - Zona A - Segunda Rueda | Menores de 18 - Grupo 2 - Zona C - Primera Rueda,2021,2,,,,falta,ninguna
8,Buenos Aires CRC,Buenos Aires B,B,M18,Menores de 18 - Grupo 2 - Zona A - Equipos B - Segunda Rueda | Menores de 18 - Grupo 2 - Zona C - Equipos B - Primera Rueda,2021,2,,,,falta,ninguna
27,C.U. de Quilmes,C.U. de Quilmes A,A,M18,Menores de 18 - Grupo 2 - Zona E - Primera Rueda | Menores de 18 - Grupo 2 - Zona E - Segunda Rueda,2021,2,,,,falta,ninguna
27,C.U. de Quilmes,C.U. de Quilmes B,B,M18,Menores de 18 - Grupo 2 - Zona E - Equipos B - Primera Rueda | Menores de 18 - Grupo 2 - Zona E - Equipos B - Segunda Rueda,2021,2,,,,falta,ninguna
27,C.U. de Quilmes,C.U. de Quilmes C,C,M18,Menores de 18 - Grupo 1 - Zona C - Segunda Rueda,2021,1,,,,falta,ninguna
49,CASA de Padua,CASA de Padua A,A,M18,Menores de 18 - Grupo 2 - Zona A - Segunda Rueda | Menores de 18 - Grupo 2 - Zona B - Primera Rueda,2021,2,,,,falta,ninguna
49,CASA de Padua,CASA de Padua B,B,M18,Menores de 18 - Grupo 2 - Zona A - Equipos B - Segunda Rueda | Menores de 18 - Grupo 2 - Zona B - Equipos B - Primera Rueda,2021,2,,,,falta,ninguna
3,CASI,CASI A,A,M18,Menores de 18 - Grupo 2 - Zona B - Segunda Rueda | Menores de 18 - Grupo 2 - Zona D - Primera Rueda,2021,2,,,,falta,ninguna
3,CASI,CASI B,B,M18,Menores de 18 - Grupo 2 - Zona B - Equipos B - Segunda Rueda | Menores de 18 - Grupo 2 - Zona D - Equipos B - Primera Rueda,2021,2,,,,falta,ninguna
42,Centro Naval,Centro Naval A,A,M18,Menores de 18 - Grupo 2 - Zona B - Primera Rueda | Menores de 18 - Grupo 2 - Zona F - Segunda Rueda,2021,2,,,,falta,ninguna
42,Centro Naval,Centro Naval B,B,M18,Menores de 18 - Grupo 2 - Zona B - Equipos B - Primera Rueda | Menores de 18 - Grupo 2 - Zona F - Equipos B - Segunda Rueda,2021,2,,,,falta,ninguna
11,Champagnat,Champagnat A,A,M18,Menores de 18 - Grupo 2 - Zona B - Segunda Rueda | Menores de 18 - Grupo 2 - Zona C - Primera Rueda,2021,2,,,,falta,ninguna
11,Champagnat,Champagnat B,B,M18,Menores de 18 - Grupo 2 - Zona B - Equipos B - Segunda Rueda | Menores de 18 - Grupo 2 - Zona C - Equipos B - Primera Rueda,2021,2,,,,falta,ninguna
54,Ciudad de Bs.As.,Ciudad de Bs.As. A,A,M18,Menores de 18 - Grupo 2 - Zona A - Primera Rueda | Menores de 18 - Grupo 2 - Zona E - Primera Rueda | Menores de 18 - Grupo 2 - Zona E - Segunda Rueda,2021,3,,,,falta,ninguna
54,Ciudad de Bs.As.,Ciudad de Bs.As. B,B,M18,Menores de 18 - Grupo 2 - Zona A - Equipos B - Primera Rueda | Menores de 18 - Grupo 2 - Zona E - Equipos B - Segunda Rueda,2021,2,,,,falta,ninguna
76,Ciudad de Campana,Ciudad De Campana,,M18,Menores de 18 - Grupo 1 - Formativa A - Primera Rueda | Menores de 18 - Grupo 1 - Formativa A - Segunda Rueda,2021,2,,,,club_no_existe,ninguna
2,CUBA,CUBA A,A,M18,Menores de 18 - Grupo 2 - Zona C - Primera Rueda | Menores de 18 - Grupo 2 - Zona D - Segunda Rueda,2021,2,,,,falta,ninguna
2,CUBA,CUBA B,B,M18,Menores de 18 - Grupo 2 - Zona C - Equipos B - Primera Rueda | Menores de 18 - Grupo 2 - Zona D - Equipos B - Segunda Rueda,2021,2,,,,falta,ninguna
24,Curupayti,Curupayti A,A,M18,Menores de 18 - Grupo 2 - Zona A - Primera Rueda | Menores de 18 - Grupo 2 - Zona C - Segunda Rueda,2021,2,,,,falta,ninguna
24,Curupayti,Curupayti B,B,M18,Menores de 18 - Grupo 2 - Zona A - Equipos B - Primera Rueda | Menores de 18 - Grupo 2 - Zona C - Equipos B - Segunda Rueda,2021,2,,,,falta,ninguna
52,Daom,Daom,,M18,Menores de 18 - Grupo 1 - Zona A - Primera Rueda,2021,1,,,,falta,ninguna
52,Daom,Daom A,A,M18,Menores de 18 - Grupo 2 - Zona E - Primera Rueda | Menores de 18 - Grupo 2 - Zona E - Segunda Rueda,2021,2,,,,falta,ninguna
52,Daom,Daom B,B,M18,Menores de 18 - Grupo 2 - Zona E - Equipos B - Primera Rueda | Menores de 18 - Grupo 2 - Zona E - Equipos B - Segunda Rueda,2021,2,,,,falta,ninguna
44,Del Sur,Del Sur Rugby A,A,M18,Menores de 18 - Grupo 2 - Zona E - Primera Rueda | Menores de 18 - Grupo 2 - Zona E - Segunda Rueda,2021,2,,,,falta,ninguna
44,Del Sur,Del Sur Rugby B,B,M18,Menores de 18 - Grupo 2 - Zona E - Equipos B - Primera Rueda | Menores de 18 - Grupo 2 - Zona E - Equipos B - Segunda Rueda,2021,2,,,,falta,ninguna
33,Delta,Delta A,A,M18,Menores de 18 - Grupo 2 - Zona A - Segunda Rueda | Menores de 18 - Grupo 2 - Zona D - Primera Rueda,2021,2,,,,falta,ninguna
33,Delta,Delta B,B,M18,Menores de 18 - Grupo 2 - Zona A - Equipos B - Segunda Rueda | Menores de 18 - Grupo 2 - Zona D - Equipos B - Primera Rueda,2021,2,,,,falta,ninguna
17,Deportiva Francesa,Deportiva Francesa A,A,M18,Menores de 18 - Grupo 2 - Zona D - Primera Rueda | Menores de 18 - Grupo 2 - Zona D - Segunda Rueda,2021,2,,,,falta,ninguna
17,Deportiva Francesa,Deportiva Francesa B,B,M18,Menores de 18 - Grupo 2 - Zona D - Equipos B - Primera Rueda | Menores de 18 - Grupo 2 - Zona D - Equipos B - Segunda Rueda,2021,2,,,,falta,ninguna
37,Don Bosco,Don Bosco A,A,M18,Menores de 18 - Grupo 2 - Zona D - Segunda Rueda | Menores de 18 - Grupo 2 - Zona E - Primera Rueda,2021,2,,,,falta,ninguna
37,Don Bosco,Don Bosco B,B,M18,Menores de 18 - Grupo 2 - Zona D - Equipos B - Segunda Rueda,2021,1,,,,falta,ninguna
48,El Retiro,El Retiro,,M18,Menores de 18 - Grupo 1 - Zona A - Primera Rueda | Menores de 18 - Grupo 1 - Zona C - Segunda Rueda,2021,2,,,,club_no_existe,ninguna
59,G y E de Ituzaingo,G y E de Ituzaingo,,M18,Menores de 18 - Grupo 1 - Zona B - Primera Rueda,2021,1,,,,club_no_existe,ninguna
59,G y E de Ituzaingo,G y E de Ituzaingo A,A,M18,Menores de 18 - Grupo 2 - Zona F - Segunda Rueda,2021,1,,,,club_no_existe,ninguna
59,G y E de Ituzaingo,G y E de Ituzaingo B,B,M18,Menores de 18 - Grupo 2 - Zona F - Equipos B - Segunda Rueda,2021,1,,,,club_no_existe,ninguna
30,Gimnasia y Esgrima,Gimnasia y Esgrima bs. As A,A,M18,Menores de 18 - Grupo 2 - Zona A - Primera Rueda | Menores de 18 - Grupo 2 - Zona A - Segunda Rueda,2021,2,,,,falta,ninguna
30,Gimnasia y Esgrima,Gimnasia y Esgrima bs. As B,B,M18,Menores de 18 - Grupo 2 - Zona A - Equipos B - Primera Rueda | Menores de 18 - Grupo 2 - Zona A - Equipos B - Segunda Rueda,2021,2,,,,falta,ninguna
6,Hindú,Hindu A,A,M18,Menores de 18 - Grupo 2 - Zona A - Segunda Rueda | Menores de 18 - Grupo 2 - Zona D - Primera Rueda,2021,2,,,,falta,ninguna
6,Hindú,Hindu B,B,M18,Menores de 18 - Grupo 2 - Zona A - Equipos B - Segunda Rueda | Menores de 18 - Grupo 2 - Zona D - Equipos B - Primera Rueda,2021,2,,,,falta,ninguna
19,Hurling,Hurling A,A,M18,Menores de 18 - Grupo 2 - Zona A - Primera Rueda | Menores de 18 - Grupo 2 - Zona C - Segunda Rueda,2021,2,,,,falta,ninguna
19,Hurling,Hurling B,B,M18,Menores de 18 - Grupo 2 - Zona A - Equipos B - Primera Rueda | Menores de 18 - Grupo 2 - Zona C - Equipos B - Segunda Rueda,2021,2,,,,falta,ninguna
28,Italiano,Italiano,,M18,Menores de 18 - Grupo 1 - Zona A - Primera Rueda | Menores de 18 - Grupo 1 - Zona A - Segunda Rueda,2021,2,,,,falta,ninguna
13,La Plata,La Plata A,A,M18,Menores de 18 - Grupo 2 - Zona A - Segunda Rueda | Menores de 18 - Grupo 2 - Zona E - Primera Rueda,2021,2,,,,falta,ninguna
13,La Plata,La Plata B,B,M18,Menores de 18 - Grupo 2 - Zona A - Equipos B - Segunda Rueda,2021,1,,,,falta,ninguna
64,La Salle,La Salle Rugby y Hockey Club,,M18,Menores de 18 - Grupo 1 - Formativa A - Segunda Rueda | Menores de 18 - Grupo 1 - Formativa B,2021,2,,,,club_no_existe,ninguna
51,Lanus,Lanus A,A,M18,Menores de 18 - Grupo 2 - Zona E - Primera Rueda | Menores de 18 - Grupo 2 - Zona F - Segunda Rueda,2021,2,,,,falta,ninguna
51,Lanus,Lanus B,B,M18,Menores de 18 - Grupo 2 - Zona F - Equipos B - Segunda Rueda,2021,1,,,,falta,ninguna
73,Las Cañas,Las Cañas,,M18,Menores de 18 - Grupo 1 - Formativa A - Segunda Rueda | Menores de 18 - Grupo 1 - Formativa B,2021,2,,,,club_no_existe,ninguna
36,Liceo Militar,Liceo Militar,,M18,Menores de 18 - Grupo 1 - Zona B - Primera Rueda | Menores de 18 - Grupo 1 - Zona B - Segunda Rueda,2021,2,,,,falta,ninguna
38,Liceo Naval,Liceo Naval A,A,M18,Menores de 18 - Grupo 2 - Zona B - Primera Rueda | Menores de 18 - Grupo 2 - Zona C - Segunda Rueda,2021,2,,,,falta,ninguna
38,Liceo Naval,Liceo Naval B,B,M18,Menores de 18 - Grupo 2 - Zona B - Equipos B - Primera Rueda | Menores de 18 - Grupo 2 - Zona C - Equipos B - Segunda Rueda,2021,2,,,,falta,ninguna
15,Lomas Athletic,Lomas Athletic A,A,M18,Menores de 18 - Grupo 2 - Zona C - Segunda Rueda | Menores de 18 - Grupo 2 - Zona E - Primera Rueda,2021,2,,,,falta,ninguna
15,Lomas Athletic,Lomas Athletic B,B,M18,Menores de 18 - Grupo 2 - Zona C - Equipos B - Segunda Rueda,2021,1,,,,falta,ninguna
78,Los Cedros,Los Cedros,,M18,Menores de 18 - Grupo 1 - Zona B - Primera Rueda | Menores de 18 - Grupo 1 - Zona B - Segunda Rueda,2021,2,,,,club_no_existe,ninguna
23,Los Matreros,Los Matreros A,A,M18,Menores de 18 - Grupo 2 - Zona A - Primera Rueda | Menores de 18 - Grupo 2 - Zona B - Segunda Rueda,2021,2,,,,falta,ninguna
23,Los Matreros,Los Matreros B,B,M18,Menores de 18 - Grupo 2 - Zona A - Equipos B - Primera Rueda | Menores de 18 - Grupo 2 - Zona B - Equipos B - Segunda Rueda,2021,2,,,,falta,ninguna
79,Los Pinos,Los Pinos,,M18,Menores de 18 - Grupo 1 - Formativa A - Primera Rueda | Menores de 18 - Grupo 1 - Formativa A - Segunda Rueda,2021,2,,,,club_no_existe,ninguna
26,Los Tilos,Los tilos A,A,M18,Menores de 18 - Grupo 2 - Zona B - Segunda Rueda | Menores de 18 - Grupo 2 - Zona E - Primera Rueda,2021,2,,,,falta,ninguna
26,Los Tilos,Los Tilos B,B,M18,Menores de 18 - Grupo 2 - Zona B - Equipos B - Segunda Rueda,2021,1,,,,falta,ninguna
50,Lujan,Lujan,,M18,Menores de 18 - Grupo 1 - Zona B - Primera Rueda,2021,1,,,,falta,ninguna
50,Lujan,Lujan A,A,M18,Menores de 18 - Grupo 2 - Zona E - Primera Rueda | Menores de 18 - Grupo 2 - Zona E - Segunda Rueda,2021,2,,,,falta,ninguna
50,Lujan,Lujan B,B,M18,Menores de 18 - Grupo 2 - Zona E - Equipos B - Primera Rueda | Menores de 18 - Grupo 2 - Zona E - Equipos B - Segunda Rueda,2021,2,,,,falta,ninguna
34,Manuel Belgrano,Manuel Belgrano A,A,M18,Menores de 18 - Grupo 2 - Zona C - Primera Rueda | Menores de 18 - Grupo 2 - Zona F - Segunda Rueda,2021,2,,,,falta,ninguna
34,Manuel Belgrano,Manuel Belgrano B,B,M18,Menores de 18 - Grupo 2 - Zona C - Equipos B - Primera Rueda | Menores de 18 - Grupo 2 - Zona F - Equipos B - Segunda Rueda,2021,2,,,,falta,ninguna
39,Mariano Moreno,Mariano Moreno A,A,M18,Menores de 18 - Grupo 2 - Zona B - Primera Rueda | Menores de 18 - Grupo 2 - Zona D - Segunda Rueda,2021,2,,,,falta,ninguna
39,Mariano Moreno,Mariano Moreno B,B,M18,Menores de 18 - Grupo 2 - Zona B - Equipos B - Primera Rueda | Menores de 18 - Grupo 2 - Zona D - Equipos B - Segunda Rueda,2021,2,,,,falta,ninguna
41,Monte Grande,Monte Grande,,M18,Menores de 18 - Grupo 1 - Zona A - Segunda Rueda | Menores de 18 - Grupo 1 - Zona C - Primera Rueda,2021,2,,,,falta,ninguna
91,Municipalidad de Berazategui,Munic. de Berazategui,,M18,Menores de 18 - Grupo 1 - Formativa A - Segunda Rueda | Menores de 18 - Grupo 1 - Formativa B,2021,2,,,,club_no_existe,ninguna
9,Newman,Newman A,A,M18,Menores de 18 - Grupo 2 - Zona C - Primera Rueda | Menores de 18 - Grupo 2 - Zona D - Segunda Rueda,2021,2,,,,falta,ninguna
9,Newman,Newman B,B,M18,Menores de 18 - Grupo 2 - Zona C - Equipos B - Primera Rueda | Menores de 18 - Grupo 2 - Zona D - Equipos B - Segunda Rueda,2021,2,,,,falta,ninguna
90,Obras Sanitarias,Obras Sanitarias,,M18,Menores de 18 - Grupo 1 - Formativa A - Segunda Rueda | Menores de 18 - Grupo 1 - Formativa B,2021,2,,,,club_no_existe,ninguna
66,Old Georgian,Old Georgian,,M18,Menores de 18 - Grupo 1 - Zona A - Segunda Rueda | Menores de 18 - Grupo 1 - Zona C - Primera Rueda,2021,2,,,,club_no_existe,ninguna
22,Olivos,Olivos A,A,M18,Menores de 18 - Grupo 2 - Zona C - Segunda Rueda | Menores de 18 - Grupo 2 - Zona D - Primera Rueda,2021,2,,,,falta,ninguna
22,Olivos,Olivos B,B,M18,Menores de 18 - Grupo 2 - Zona C - Equipos B - Segunda Rueda | Menores de 18 - Grupo 2 - Zona D - Equipos B - Primera Rueda,2021,2,,,,falta,ninguna
70,Porteño,Porteño,,M18,Menores de 18 - Grupo 1 - Zona B - Segunda Rueda | Menores de 18 - Grupo 1 - Zona C - Primera Rueda,2021,2,,,,club_no_existe,ninguna
16,Pucara,Pucara A,A,M18,Menores de 18 - Grupo 2 - Zona B - Segunda Rueda | Menores de 18 - Grupo 2 - Zona E - Primera Rueda,2021,2,,,,falta,ninguna
16,Pucara,Pucara B,B,M18,Menores de 18 - Grupo 2 - Zona B - Equipos B - Segunda Rueda,2021,1,,,,falta,ninguna
25,Pueyrredon,Pueyrredon,,M18,Menores de 18 - Grupo 1 - Zona A - Segunda Rueda | Menores de 18 - Grupo 1 - Zona B - Primera Rueda,2021,2,,,,falta,ninguna
4,Regatas Bella Vista,Regatas Bella Vista A,A,M18,Menores de 18 - Grupo 2 - Zona B - Primera Rueda | Menores de 18 - Grupo 2 - Zona B - Segunda Rueda,2021,2,,,,falta,ninguna
4,Regatas Bella Vista,Regatas Bella Vista B,B,M18,Menores de 18 - Grupo 2 - Zona B - Equipos B - Primera Rueda | Menores de 18 - Grupo 2 - Zona B - Equipos B - Segunda Rueda,2021,2,,,,falta,ninguna
14,San Albano,San Andres A,A,M18,Menores de 18 - Grupo 2 - Zona B - Segunda Rueda | Menores de 18 - Grupo 2 - Zona C - Primera Rueda | Menores de 18 - Grupo 2 - Zona D - Segunda Rueda | Menores de 18 - Grupo 2 - Zona E - Primera Rueda,2021,4,,,,falta,ninguna
14,San Albano,San Andres B,B,M18,Menores de 18 - Grupo 2 - Zona B - Equipos B - Segunda Rueda | Menores de 18 - Grupo 2 - Zona C - Equipos B - Primera Rueda | Menores de 18 - Grupo 2 - Zona D - Equipos B - Segunda Rueda,2021,3,,,,falta,ninguna
35,San Carlos,San Carlos A,A,M18,Menores de 18 - Grupo 2 - Zona D - Primera Rueda | Menores de 18 - Grupo 2 - Zona E - Primera Rueda | Menores de 18 - Grupo 2 - Zona E - Segunda Rueda,2021,3,,,,falta,ninguna
35,San Carlos,San Carlos B,B,M18,Menores de 18 - Grupo 2 - Zona D - Equipos B - Primera Rueda | Menores de 18 - Grupo 2 - Zona E - Equipos B - Primera Rueda | Menores de 18 - Grupo 2 - Zona E - Equipos B - Segunda Rueda,2021,3,,,,falta,ninguna
18,San Cirano,San Cirano A,A,M18,Menores de 18 - Grupo 2 - Zona B - Primera Rueda | Menores de 18 - Grupo 2 - Zona D - Segunda Rueda,2021,2,,,,falta,ninguna
18,San Cirano,San Cirano B,B,M18,Menores de 18 - Grupo 2 - Zona B - Equipos B - Primera Rueda | Menores de 18 - Grupo 2 - Zona D - Equipos B - Segunda Rueda,2021,2,,,,falta,ninguna
32,San Fernando,San Fernando A,A,M18,Menores de 18 - Grupo 2 - Zona D - Primera Rueda | Menores de 18 - Grupo 2 - Zona E - Primera Rueda | Menores de 18 - Grupo 2 - Zona E - Segunda Rueda,2021,3,,,,falta,ninguna
32,San Fernando,San Fernando B,B,M18,Menores de 18 - Grupo 2 - Zona D - Equipos B - Primera Rueda | Menores de 18 - Grupo 2 - Zona E - Equipos B - Primera Rueda | Menores de 18 - Grupo 2 - Zona E - Equipos B - Segunda Rueda,2021,3,,,,falta,ninguna
5,San Luis,San Luis A,A,M18,Menores de 18 - Grupo 2 - Zona B - Segunda Rueda | Menores de 18 - Grupo 2 - Zona E - Primera Rueda,2021,2,,,,falta,ninguna
5,San Luis,San Luis B,B,M18,Menores de 18 - Grupo 2 - Zona B - Equipos B - Segunda Rueda,2021,1,,,,falta,ninguna
57,San Marcos,San Marcos,,M18,Menores de 18 - Grupo 1 - Zona B - Segunda Rueda | Menores de 18 - Grupo 1 - Zona C - Primera Rueda,2021,2,,,,club_no_existe,ninguna
20,San Martin,San Martin A,A,M18,Menores de 18 - Grupo 2 - Zona B - Primera Rueda | Menores de 18 - Grupo 2 - Zona C - Segunda Rueda,2021,2,,,,falta,ninguna
20,San Martin,San Martin B,B,M18,Menores de 18 - Grupo 2 - Zona B - Equipos B - Primera Rueda | Menores de 18 - Grupo 2 - Zona C - Equipos B - Segunda Rueda,2021,2,,,,falta,ninguna
20,San Martin,San Martin C,C,M18,Menores de 18 - Grupo 1 - Zona A - Primera Rueda,2021,1,,,,falta,ninguna
56,San Miguel,San Miguel,,M18,Menores de 18 - Grupo 1 - Formativa A - Primera Rueda | Menores de 18 - Grupo 1 - Formativa A - Segunda Rueda,2021,2,,,,falta,ninguna
21,San Patricio,San Patricio A,A,M18,Menores de 18 - Grupo 2 - Zona C - Primera Rueda | Menores de 18 - Grupo 2 - Zona F - Segunda Rueda,2021,2,,,,falta,ninguna
21,San Patricio,San Patricio B,B,M18,Menores de 18 - Grupo 2 - Zona C - Equipos B - Primera Rueda | Menores de 18 - Grupo 2 - Zona F - Equipos B - Segunda Rueda,2021,2,,,,falta,ninguna
1,SIC,SIC A,A,M18,Menores de 18 - Grupo 2 - Zona A - Segunda Rueda | Menores de 18 - Grupo 2 - Zona D - Primera Rueda,2021,2,,,,falta,ninguna
1,SIC,SIC B,B,M18,Menores de 18 - Grupo 2 - Zona A - Equipos B - Segunda Rueda | Menores de 18 - Grupo 2 - Zona D - Equipos B - Primera Rueda,2021,2,,,,falta,ninguna
43,SITAS,SITAS A,A,M18,Menores de 18 - Grupo 2 - Zona A - Primera Rueda | Menores de 18 - Grupo 2 - Zona C - Segunda Rueda,2021,2,,,,falta,ninguna
43,SITAS,SITAS B,B,M18,Menores de 18 - Grupo 2 - Zona A - Equipos B - Primera Rueda | Menores de 18 - Grupo 2 - Zona C - Equipos B - Segunda Rueda,2021,2,,,,falta,ninguna
81,Sociedad Hebraica,Sociedad Hebraica,,M18,Menores de 18 - Grupo 1 - Formativa A - Primera Rueda,2021,1,,,,club_no_existe,ninguna
58,St. Brendans,St. Brendans,,M18,Menores de 18 - Grupo 1 - Zona A - Primera Rueda | Menores de 18 - Grupo 1 - Zona A - Segunda Rueda,2021,2,,,,falta,ninguna
72,Tigre,Tigre,,M18,Menores de 18 - Grupo 1 - Zona A - Primera Rueda | Menores de 18 - Grupo 1 - Zona B - Segunda Rueda,2021,2,,,,club_no_existe,ninguna
29,Universitario de la Plata,Universitario de La Plata A,A,M18,Menores de 18 - Grupo 2 - Zona E - Primera Rueda | Menores de 18 - Grupo 2 - Zona F - Segunda Rueda,2021,2,,,,falta,ninguna
29,Universitario de la Plata,Universitario de La Plata B,B,M18,Menores de 18 - Grupo 2 - Zona F - Equipos B - Segunda Rueda,2021,1,,,,falta,ninguna
68,Varela Jr.,Varela Jr.,,M18,Menores de 18 - Grupo 1 - Zona C - Primera Rueda | Menores de 18 - Grupo 1 - Zona C - Segunda Rueda,2021,2,,,,club_no_existe,ninguna
77,Vicente Lopez,Vicente Lopez,,M18,Menores de 18 - Grupo 1 - Zona B - Primera Rueda | Menores de 18 - Grupo 1 - Zona C - Segunda Rueda,2021,2,,,,club_no_existe,ninguna
45,Vicentinos,Vicentinos A,A,M18,Menores de 18 - Grupo 2 - Zona C - Segunda Rueda | Menores de 18 - Grupo 2 - Zona D - Primera Rueda,2021,2,,,,falta,ninguna
45,Vicentinos,Vicentinos B,B,M18,Menores de 18 - Grupo 2 - Zona C - Equipos B - Segunda Rueda | Menores de 18 - Grupo 2 - Zona D - Equipos B - Primera Rueda,2021,2,,,,falta,ninguna
55,Virreyes,Virreyes,,M18,Menores de 18 - Grupo 1 - Zona A - Primera Rueda | Menores de 18 - Grupo 1 - Zona C - Segunda Rueda,2021,2,,,,falta,ninguna
61,Albatros,Albatros,,M19,Juveniles - Primera rueda - M19 - Grupo I - Zona B | Juveniles - Segunda Rueda - M19 - Grupo l - Desarrollo | Menores de 19 - Grupo 1 - Intermedia - Segunda Rueda | Menores de 19 - Grupo 1 - Intermedia - Segunda rueda | Menores de 19 - Grupo 1 - Zona B | Menores de 19 - Grupo 1 - Zona C | Menores de 19 - Primera Rueda - G1 A,2022 2023 2024 2026,7,,,,club_no_existe,ninguna
74,Almafuerte,Almafuerte,,M19,Juveniles - Primera rueda - M 19 - Formativa - Zona C | Juveniles - Primera rueda - M19 - Grupo I - Zona B | Juveniles - Segunda rueda - M 19 - Formativa - Zona C | Menores de 19 - Grupo 1 - Desarrollo - Segunda Rueda | Menores de 19 - Grupo 1 - Desarrollo - Segunda rueda | Menores de 19 - Grupo 1 - Zona A | Menores de 19 - Grupo 1 - Zona B | Menores de 19 - Primera Rueda - G1 Formativa C,2022 2023 2024 2025 2026,8,,,,club_no_existe,ninguna
12,Alumni,Alumni A,A,M19,Juveniles - Primera rueda - M 19 - Nivel 1 - Grupo II - Zona A | Juveniles - Primera rueda - M19 - Grupo II - Nivel 1 - Zona B | Juveniles - Segunda Rueda - M19 - Grupo ll - Nivel 1 - Ganadores | Juveniles - Segunda rueda - M 19 - Nivel 1 - Grupo II - Ganadores | Menores de 19 - Grupo 2 - Nivel 1 - Ganadores - Segunda Rueda | Menores de 19 - Grupo 2 - Nivel 1 - Ganadores - Segunda rueda | Menores de 19 - Grupo 2 - Zona A | Menores de 19 - Grupo 2 - Zona B - Equipos A | Menores de 19 - Primera Rueda - G2 NIVEL 1 B | Menores de 19 - Segunda Rueda - G2 Nivel 1 Ganadores,2022 2023 2024 2025 2026,10,asoc-alumni-m19-a,"Asoc. Alumni M19 ""A""",urba,existe,exacto
12,Alumni,Alumni B,B,M19,Juveniles - Primera rueda - M 19 - Nivel 1 - Grupo II - Zona A Eq B | Juveniles - Primera rueda - M19 - Grupo II - Nivel 1 - Zona B Equipos B | Juveniles - Segunda Rueda - M19 - Grupo ll - Nivel 1 - Ganadores Equipos B | Juveniles - Segunda rueda - M 19 - Nivel 1 - Grupo II - Ganadores eq B | Menores de 19 - Grupo 2 - Nivel 1 - Ganadores - Equipos B - Segunda rueda | Menores de 19 - Grupo 2 - Nivel 2 - Ganadores - Segunda Rueda | Menores de 19 - Grupo 2 - Zona B - Equipos B | Menores de 19 - Grupo 2 - Zona C | Menores de 19 - Primera Rueda - G2 NIVEL 1 B Eq B | Menores de 19 - Segunda Rueda - G2 Nivel 1 Ganadores Eq B,2022 2023 2024 2025 2026,10,asoc-alumni-m19-b,"Asoc. Alumni M19 ""B""",urba,existe,exacto
12,Alumni,Alumni C,C,M19,Juveniles - Primera rueda - M 19 - Grupo II - Desarrollo | Juveniles - Primera rueda - M19 - Grupo II - Nivel 2 - Zona D | Juveniles - Segunda Rueda - M19 - Grupo ll - Nivel 2 - Ganadores | Juveniles - Segunda rueda - M 19 - Grupo II - Desarrollo | Menores de 19 - Grupo 1 - Formativa A - Primera Rueda | Menores de 19 - Grupo 1 - Formativa A - Segunda rueda | Menores de 19 - Grupo 2 - Nivel 1 - Ganadores - Equipos B - Segunda Rueda | Menores de 19 - Grupo 2 - Zona A - Equipos B | Menores de 19 - Primera Rueda - G2 NIVEL 2 Desarrollo,2022 2023 2024 2025 2026,9,,,,falta,ninguna
12,Alumni,Alumni D,D,M19,Juveniles - Primera rueda - M 19 - Grupo II - Desarrollo Eq B | Juveniles - Primera rueda - M19 - Grupo II - Nivel 2 - Zona D Equipos B | Juveniles - Segunda Rueda - M19 - Grupo ll - Nivel 2 - Ganadores Equipos B | Juveniles - Segunda rueda - M 19 - Grupo II - Desarrollo eq B | Menores de 19 - Grupo 2 - Nivel 2 - Ganadores - Equipos B - Segunda Rueda | Menores de 19 - Grupo 2 - Zona C - Equipos B | Menores de 19 - Primera Rueda - G2 NIVEL 2 Desarrollo Eq B,2023 2024 2025 2026,7,,,,falta,ninguna
12,Alumni,Alumni E,E,M19,Juveniles - Primera rueda - M19 - Formativa B | Juveniles - Segunda Rueda - M19 - Formativa A | Menores de 19 - Primera Rueda - G1 Formativa B,2024 2026,3,,,,falta,ninguna
46,Areco,Areco,,M19,Juveniles - Primera rueda - M 19 - Grupo I - Zona B | Juveniles - Primera rueda - M19 - Grupo I - Zona A | Juveniles - Segunda Rueda - M19 - Grupo l - Intermedia | Juveniles - Segunda rueda - M 19 - Grupo I - Desarrollo | Menores de 19 - Grupo 1 - Ganadores - Segunda rueda | Menores de 19 - Grupo 1 - Intermedia - Segunda Rueda | Menores de 19 - Grupo 1 - Zona B,2022 2023 2024 2025,8,,,,falta,ninguna
46,Areco,Areco A,A,M19,Menores de 19 - Primera Rueda - G2 NIVEL 2 D | Menores de 19 - Segunda Rueda - G2 Nivel 2 Intermedia,2026,2,,,,falta,ninguna
46,Areco,Areco B,B,M19,Menores de 19 - Primera Rueda - G2 NIVEL 2 D Eq B | Menores de 19 - Segunda Rueda - G2 Nivel 2 Intermedia Eq B,2026,2,,,,falta,ninguna
53,Argentino,Argentino,,M19,Menores de 19 - Grupo 1 - Ganadores - Segunda Rueda | Menores de 19 - Grupo 1 - Ganadores - Segunda rueda | Menores de 19 - Grupo 1 - Zona A | Menores de 19 - Grupo 1 - Zona B,2022 2023,4,,,,falta,ninguna
53,Argentino,Argentino A,A,M19,Juveniles - Primera rueda - M 19 - Nivel 2 - Grupo II - Zona C | Juveniles - Primera rueda - M19 - Grupo II - Nivel 2 - Zona D | Juveniles - Segunda Rueda - M19 - Grupo ll - Nivel 2 - Desarrollo | Juveniles - Segunda rueda - M 19 - Nivel 2 - Grupo II - Intermedia | Menores de 19 - Primera Rueda - G2 NIVEL 2 D | Menores de 19 - Segunda Rueda - G2 Nivel 2 Intermedia,2024 2025 2026,6,,,,falta,ninguna
53,Argentino,Argentino B,B,M19,Juveniles - Primera rueda - M 19 - Nivel 2 - Grupo II - Zona C Eq B | Juveniles - Primera rueda - M19 - Grupo II - Nivel 2 - Zona D Equipos B | Juveniles - Segunda Rueda - M19 - Grupo ll - Nivel 2 - Desarrollo Equipos B | Juveniles - Segunda rueda - M 19 - Nivel 2 - Grupo II - Intermedia eq B | Menores de 19 - Primera Rueda - G2 NIVEL 2 D Eq B | Menores de 19 - Segunda Rueda - G2 Nivel 2 Intermedia Eq B,2024 2025 2026,6,,,,falta,ninguna
67,Arsenal Zarate,Arsenal Zarate,,M19,Juveniles - Primera rueda - M 19 - Grupo I - Zona B | Juveniles - Primera rueda - M19 - Formativa C | Juveniles - Segunda Rueda - M19 - Formativa C | Juveniles - Segunda rueda - M 19 - Grupo I - Desarrollo | Menores de 19 - Grupo 1 - Zona B | Menores de 19 - Primera Rueda - G1 B,2022 2024 2025 2026,6,,,,club_no_existe,ninguna
60,Atletico Chascomus,Atletico Chascomus,,M19,Juveniles - Primera rueda - M 19 - Grupo I - Zona A | Juveniles - Primera rueda - M19 - Grupo I - Zona B | Juveniles - Segunda Rueda - M19 - Grupo l - Ganadores | Juveniles - Segunda rueda - M 19 - Grupo I - Ganadores | Menores de 19 - Grupo 1 - Ganadores - Segunda Rueda | Menores de 19 - Grupo 1 - Zona C | Menores de 19 - Primera Rueda - G1 A,2023 2024 2025 2026,7,,,,club_no_existe,ninguna
75,Atletico San Andres,Atletico San Andres,,M19,Menores de 19 - Grupo 1 - Formativa B - Primera Rueda | Menores de 19 - Grupo 1 - Formativa B - Segunda rueda | Menores de 19 - Grupo 1 - Formativa C | Menores de 19 - Grupo 1 - Formativa C - Segunda Rueda,2022 2023,4,,,,falta,ninguna
63,Atletico y Progreso,Atletico y Progreso,,M19,Juveniles - Primera rueda - M19 - Grupo I - Zona A | Juveniles - Segunda Rueda - M19 - Grupo l - Ganadores | Menores de 19 - Grupo 1 - Ganadores - Segunda Rueda | Menores de 19 - Grupo 1 - Intermedia - Segunda rueda | Menores de 19 - Grupo 1 - Zona A | Menores de 19 - Grupo 1 - Zona C | Menores de 19 - Primera Rueda - G1 Formativa C,2022 2023 2024 2026,7,,,,club_no_existe,ninguna
80,Banco Hipotecario,Banco Hipotecario,,M19,Juveniles - Primera rueda - M19 - Formativa C | Juveniles - Segunda Rueda - M19 - Formativa C | Menores de 19 - Grupo 1 - Formativa B - Primera Rueda | Menores de 19 - Grupo 1 - Formativa B - Segunda rueda,2022 2024,4,,,,club_no_existe,ninguna
40,Banco Nacion,Banco Nacion,,M19,Menores de 19 - Grupo 1 - Intermedia - Segunda Rueda | Menores de 19 - Grupo 1 - Zona A,2023,2,,,,falta,ninguna
40,Banco Nacion,Banco Nacion A,A,M19,Juveniles - Primera rueda - M 19 - Nivel 2 - Grupo II - Zona D | Juveniles - Primera rueda - M19 - Grupo II - Nivel 2 - Zona C | Juveniles - Segunda Rueda - M19 - Grupo ll - Nivel 2 - Desarrollo | Juveniles - Segunda rueda - M 19 - Nivel 2 - Grupo II - Ganadores | Menores de 19 - Grupo 2 - Desarrollo - Segunda rueda | Menores de 19 - Grupo 2 - Zona D - Equipos A | Menores de 19 - Primera Rueda - G2 NIVEL 2 D | Menores de 19 - Segunda Rueda - G2 Nivel 2 Intermedia,2022 2024 2025 2026,8,,,,falta,ninguna
40,Banco Nacion,Banco Nacion B,B,M19,Juveniles - Primera rueda - M 19 - Nivel 2 - Grupo II - Zona D Eq B | Juveniles - Primera rueda - M19 - Grupo II - Nivel 2 - Zona C Equipos B | Juveniles - Segunda Rueda - M19 - Grupo ll - Nivel 2 - Desarrollo Equipos B | Juveniles - Segunda rueda - M 19 - Nivel 2 - Grupo II - Ganadores eq B | Menores de 19 - Grupo 2 - Desarrollo - Equipos B - Segunda rueda | Menores de 19 - Grupo 2 - Zona D - Equipos B | Menores de 19 - Primera Rueda - G2 NIVEL 2 D Eq B | Menores de 19 - Segunda Rueda - G2 Nivel 2 Intermedia Eq B,2022 2024 2025 2026,8,,,,falta,ninguna
7,Belgrano Athletic,Belgrano Athletic A,A,M19,Juveniles - Primera rueda - M 19 - Nivel 1 - Grupo II - Zona B | Juveniles - Primera rueda - M19 - Grupo II - Nivel 1 - Zona B | Juveniles - Segunda Rueda - M19 - Grupo ll - Nivel 1 - Ganadores | Juveniles - Segunda rueda - M 19 - Nivel 1 - Grupo II - Ganadores | Menores de 19 - Grupo 2 - Nivel 1 - Ganadores - Segunda Rueda | Menores de 19 - Grupo 2 - Nivel 1 - Ganadores - Segunda rueda | Menores de 19 - Grupo 2 - Zona A - Equipos A | Menores de 19 - Grupo 2 - Zona B | Menores de 19 - Primera Rueda - G2 NIVEL 1 A | Menores de 19 - Segunda Rueda - G2 Nivel 1 Ganadores,2022 2023 2024 2025 2026,10,,,,falta,ninguna
7,Belgrano Athletic,Belgrano Athletic B,B,M19,Juveniles - Primera rueda - M 19 - Nivel 1 - Grupo II - Zona B Eq B | Juveniles - Primera rueda - M19 - Grupo II - Nivel 1 - Zona B Equipos B | Juveniles - Segunda Rueda - M19 - Grupo ll - Nivel 1 - Ganadores Equipos B | Juveniles - Segunda rueda - M 19 - Nivel 1 - Grupo II - Ganadores eq B | Menores de 19 - Grupo 2 - Nivel 1 - Ganadores - Equipos B - Segunda Rueda | Menores de 19 - Grupo 2 - Nivel 1 - Ganadores - Equipos B - Segunda rueda | Menores de 19 - Grupo 2 - Zona A - Equipos B | Menores de 19 - Grupo 2 - Zona B - Equipos B | Menores de 19 - Primera Rueda - G2 NIVEL 1 A Eq B | Menores de 19 - Segunda Rueda - G2 Nivel 1 Ganadores Eq B,2022 2023 2024 2025 2026,10,,,,falta,ninguna
7,Belgrano Athletic,Belgrano Athletic C,C,M19,Juveniles - Primera rueda - M 19 - Grupo II - Desarrollo | Juveniles - Primera rueda - M19 - Grupo I - Zona B | Juveniles - Segunda Rueda - M19 - Grupo l - Ganadores | Juveniles - Segunda rueda - M 19 - Grupo II - Desarrollo | Menores de 19 - Grupo 1 - Ganadores - Segunda Rueda | Menores de 19 - Grupo 1 - Ganadores - Segunda rueda | Menores de 19 - Grupo 1 - Zona C | Menores de 19 - Primera Rueda - G2 NIVEL 2 Desarrollo,2022 2023 2024 2025 2026,9,,,,falta,ninguna
7,Belgrano Athletic,Belgrano Athletic D,D,M19,Juveniles - Primera rueda - M 19 - Grupo II - Desarrollo Eq B | Juveniles - Primera rueda - M19 - Formativa B | Juveniles - Segunda Rueda - M19 - Formativa A | Juveniles - Segunda rueda - M 19 - Grupo II - Desarrollo eq B | Menores de 19 - Grupo 1 - Formativa A - Primera Rueda | Menores de 19 - Grupo 1 - Formativa A - Segunda Rueda | Menores de 19 - Grupo 1 - Formativa A - Segunda rueda | Menores de 19 - Grupo 1 - Formativa B | Menores de 19 - Primera Rueda - G2 NIVEL 2 Desarrollo Eq B,2022 2023 2024 2025 2026,9,,,,falta,ninguna
7,Belgrano Athletic,Belgrano Athl. E,E,M19,Juveniles - Primera rueda - M 19 - Formativa - Zona B | Juveniles - Segunda rueda - M 19 - Formativa - Zona A | Menores de 19 - Primera Rueda - G1 Formativa A,2025 2026,3,,,,falta,ninguna
71,Beromama,Beromama,,M19,Juveniles - Primera rueda - M 19 - Grupo I - Zona B | Juveniles - Primera rueda - M19 - Grupo I - Zona C | Juveniles - Segunda Rueda - M19 - Grupo l - Desarrollo | Juveniles - Segunda rueda - M 19 - Grupo I - Desarrollo | Menores de 19 - Grupo 1 - Formativa B - Primera Rueda | Menores de 19 - Grupo 1 - Formativa B - Segunda rueda | Menores de 19 - Primera Rueda - G1 A,2022 2024 2025 2026,7,,,,club_no_existe,ninguna
8,Buenos Aires CRC,Buenos Aires A,A,M19,Juveniles - Primera rueda - M 19 - Nivel 1 - Grupo II - Zona A | Juveniles - Primera rueda - M19 - Grupo II - Nivel 1 - Zona B | Juveniles - Segunda Rueda - M19 - Grupo ll - Nivel 1 - Ganadores | Juveniles - Segunda rueda - M 19 - Nivel 1 - Grupo II - Intermedia | Menores de 19 - Grupo 2 - Nivel 1 - Ganadores - Segunda Rueda | Menores de 19 - Grupo 2 - Nivel 1 - Ganadores - Segunda rueda | Menores de 19 - Grupo 2 - Zona A | Menores de 19 - Grupo 2 - Zona A - Equipos A | Menores de 19 - Primera Rueda - G2 NIVEL 1 B | Menores de 19 - Segunda Rueda - G2 Nivel 1 Ganadores,2022 2023 2024 2025 2026,10,buenos-aires-crc-m19-a,"Buenos Aires CRC M19 ""A""",urba,existe,exacto
8,Buenos Aires CRC,Buenos Aires B,B,M19,Juveniles - Primera rueda - M 19 - Nivel 1 - Grupo II - Zona A Eq B | Juveniles - Primera rueda - M19 - Grupo II - Nivel 1 - Zona B Equipos B | Juveniles - Segunda Rueda - M19 - Grupo ll - Nivel 1 - Ganadores Equipos B | Juveniles - Segunda rueda - M 19 - Nivel 1 - Grupo II - Intermedia eq B | Menores de 19 - Grupo 2 - Nivel 1 - Ganadores - Equipos B - Segunda Rueda | Menores de 19 - Grupo 2 - Nivel 1 - Ganadores - Equipos B - Segunda rueda | Menores de 19 - Grupo 2 - Zona A - Equipos B | Menores de 19 - Primera Rueda - G2 NIVEL 1 B Eq B | Menores de 19 - Segunda Rueda - G2 Nivel 1 Ganadores Eq B,2022 2023 2024 2025 2026,10,buenos-aires-crc-m19-b,"Buenos Aires CRC M19 ""B""",urba,existe,exacto
8,Buenos Aires CRC,Buenos Aires C,C,M19,Juveniles - Primera rueda - M 19 - Grupo II - Desarrollo | Juveniles - Primera rueda - M19 - Grupo I - Zona B | Juveniles - Segunda Rueda - M19 - Grupo l - Ganadores | Juveniles - Segunda rueda - M 19 - Grupo II - Desarrollo | Menores de 19 - Grupo 1 - Formativa A | Menores de 19 - Grupo 1 - Formativa A - Primera Rueda | Menores de 19 - Grupo 1 - Formativa A - Segunda Rueda | Menores de 19 - Grupo 1 - Formativa A - Segunda rueda | Menores de 19 - Primera Rueda - G2 NIVEL 2 Desarrollo,2022 2023 2024 2025 2026,9,,,,falta,ninguna
8,Buenos Aires CRC,Buenos Aires D,D,M19,Juveniles - Primera rueda - M 19 - Grupo II - Desarrollo Eq B | Juveniles - Primera rueda - M19 - Formativa B | Juveniles - Segunda Rueda - M19 - Formativa A | Juveniles - Segunda rueda - M 19 - Grupo II - Desarrollo eq B | Menores de 19 - Primera Rueda - G2 NIVEL 2 Desarrollo Eq B,2024 2025 2026,5,,,,falta,ninguna
8,Buenos Aires CRC,Buenos Aires E,E,M19,Juveniles - Primera rueda - M 19 - Formativa - Zona A | Menores de 19 - Primera Rueda - G1 Formativa B,2025 2026,2,,,,falta,ninguna
27,C.U. de Quilmes,C.U. de Quilmes A,A,M19,Juveniles - Primera rueda - M 19 - Nivel 2 - Grupo II - Zona D | Juveniles - Primera rueda - M19 - Grupo II - Nivel 2 - Zona D | Juveniles - Segunda Rueda - M19 - Grupo ll - Nivel 2 - Desarrollo | Juveniles - Segunda rueda - M 19 - Nivel 2 - Grupo II - Intermedia | Menores de 19 - Grupo 2 - Desarrollo - Segunda rueda | Menores de 19 - Grupo 2 - Nivel 2 - Desarrollo - Segunda Rueda | Menores de 19 - Grupo 2 - Zona C - Equipos A | Menores de 19 - Grupo 2 - Zona D | Menores de 19 - Primera Rueda - G2 NIVEL 2 D | Menores de 19 - Segunda Rueda - G2 Nivel 2 Ganadores,2022 2023 2024 2025 2026,10,,,,falta,ninguna
27,C.U. de Quilmes,C.U. de Quilmes B,B,M19,Juveniles - Primera rueda - M 19 - Nivel 2 - Grupo II - Zona D Eq B | Juveniles - Primera rueda - M19 - Grupo II - Nivel 2 - Zona D Equipos B | Juveniles - Segunda Rueda - M19 - Grupo ll - Nivel 2 - Desarrollo Equipos B | Juveniles - Segunda rueda - M 19 - Nivel 2 - Grupo II - Intermedia eq B | Menores de 19 - Grupo 2 - Desarrollo - Equipos B - Segunda rueda | Menores de 19 - Grupo 2 - Nivel 2 - Desarrollo - Equipos B - Segunda Rueda | Menores de 19 - Grupo 2 - Zona C - Equipos B | Menores de 19 - Primera Rueda - G2 NIVEL 2 D Eq B | Menores de 19 - Segunda Rueda - G2 Nivel 2 Ganadores Eq B,2022 2023 2024 2025 2026,9,,,,falta,ninguna
49,CASA de Padua,CASA de Padua,,M19,Juveniles - Primera rueda - M 19 - Grupo I - Zona B | Juveniles - Primera rueda - M19 - Grupo I - Zona B | Juveniles - Segunda Rueda - M19 - Grupo l - Intermedia | Juveniles - Segunda rueda - M 19 - Grupo I - Ganadores | Menores de 19 - Grupo 1 - Intermedia - Segunda Rueda | Menores de 19 - Grupo 1 - Zona C | Menores de 19 - Primera Rueda - G1 B,2023 2024 2025 2026,7,,,,falta,ninguna
49,CASA de Padua,CASA de Padua A,A,M19,Menores de 19 - Grupo 2 - Nivel 2 - Ganadores - Segunda rueda | Menores de 19 - Grupo 2 - Zona B - Equipos A,2022,2,,,,falta,ninguna
49,CASA de Padua,CASA de Padua B,B,M19,Menores de 19 - Grupo 2 - Nivel 2 - Ganadores - Equipos B - Segunda rueda | Menores de 19 - Grupo 2 - Zona B - Equipos B,2022,2,,,,falta,ninguna
3,CASI,CASI A,A,M19,Juveniles - Primera rueda - M 19 - Nivel 1 - Grupo II - Zona B | Juveniles - Primera rueda - M19 - Grupo II - Nivel 1 - Zona B | Juveniles - Segunda Rueda - M19 - Grupo ll - Nivel 1 - Intermedia | Juveniles - Segunda rueda - M 19 - Nivel 1 - Grupo II - Ganadores | Menores de 19 - Grupo 2 - Nivel 1 - Ganadores - Segunda rueda | Menores de 19 - Grupo 2 - Nivel 1 - Intermedia - Segunda Rueda | Menores de 19 - Grupo 2 - Zona A | Menores de 19 - Grupo 2 - Zona A - Equipos A | Menores de 19 - Primera Rueda - G2 NIVEL 1 B | Menores de 19 - Segunda Rueda - G2 Nivel 1 Intermedia,2022 2023 2024 2025 2026,10,casi-m19-a,"CASI M19 ""A""",urba,existe,exacto
3,CASI,CASI B,B,M19,Juveniles - Primera rueda - M 19 - Nivel 1 - Grupo II - Zona B Eq B | Juveniles - Primera rueda - M19 - Grupo II - Nivel 1 - Zona B Equipos B | Juveniles - Segunda Rueda - M19 - Grupo ll - Nivel 1 - Intermedia Equipos B | Juveniles - Segunda rueda - M 19 - Nivel 1 - Grupo II - Ganadores eq B | Menores de 19 - Grupo 2 - Nivel 1 - Ganadores - Equipos B - Segunda rueda | Menores de 19 - Grupo 2 - Nivel 1 - Intermedia - Equipos B - Segunda Rueda | Menores de 19 - Grupo 2 - Zona A - Equipos B | Menores de 19 - Primera Rueda - G2 NIVEL 1 B Eq B | Menores de 19 - Segunda Rueda - G2 Nivel 1 Intermedia Eq B,2022 2023 2024 2025 2026,10,casi-m19-b,"CASI M19 ""B""",urba,existe,exacto
3,CASI,CASI C,C,M19,Juveniles - Primera rueda - M 19 - Nivel 2 - Grupo II - Zona C | Juveniles - Primera rueda - M19 - Grupo I - Zona B | Juveniles - Segunda Rueda - M19 - Grupo ll - Nivel 2 - Desarrollo | Juveniles - Segunda rueda - M 19 - Grupo II - Desarrollo | Menores de 19 - Grupo 1 - Formativa A | Menores de 19 - Grupo 1 - Formativa A - Segunda Rueda | Menores de 19 - Grupo 1 - Ganadores - Segunda rueda | Menores de 19 - Grupo 1 - Zona C | Menores de 19 - Primera Rueda - G2 NIVEL 2 Desarrollo,2022 2023 2024 2025 2026,9,,,,falta,ninguna
3,CASI,CASI D,D,M19,Juveniles - Primera rueda - M 19 - Nivel 2 - Grupo II - Zona C Eq B | Juveniles - Primera rueda - M19 - Formativa B | Juveniles - Segunda Rueda - M19 - Grupo ll - Nivel 2 - Desarrollo Equipos B | Juveniles - Segunda rueda - M 19 - Grupo II - Desarrollo eq B | Menores de 19 - Grupo 1 - Formativa A - Primera Rueda | Menores de 19 - Grupo 1 - Formativa A - Segunda rueda | Menores de 19 - Grupo 1 - Formativa B | Menores de 19 - Grupo 1 - Formativa B - Segunda Rueda | Menores de 19 - Primera Rueda - G2 NIVEL 2 Desarrollo Eq B,2022 2023 2024 2025 2026,9,,,,falta,ninguna
3,CASI,CASI E,E,M19,Juveniles - Primera rueda - M 19 - Formativa - Zona B | Juveniles - Segunda rueda - M 19 - Formativa - Zona A | Menores de 19 - Primera Rueda - G1 Formativa B,2025 2026,3,,,,falta,ninguna
3,CASI,CASI F,F,M19,Menores de 19 - Primera Rueda - G1 Formativa A,2026,1,,,,falta,ninguna
42,Centro Naval,Centro Naval ,,M19,Juveniles - Primera rueda - M 19 - Grupo I - Zona A | Juveniles - Segunda rueda - M 19 - Grupo I - Ganadores,2025,2,,,,falta,ninguna
42,Centro Naval,Centro Naval A,A,M19,Juveniles - Primera rueda - M19 - Grupo II - Nivel 2 - Zona D | Juveniles - Segunda Rueda - M19 - Grupo ll - Nivel 2 - Desarrollo | Menores de 19 - Grupo 2 - Desarrollo - Segunda rueda | Menores de 19 - Grupo 2 - Nivel 2 - Ganadores - Segunda Rueda | Menores de 19 - Grupo 2 - Zona C | Menores de 19 - Grupo 2 - Zona D - Equipos A | Menores de 19 - Primera Rueda - G2 NIVEL 2 D | Menores de 19 - Segunda Rueda - G2 Nivel 2 Intermedia,2022 2023 2024 2026,8,,,,falta,ninguna
42,Centro Naval,Centro Naval B,B,M19,Juveniles - Primera rueda - M19 - Grupo II - Nivel 2 - Zona D Equipos B | Juveniles - Segunda Rueda - M19 - Grupo ll - Nivel 2 - Desarrollo Equipos B | Menores de 19 - Grupo 2 - Desarrollo - Equipos B - Segunda rueda | Menores de 19 - Grupo 2 - Nivel 2 - Ganadores - Equipos B - Segunda Rueda | Menores de 19 - Grupo 2 - Zona C - Equipos B | Menores de 19 - Grupo 2 - Zona D - Equipos B | Menores de 19 - Primera Rueda - G2 NIVEL 2 D Eq B | Menores de 19 - Segunda Rueda - G2 Nivel 2 Intermedia Eq B,2022 2023 2024 2026,8,,,,falta,ninguna
11,Champagnat,Champagnat A,A,M19,Juveniles - Primera rueda - M 19 - Nivel 1 - Grupo II - Zona B | Juveniles - Primera rueda - M19 - Grupo II - Nivel 1 - Zona A | Juveniles - Segunda Rueda - M19 - Grupo ll - Nivel 1 - Ganadores | Juveniles - Segunda rueda - M 19 - Nivel 1 - Grupo II - Ganadores | Menores de 19 - Grupo 2 - Nivel 1 - Ganadores - Segunda Rueda | Menores de 19 - Grupo 2 - Nivel 1 - Ganadores - Segunda rueda | Menores de 19 - Grupo 2 - Zona B | Menores de 19 - Grupo 2 - Zona B - Equipos A | Menores de 19 - Primera Rueda - G2 NIVEL 1 A | Menores de 19 - Segunda Rueda - G2 Nivel 1 Ganadores,2022 2023 2024 2025 2026,10,club-champagnat-m19-a,"Club Champagnat M19 ""A""",urba,existe,exacto
11,Champagnat,Champagnat B,B,M19,Juveniles - Primera rueda - M 19 - Nivel 1 - Grupo II - Zona B Eq B | Juveniles - Primera rueda - M19 - Grupo II - Nivel 1 - Zona A Equipos B | Juveniles - Segunda Rueda - M19 - Grupo ll - Nivel 1 - Ganadores Equipos B | Juveniles - Segunda rueda - M 19 - Nivel 1 - Grupo II - Ganadores eq B | Menores de 19 - Grupo 2 - Nivel 1 - Ganadores - Equipos B - Segunda Rueda | Menores de 19 - Grupo 2 - Nivel 2 - Ganadores - Segunda rueda | Menores de 19 - Grupo 2 - Zona B - Equipos B | Menores de 19 - Grupo 2 - Zona C - Equipos A | Menores de 19 - Primera Rueda - G2 NIVEL 1 A Eq B | Menores de 19 - Segunda Rueda - G2 Nivel 1 Ganadores Eq B,2022 2023 2024 2025 2026,10,,,,falta,ninguna
11,Champagnat,Champagnat C,C,M19,Juveniles - Primera rueda - M 19 - Grupo II - Desarrollo | Juveniles - Primera rueda - M19 - Formativa A | Juveniles - Segunda Rueda - M19 - Formativa A | Juveniles - Segunda rueda - M 19 - Grupo II - Desarrollo | Menores de 19 - Grupo 1 - Formativa A - Segunda Rueda | Menores de 19 - Grupo 1 - Formativa B | Menores de 19 - Grupo 2 - Nivel 1 - Ganadores - Equipos B - Segunda rueda | Menores de 19 - Grupo 2 - Zona B - Equipos B | Menores de 19 - Primera Rueda - G2 NIVEL 2 Desarrollo,2022 2023 2024 2025 2026,9,,,,falta,ninguna
11,Champagnat,Champagnat D,D,M19,Juveniles - Primera rueda - M 19 - Grupo II - Desarrollo Eq B | Juveniles - Primera rueda - M19 - Formativa B | Juveniles - Segunda Rueda - M19 - Formativa B | Juveniles - Segunda rueda - M 19 - Grupo II - Desarrollo eq B | Menores de 19 - Grupo 2 - Nivel 2 - Ganadores - Equipos B - Segunda rueda | Menores de 19 - Grupo 2 - Zona C - Equipos B | Menores de 19 - Primera Rueda - G2 NIVEL 2 Desarrollo Eq B,2022 2024 2025 2026,7,,,,falta,ninguna
11,Champagnat,Champagnat E,E,M19,Juveniles - Primera rueda - M 19 - Formativa - Zona B | Juveniles - Segunda rueda - M 19 - Formativa - Zona A | Menores de 19 - Primera Rueda - G1 Formativa A,2025 2026,3,,,,falta,ninguna
11,Champagnat,Champagnat F,F,M19,Juveniles - Primera rueda - M 19 - Formativa - Zona C | Juveniles - Segunda rueda - M 19 - Formativa - Zona C,2025,2,,,,falta,ninguna
54,Ciudad de Bs.As.,Ciudad de Bs.As.,,M19,Menores de 19 - Grupo 1 - Desarrollo - Segunda Rueda | Menores de 19 - Grupo 1 - Intermedia - Segunda rueda | Menores de 19 - Grupo 1 - Zona B | Menores de 19 - Grupo 1 - Zona C | Menores de 19 - Primera Rueda - G2 NIVEL 2 D,2022 2023 2026,5,,,,falta,ninguna
54,Ciudad de Bs.As.,Ciudad de Bs.As. A,A,M19,Juveniles - Primera rueda - M 19 - Nivel 2 - Grupo II - Zona C | Juveniles - Primera rueda - M19 - Grupo II - Nivel 2 - Zona D | Juveniles - Segunda Rueda - M19 - Grupo ll - Nivel 2 - Desarrollo | Juveniles - Segunda rueda - M 19 - Nivel 2 - Grupo II - Intermedia | Menores de 19 - Segunda Rueda - G2 Nivel 2 Ganadores,2024 2025 2026,5,,,,falta,ninguna
54,Ciudad de Bs.As.,Ciudad de Bs.As. B,B,M19,Juveniles - Primera rueda - M 19 - Nivel 2 - Grupo II - Zona C Eq B | Juveniles - Primera rueda - M19 - Grupo II - Nivel 2 - Zona D Equipos B | Juveniles - Segunda Rueda - M19 - Grupo ll - Nivel 2 - Desarrollo Equipos B | Juveniles - Segunda rueda - M 19 - Nivel 2 - Grupo II - Intermedia eq B | Menores de 19 - Primera Rueda - G2 NIVEL 2 D Eq B | Menores de 19 - Segunda Rueda - G2 Nivel 2 Ganadores Eq B,2024 2025 2026,6,,,,falta,ninguna
54,Ciudad de Bs.As.,Ciudad de Bs.As. C,C,M19,Juveniles - Primera rueda - M 19 - Formativa - Zona A | Juveniles - Segunda rueda - M 19 - Formativa - Zona C,2025,2,,,,falta,ninguna
76,Ciudad de Campana,Ciudad de Campana,,M19,Juveniles - Primera rueda - M 19 - Grupo I - Zona B | Juveniles - Primera rueda - M19 - Grupo I - Zona C | Juveniles - Segunda Rueda - M19 - Grupo l - Desarrollo | Juveniles - Segunda rueda - M 19 - Grupo I - Desarrollo | Menores de 19 - Grupo 1 - Desarrollo - Segunda rueda | Menores de 19 - Grupo 1 - Zona C | Menores de 19 - Primera Rueda - G1 B,2022 2024 2025 2026,7,,,,club_no_existe,ninguna
2,CUBA,CUBA A,A,M19,Juveniles - Primera rueda - M 19 - Nivel 1 - Grupo II - Zona A | Juveniles - Primera rueda - M19 - Grupo II - Nivel 1 - Zona A | Juveniles - Segunda Rueda - M19 - Grupo ll - Nivel 1 - Ganadores | Juveniles - Segunda rueda - M 19 - Nivel 1 - Grupo II - Ganadores | Menores de 19 - Grupo 2 - Nivel 1 - Ganadores - Segunda Rueda | Menores de 19 - Grupo 2 - Nivel 1 - Ganadores - Segunda rueda | Menores de 19 - Grupo 2 - Zona B | Menores de 19 - Grupo 2 - Zona B - Equipos A | Menores de 19 - Primera Rueda - G2 NIVEL 1 B | Menores de 19 - Segunda Rueda - G2 Nivel 1 Ganadores,2022 2023 2024 2025 2026,10,cuba-m19-a,"CUBA M19 ""A""",urba,existe,exacto
2,CUBA,CUBA B,B,M19,Juveniles - Primera rueda - M 19 - Nivel 1 - Grupo II - Zona A Eq B | Juveniles - Primera rueda - M19 - Grupo II - Nivel 1 - Zona A Equipos B | Juveniles - Segunda Rueda - M19 - Grupo ll - Nivel 1 - Ganadores Equipos B | Juveniles - Segunda rueda - M 19 - Nivel 1 - Grupo II - Ganadores eq B | Menores de 19 - Grupo 2 - Nivel 1 - Ganadores - Equipos B - Segunda Rueda | Menores de 19 - Grupo 2 - Nivel 1 - Ganadores - Equipos B - Segunda rueda | Menores de 19 - Grupo 2 - Zona B - Equipos B | Menores de 19 - Primera Rueda - G2 NIVEL 1 B Eq B | Menores de 19 - Segunda Rueda - G2 Nivel 1 Ganadores Eq B,2022 2023 2024 2025 2026,10,cuba-m19-b,"CUBA M19 ""B""",urba,existe,exacto
2,CUBA,CUBA C,C,M19,Juveniles - Primera rueda - M 19 - Grupo II - Desarrollo | Juveniles - Primera rueda - M19 - Grupo I - Zona A | Juveniles - Segunda Rueda - M19 - Grupo l - Ganadores | Juveniles - Segunda rueda - M 19 - Grupo II - Desarrollo | Menores de 19 - Grupo 1 - Formativa A - Primera Rueda | Menores de 19 - Grupo 1 - Formativa A - Segunda rueda | Menores de 19 - Grupo 1 - Ganadores - Segunda Rueda | Menores de 19 - Grupo 1 - Zona B | Menores de 19 - Primera Rueda - G2 NIVEL 2 Desarrollo,2022 2023 2024 2025 2026,9,,,,falta,ninguna
2,CUBA,CUBA D,D,M19,Juveniles - Primera rueda - M 19 - Grupo II - Desarrollo Eq B | Juveniles - Primera rueda - M19 - Formativa A | Juveniles - Segunda Rueda - M19 - Formativa A | Juveniles - Segunda rueda - M 19 - Grupo II - Desarrollo eq B | Menores de 19 - Grupo 1 - Formativa A - Segunda Rueda | Menores de 19 - Grupo 1 - Formativa B | Menores de 19 - Grupo 1 - Formativa B - Segunda rueda | Menores de 19 - Primera Rueda - G2 NIVEL 2 Desarrollo Eq B,2022 2023 2024 2025 2026,8,,,,falta,ninguna
2,CUBA,CUBA E,E,M19,Juveniles - Primera rueda - M 19 - Formativa - Zona A | Juveniles - Primera rueda - M19 - Formativa A | Juveniles - Segunda Rueda - M19 - Formativa B | Juveniles - Segunda rueda - M 19 - Formativa - Zona A | Menores de 19 - Primera Rueda - G1 Formativa B,2024 2025 2026,5,,,,falta,ninguna
2,CUBA,CUBA F,F,M19,Juveniles - Primera rueda - M 19 - Formativa - Zona B | Juveniles - Segunda rueda - M 19 - Formativa - Zona A | Menores de 19 - Primera Rueda - G1 Formativa B,2025 2026,3,,,,falta,ninguna
24,Curupayti,Curupayti A,A,M19,Juveniles - Primera rueda - M 19 - Nivel 2 - Grupo II - Zona D | Juveniles - Primera rueda - M19 - Grupo II - Nivel 2 - Zona D | Juveniles - Segunda Rueda - M19 - Grupo ll - Nivel 2 - Ganadores | Juveniles - Segunda rueda - M 19 - Nivel 2 - Grupo II - Intermedia | Menores de 19 - Grupo 2 - Nivel 2 - Ganadores - Segunda Rueda | Menores de 19 - Grupo 2 - Nivel 2 - Ganadores - Segunda rueda | Menores de 19 - Grupo 2 - Zona B - Equipos A | Menores de 19 - Grupo 2 - Zona D | Menores de 19 - Primera Rueda - G2 NIVEL 2 D | Menores de 19 - Segunda Rueda - G2 Nivel 1 Intermedia,2022 2023 2024 2025 2026,10,,,,falta,ninguna
24,Curupayti,Curupayti B,B,M19,Juveniles - Primera rueda - M 19 - Nivel 2 - Grupo II - Zona D Eq B | Juveniles - Primera rueda - M19 - Grupo II - Nivel 2 - Zona D Equipos B | Juveniles - Segunda Rueda - M19 - Grupo ll - Nivel 2 - Ganadores Equipos B | Juveniles - Segunda rueda - M 19 - Nivel 2 - Grupo II - Intermedia eq B | Menores de 19 - Grupo 2 - Nivel 2 - Ganadores - Equipos B - Segunda Rueda | Menores de 19 - Grupo 2 - Nivel 2 - Ganadores - Equipos B - Segunda rueda | Menores de 19 - Grupo 2 - Zona B - Equipos B | Menores de 19 - Primera Rueda - G2 NIVEL 2 D Eq B | Menores de 19 - Segunda Rueda - G2 Nivel 1 Intermedia Eq B,2022 2023 2024 2025 2026,9,,,,falta,ninguna
52,Daom,Daom,,M19,Juveniles - Primera rueda - M 19 - Grupo I - Zona A | Juveniles - Primera rueda - M19 - Grupo I - Zona A | Juveniles - Segunda Rueda - M19 - Grupo l - Desarrollo | Juveniles - Segunda rueda - M 19 - Grupo I - Ganadores | Menores de 19 - Grupo 1 - Desarrollo - Segunda Rueda | Menores de 19 - Grupo 1 - Intermedia - Segunda rueda | Menores de 19 - Grupo 1 - Zona A | Menores de 19 - Primera Rueda - G1 B,2022 2023 2024 2025 2026,9,,,,falta,ninguna
84,Defensores de Glew,Defensores de Glew,,M19,Juveniles - Primera rueda - M19 - Formativa C,2024,1,,,,club_no_existe,ninguna
44,Del Sur,Del Sur,,M19,Juveniles - Primera rueda - M19 - Grupo I - Zona B | Juveniles - Segunda rueda - M 19 - Grupo I - Ganadores | Menores de 19 - Grupo 1 - Ganadores - Segunda rueda | Menores de 19 - Grupo 1 - Zona A | Menores de 19 - Primera Rueda - G1 A,2022 2024 2025 2026,5,,,,falta,ninguna
44,Del Sur,Del Sur Rugby A,A,M19,Juveniles - Primera rueda - M 19 - Nivel 2 - Grupo II - Zona D | Juveniles - Segunda Rueda - M19 - Grupo ll - Nivel 2 - Desarrollo | Menores de 19 - Grupo 2 - Nivel 2 - Ganadores - Segunda Rueda | Menores de 19 - Grupo 2 - Zona C,2023 2024 2025,4,,,,falta,ninguna
44,Del Sur,Del Sur Rugby B,B,M19,Juveniles - Primera rueda - M 19 - Nivel 2 - Grupo II - Zona D Eq B | Juveniles - Segunda Rueda - M19 - Grupo ll - Nivel 2 - Desarrollo Equipos B | Menores de 19 - Grupo 2 - Nivel 2 - Ganadores - Equipos B - Segunda Rueda | Menores de 19 - Grupo 2 - Zona C - Equipos B,2023 2024 2025,4,,,,falta,ninguna
33,Delta,Delta A,A,M19,Juveniles - Primera rueda - M 19 - Nivel 2 - Grupo II - Zona C | Juveniles - Primera rueda - M19 - Grupo II - Nivel 1 - Zona B | Juveniles - Segunda Rueda - M19 - Grupo ll - Nivel 2 - Ganadores | Juveniles - Segunda rueda - M 19 - Nivel 2 - Grupo II - Ganadores | Menores de 19 - Grupo 2 - Intermedia - Segunda rueda | Menores de 19 - Grupo 2 - Nivel 2 - Ganadores - Segunda Rueda | Menores de 19 - Grupo 2 - Zona A - Equipos A | Menores de 19 - Grupo 2 - Zona B | Menores de 19 - Primera Rueda - G2 NIVEL 2 D | Menores de 19 - Segunda Rueda - G2 Nivel 2 Ganadores,2022 2023 2024 2025 2026,10,,,,falta,ninguna
33,Delta,Delta B,B,M19,Juveniles - Primera rueda - M 19 - Nivel 2 - Grupo II - Zona C Eq B | Juveniles - Primera rueda - M19 - Grupo II - Nivel 1 - Zona B Equipos B | Juveniles - Segunda Rueda - M19 - Grupo ll - Nivel 2 - Ganadores Equipos B | Juveniles - Segunda rueda - M 19 - Nivel 2 - Grupo II - Ganadores eq B | Menores de 19 - Grupo 2 - Intermedia - Equipos B - Segunda rueda | Menores de 19 - Grupo 2 - Nivel 2 - Ganadores - Equipos B - Segunda Rueda | Menores de 19 - Grupo 2 - Zona A - Equipos B | Menores de 19 - Grupo 2 - Zona B - Equipos B | Menores de 19 - Primera Rueda - G2 NIVEL 2 D Eq B | Menores de 19 - Segunda Rueda - G2 Nivel 2 Ganadores Eq B,2022 2023 2024 2025 2026,10,,,,falta,ninguna
33,Delta,Delta C,C,M19,Juveniles - Primera rueda - M19 - Grupo I - Zona C | Juveniles - Segunda Rueda - M19 - Grupo l - Intermedia | Menores de 19 - Grupo 1 - Formativa B,2023 2024,3,,,,falta,ninguna
17,Deportiva Francesa,Deportiva Francesa A,A,M19,Juveniles - Primera rueda - M 19 - Nivel 1 - Grupo II - Zona B | Juveniles - Primera rueda - M19 - Grupo II - Nivel 1 - Zona A | Juveniles - Segunda Rueda - M19 - Grupo ll - Nivel 1 - Intermedia | Juveniles - Segunda rueda - M 19 - Nivel 1 - Grupo II - Intermedia | Menores de 19 - Grupo 2 - Intermedia - Segunda rueda | Menores de 19 - Grupo 2 - Nivel 2 - Ganadores - Segunda Rueda | Menores de 19 - Grupo 2 - Zona A | Menores de 19 - Grupo 2 - Zona C - Equipos A | Menores de 19 - Primera Rueda - G2 NIVEL 1 A | Menores de 19 - Segunda Rueda - G2 Nivel 2 Ganadores,2022 2023 2024 2025 2026,10,deportiva-francesa-m19-a,"Deportiva Francesa M19 ""A""",urba,existe,exacto
17,Deportiva Francesa,Deportiva Francesa B,B,M19,Juveniles - Primera rueda - M 19 - Nivel 1 - Grupo II - Zona B Eq B | Juveniles - Primera rueda - M19 - Grupo II - Nivel 1 - Zona A Equipos B | Juveniles - Segunda Rueda - M19 - Grupo ll - Nivel 1 - Intermedia Equipos B | Juveniles - Segunda rueda - M 19 - Nivel 1 - Grupo II - Intermedia eq B | Menores de 19 - Grupo 2 - Intermedia - Equipos B - Segunda rueda | Menores de 19 - Grupo 2 - Nivel 2 - Ganadores - Equipos B - Segunda Rueda | Menores de 19 - Grupo 2 - Zona A - Equipos B | Menores de 19 - Grupo 2 - Zona C - Equipos B | Menores de 19 - Primera Rueda - G2 NIVEL 1 A Eq B | Menores de 19 - Segunda Rueda - G2 Nivel 2 Ganadores Eq B,2022 2023 2024 2025 2026,10,deportiva-francesa-m19-b,"Deportiva Francesa M19 ""B""",urba,existe,exacto
17,Deportiva Francesa,Deportiva Francesa C,C,M19,Juveniles - Primera rueda - M 19 - Formativa - Zona B | Juveniles - Primera rueda - M19 - Grupo I - Zona A | Juveniles - Segunda Rueda - M19 - Grupo l - Intermedia | Juveniles - Segunda rueda - M 19 - Formativa - Zona B | Menores de 19 - Grupo 1 - Formativa A - Primera Rueda | Menores de 19 - Grupo 1 - Formativa A - Segunda rueda | Menores de 19 - Grupo 1 - Intermedia - Segunda Rueda | Menores de 19 - Grupo 1 - Zona B | Menores de 19 - Primera Rueda - G1 Formativa A,2022 2023 2024 2025 2026,9,,,,falta,ninguna
17,Deportiva Francesa,Deportiva Francesa D,D,M19,Juveniles - Primera rueda - M19 - Formativa A | Juveniles - Segunda Rueda - M19 - Formativa B | Menores de 19 - Grupo 1 - Formativa A | Menores de 19 - Grupo 1 - Formativa B - Segunda Rueda,2023 2024,4,,,,falta,ninguna
37,Don Bosco,Don Bosco,,M19,Juveniles - Primera rueda - M 19 - Grupo I - Zona A | Juveniles - Primera rueda - M19 - Grupo I - Zona C | Juveniles - Segunda Rueda - M19 - Grupo l - Ganadores | Menores de 19 - Grupo 1 - Zona B | Menores de 19 - Grupo 1 - Zona C | Menores de 19 - Primera Rueda - G1 A,2022 2023 2024 2025 2026,6,,,,falta,ninguna
37,Don Bosco,Don Bosco A,A,M19,Juveniles - Segunda rueda - M 19 - Nivel 2 - Grupo II - Intermedia | Menores de 19 - Grupo 2 - Desarrollo - Segunda rueda | Menores de 19 - Grupo 2 - Nivel 2 - Desarrollo - Segunda Rueda,2022 2023 2025,3,,,,falta,ninguna
37,Don Bosco,Don Bosco B,B,M19,Juveniles - Segunda rueda - M 19 - Nivel 2 - Grupo II - Intermedia eq B | Menores de 19 - Grupo 2 - Desarrollo - Equipos B - Segunda rueda | Menores de 19 - Grupo 2 - Nivel 2 - Desarrollo - Equipos B - Segunda Rueda,2022 2023 2025,3,,,,falta,ninguna
48,El Retiro,El Retiro,,M19,Juveniles - Primera rueda - M 19 - Grupo I - Zona B | Juveniles - Primera rueda - M19 - Formativa C | Juveniles - Segunda Rueda - M19 - Grupo l - Desarrollo | Menores de 19 - Grupo 1 - Intermedia - Segunda rueda | Menores de 19 - Grupo 1 - Zona B | Menores de 19 - Primera Rueda - G1 A,2022 2024 2025 2026,6,,,,club_no_existe,ninguna
48,El Retiro,El Retiro A,A,M19,Juveniles - Segunda rueda - M 19 - Nivel 2 - Grupo II - Intermedia,2025,1,,,,club_no_existe,ninguna
48,El Retiro,El Retiro B,B,M19,Juveniles - Segunda rueda - M 19 - Nivel 2 - Grupo II - Intermedia eq B,2025,1,,,,club_no_existe,ninguna
86,Ezeiza,Ezeiza,,M19,Juveniles - Primera rueda - M19 - Formativa C | Menores de 19 - Primera Rueda - G1 Formativa C,2024 2026,2,,,,club_no_existe,ninguna
87,Floresta,Floresta,,M19,Juveniles - Primera rueda - M 19 - Formativa - Zona C | Menores de 19 - Primera Rueda - G1 Formativa C,2025 2026,2,,,,club_no_existe,ninguna
59,G y E de Ituzaingo,G y E de Ituzaingo,,M19,Juveniles - Primera rueda - M 19 - Grupo I - Zona B | Juveniles - Primera rueda - M19 - Grupo I - Zona A | Juveniles - Segunda Rueda - M19 - Grupo l - Intermedia | Juveniles - Segunda rueda - M 19 - Grupo I - Ganadores | Menores de 19 - Grupo 1 - Desarrollo - Segunda Rueda | Menores de 19 - Grupo 1 - Desarrollo - Segunda rueda | Menores de 19 - Grupo 1 - Zona B | Menores de 19 - Primera Rueda - G1 A,2022 2023 2024 2025 2026,9,,,,club_no_existe,ninguna
59,G y E de Ituzaingo,G y E de Ituzaingo A,A,M19,Menores de 19 - Segunda Rueda - G2 Nivel 2 Intermedia,2026,1,,,,club_no_existe,ninguna
59,G y E de Ituzaingo,G y E de Ituzaingo B,B,M19,Menores de 19 - Segunda Rueda - G2 Nivel 2 Intermedia Eq B,2026,1,,,,club_no_existe,ninguna
30,Gimnasia y Esgrima,Gimnasia y Esgrima bs. As A,A,M19,Juveniles - Primera rueda - M 19 - Nivel 2 - Grupo II - Zona D | Juveniles - Primera rueda - M19 - Grupo II - Nivel 2 - Zona C | Juveniles - Segunda Rueda - M19 - Grupo ll - Nivel 2 - Ganadores | Juveniles - Segunda rueda - M 19 - Nivel 2 - Grupo II - Ganadores | Menores de 19 - Grupo 2 - Nivel 1 - Intermedia - Segunda Rueda | Menores de 19 - Grupo 2 - Nivel 2 - Ganadores - Segunda rueda | Menores de 19 - Grupo 2 - Zona A - Equipos A | Menores de 19 - Grupo 2 - Zona C | Menores de 19 - Primera Rueda - G2 NIVEL 1 B | Menores de 19 - Segunda Rueda - G2 Nivel 2 Ganadores,2022 2023 2024 2025 2026,10,,,,falta,ninguna
30,Gimnasia y Esgrima,Gimnasia y Esgrima bs. As B,B,M19,Juveniles - Primera rueda - M 19 - Nivel 2 - Grupo II - Zona D Eq B | Juveniles - Primera rueda - M19 - Grupo II - Nivel 2 - Zona C Equipos B | Juveniles - Segunda Rueda - M19 - Grupo ll - Nivel 2 - Ganadores Equipos B | Juveniles - Segunda rueda - M 19 - Nivel 2 - Grupo II - Ganadores eq B | Menores de 19 - Grupo 2 - Nivel 1 - Intermedia - Equipos B - Segunda Rueda | Menores de 19 - Grupo 2 - Nivel 2 - Ganadores - Equipos B - Segunda rueda | Menores de 19 - Grupo 2 - Zona A - Equipos B | Menores de 19 - Grupo 2 - Zona C - Equipos B | Menores de 19 - Primera Rueda - G2 NIVEL 1 B Eq B | Menores de 19 - Segunda Rueda - G2 Nivel 2 Ganadores Eq B,2022 2023 2024 2025 2026,10,,,,falta,ninguna
30,Gimnasia y Esgrima,G y Esgrima C,C,M19,Juveniles - Primera rueda - M 19 - Formativa - Zona A | Juveniles - Primera rueda - M19 - Formativa A | Juveniles - Segunda Rueda - M19 - Formativa B | Juveniles - Segunda rueda - M 19 - Formativa - Zona C | Menores de 19 - Primera Rueda - G1 Formativa B,2024 2025 2026,5,,,,falta,ninguna
6,Hindú,Hindu A,A,M19,Juveniles - Primera rueda - M 19 - Nivel 1 - Grupo II - Zona B | Juveniles - Primera rueda - M19 - Grupo II - Nivel 1 - Zona A | Juveniles - Segunda Rueda - M19 - Grupo ll - Nivel 1 - Ganadores | Juveniles - Segunda rueda - M 19 - Nivel 1 - Grupo II - Ganadores | Menores de 19 - Grupo 2 - Intermedia - Segunda rueda | Menores de 19 - Grupo 2 - Nivel 1 - Intermedia - Segunda Rueda | Menores de 19 - Grupo 2 - Zona A - Equipos A | Menores de 19 - Grupo 2 - Zona B | Menores de 19 - Primera Rueda - G2 NIVEL 1 B | Menores de 19 - Segunda Rueda - G2 Nivel 1 Ganadores,2022 2023 2024 2025 2026,10,hindu-club-m19-a,"Hindú Club M19 ""A""",urba,existe,exacto
6,Hindú,Hindu B,B,M19,Juveniles - Primera rueda - M 19 - Nivel 1 - Grupo II - Zona B Eq B | Juveniles - Primera rueda - M19 - Grupo II - Nivel 1 - Zona A Equipos B | Juveniles - Segunda Rueda - M19 - Grupo ll - Nivel 1 - Ganadores Equipos B | Juveniles - Segunda rueda - M 19 - Nivel 1 - Grupo II - Ganadores eq B | Menores de 19 - Grupo 2 - Intermedia - Equipos B - Segunda rueda | Menores de 19 - Grupo 2 - Nivel 1 - Intermedia - Equipos B - Segunda Rueda | Menores de 19 - Grupo 2 - Zona A - Equipos B | Menores de 19 - Grupo 2 - Zona B - Equipos B | Menores de 19 - Primera Rueda - G2 NIVEL 1 B Eq B | Menores de 19 - Segunda Rueda - G2 Nivel 1 Ganadores Eq B,2022 2023 2024 2025 2026,10,hindu-club-m19-b,"Hindú Club M19 ""B""",urba,existe,exacto
6,Hindú,Hindu C,C,M19,Juveniles - Primera rueda - M 19 - Formativa - Zona B | Juveniles - Primera rueda - M19 - Grupo I - Zona A | Juveniles - Segunda Rueda - M19 - Grupo l - Ganadores | Juveniles - Segunda rueda - M 19 - Formativa - Zona A | Menores de 19 - Grupo 1 - Ganadores - Segunda rueda | Menores de 19 - Grupo 1 - Intermedia - Segunda Rueda | Menores de 19 - Grupo 1 - Zona A | Menores de 19 - Grupo 1 - Zona B | Menores de 19 - Primera Rueda - G2 NIVEL 2 Desarrollo,2022 2023 2024 2025 2026,9,,,,falta,ninguna
6,Hindú,Hindu D,D,M19,Menores de 19 - Primera Rueda - G2 NIVEL 2 Desarrollo Eq B,2026,1,,,,falta,ninguna
19,Hurling,Hurling A,A,M19,Juveniles - Primera rueda - M 19 - Nivel 2 - Grupo II - Zona C | Juveniles - Primera rueda - M19 - Grupo II - Nivel 1 - Zona A | Juveniles - Segunda Rueda - M19 - Grupo ll - Nivel 2 - Ganadores | Juveniles - Segunda rueda - M 19 - Nivel 1 - Grupo II - Intermedia | Menores de 19 - Grupo 2 - Nivel 1 - Ganadores - Segunda Rueda | Menores de 19 - Grupo 2 - Nivel 1 - Ganadores - Segunda rueda | Menores de 19 - Grupo 2 - Zona A | Menores de 19 - Grupo 2 - Zona D - Equipos A | Menores de 19 - Primera Rueda - G2 NIVEL 1 A | Menores de 19 - Segunda Rueda - G2 Nivel 1 Intermedia,2022 2023 2024 2025 2026,10,hurling-m19-a,"Hurling M19 ""A""",urba,existe,exacto
19,Hurling,Hurling B,B,M19,Juveniles - Primera rueda - M 19 - Nivel 2 - Grupo II - Zona C Eq B | Juveniles - Primera rueda - M19 - Grupo II - Nivel 1 - Zona A Equipos B | Juveniles - Segunda Rueda - M19 - Grupo ll - Nivel 2 - Ganadores Equipos B | Juveniles - Segunda rueda - M 19 - Nivel 1 - Grupo II - Intermedia eq B | Menores de 19 - Grupo 2 - Nivel 1 - Ganadores - Equipos B - Segunda Rueda | Menores de 19 - Grupo 2 - Nivel 1 - Ganadores - Equipos B - Segunda rueda | Menores de 19 - Grupo 2 - Zona A - Equipos B | Menores de 19 - Grupo 2 - Zona D - Equipos B | Menores de 19 - Primera Rueda - G2 NIVEL 1 A Eq B | Menores de 19 - Segunda Rueda - G2 Nivel 1 Intermedia Eq B,2022 2023 2024 2025 2026,10,hurling-m19-b,"Hurling M19 ""B""",urba,existe,exacto
19,Hurling,Hurling C,C,M19,Juveniles - Primera rueda - M19 - Formativa A | Menores de 19 - Grupo 1 - Formativa A | Menores de 19 - Grupo 1 - Formativa A - Segunda Rueda,2023 2024,3,,,,falta,ninguna
28,Italiano,Italiano,,M19,Menores de 19 - Grupo 1 - Ganadores - Segunda Rueda | Menores de 19 - Grupo 1 - Ganadores - Segunda rueda | Menores de 19 - Grupo 1 - Zona B | Menores de 19 - Grupo 1 - Zona C,2022 2023,4,,,,falta,ninguna
28,Italiano,Italiano A,A,M19,Juveniles - Primera rueda - M 19 - Nivel 2 - Grupo II - Zona C | Juveniles - Primera rueda - M19 - Grupo II - Nivel 2 - Zona C | Juveniles - Segunda Rueda - M19 - Grupo ll - Nivel 2 - Desarrollo | Juveniles - Segunda rueda - M 19 - Nivel 2 - Grupo II - Intermedia | Menores de 19 - Primera Rueda - G2 NIVEL 2 C | Menores de 19 - Segunda Rueda - G2 Nivel 2 Intermedia,2024 2025 2026,6,,,,falta,ninguna
28,Italiano,Italiano B,B,M19,Juveniles - Primera rueda - M 19 - Nivel 2 - Grupo II - Zona C Eq B | Juveniles - Primera rueda - M19 - Grupo II - Nivel 2 - Zona C Equipos B | Juveniles - Segunda Rueda - M19 - Grupo ll - Nivel 2 - Desarrollo Equipos B | Juveniles - Segunda rueda - M 19 - Nivel 2 - Grupo II - Intermedia eq B | Menores de 19 - Primera Rueda - G2 NIVEL 2 C Eq B | Menores de 19 - Segunda Rueda - G2 Nivel 2 Intermedia Eq B,2024 2025 2026,6,,,,falta,ninguna
13,La Plata,La Plata A,A,M19,Juveniles - Primera rueda - M 19 - Nivel 1 - Grupo II - Zona A | Juveniles - Primera rueda - M19 - Grupo II - Nivel 1 - Zona B | Juveniles - Segunda Rueda - M19 - Grupo ll - Nivel 1 - Ganadores | Juveniles - Segunda rueda - M 19 - Nivel 1 - Grupo II - Ganadores | Menores de 19 - Grupo 2 - Nivel 1 - Ganadores - Segunda Rueda | Menores de 19 - Grupo 2 - Nivel 1 - Ganadores - Segunda rueda | Menores de 19 - Grupo 2 - Zona A - Equipos A | Menores de 19 - Grupo 2 - Zona B | Menores de 19 - Primera Rueda - G2 NIVEL 1 A | Menores de 19 - Segunda Rueda - G2 Nivel 1 Ganadores,2022 2023 2024 2025 2026,10,la-plata-m19-a,"La Plata M19 ""A""",urba,existe,exacto
13,La Plata,La Plata B,B,M19,Juveniles - Primera rueda - M 19 - Nivel 1 - Grupo II - Zona A Eq B | Juveniles - Primera rueda - M19 - Grupo II - Nivel 1 - Zona B Equipos B | Juveniles - Primera rueda - M19 - Grupo II - Nivel 2 - Zona D | Juveniles - Segunda Rueda - M19 - Grupo ll - Nivel 1 - Ganadores Equipos B | Juveniles - Segunda Rueda - M19 - Grupo ll - Nivel 2 - Ganadores | Juveniles - Segunda rueda - M 19 - Nivel 1 - Grupo II - Ganadores eq B | Menores de 19 - Grupo 2 - Nivel 1 - Ganadores - Equipos B - Segunda Rueda | Menores de 19 - Grupo 2 - Nivel 1 - Ganadores - Equipos B - Segunda rueda | Menores de 19 - Grupo 2 - Zona A - Equipos B | Menores de 19 - Grupo 2 - Zona B - Equipos B | Menores de 19 - Primera Rueda - G2 NIVEL 1 A Eq B | Menores de 19 - Segunda Rueda - G2 Nivel 1 Ganadores Eq B,2022 2023 2024 2025 2026,12,la-plata-m19-b,"La Plata M19 ""B""",urba,existe,exacto
13,La Plata,La Plata C,C,M19,Juveniles - Primera rueda - M 19 - Nivel 2 - Grupo II - Zona D | Juveniles - Segunda rueda - M 19 - Grupo II - Desarrollo | Menores de 19 - Grupo 1 - Formativa A - Segunda Rueda | Menores de 19 - Grupo 1 - Formativa B | Menores de 19 - Grupo 1 - Ganadores - Segunda rueda | Menores de 19 - Grupo 1 - Zona A | Menores de 19 - Primera Rueda - G2 NIVEL 2 Desarrollo,2022 2023 2025 2026,7,,,,falta,ninguna
13,La Plata,La Plata D,D,M19,Juveniles - Primera rueda - M 19 - Nivel 2 - Grupo II - Zona D Eq B | Juveniles - Primera rueda - M19 - Grupo II - Nivel 2 - Zona D Equipos B | Juveniles - Segunda Rueda - M19 - Grupo ll - Nivel 2 - Ganadores Equipos B | Juveniles - Segunda rueda - M 19 - Grupo II - Desarrollo eq B | Menores de 19 - Primera Rueda - G2 NIVEL 2 Desarrollo Eq B,2024 2025 2026,5,,,,falta,ninguna
13,La Plata,La Plata E,E,M19,Juveniles - Primera rueda - M 19 - Formativa - Zona A | Juveniles - Primera rueda - M19 - Formativa B | Juveniles - Segunda Rueda - M19 - Formativa A | Juveniles - Segunda rueda - M 19 - Formativa - Zona A,2024 2025,4,,,,falta,ninguna
64,La Salle,La Salle Rugby y Hockey Club,,M19,Juveniles - Primera rueda - M19 - Formativa C | Menores de 19 - Grupo 1 - Formativa B - Primera Rueda | Menores de 19 - Grupo 1 - Formativa B - Segunda rueda | Menores de 19 - Grupo 1 - Formativa C | Menores de 19 - Grupo 1 - Formativa C - Segunda Rueda | Menores de 19 - Primera Rueda - G1 Formativa C,2022 2023 2024 2026,6,,,,club_no_existe,ninguna
51,Lanus,Lanus,,M19,Juveniles - Primera rueda - M 19 - Grupo I - Zona B | Juveniles - Primera rueda - M19 - Grupo I - Zona A | Juveniles - Segunda Rueda - M19 - Grupo l - Intermedia | Juveniles - Segunda rueda - M 19 - Grupo I - Ganadores | Menores de 19 - Grupo 1 - Ganadores - Segunda Rueda | Menores de 19 - Grupo 1 - Zona C | Menores de 19 - Primera Rueda - G1 A,2023 2024 2025 2026,7,,,,falta,ninguna
51,Lanus,Lanus A,A,M19,Menores de 19 - Grupo 2 - Desarrollo - Segunda rueda | Menores de 19 - Grupo 2 - Zona C - Equipos A,2022,2,,,,falta,ninguna
51,Lanus,Lanus B,B,M19,Menores de 19 - Grupo 2 - Desarrollo - Equipos B - Segunda rueda | Menores de 19 - Grupo 2 - Zona C - Equipos B,2022,2,,,,falta,ninguna
73,Las Cañas,Las Cañas,,M19,Juveniles - Primera rueda - M19 - Grupo I - Zona C | Juveniles - Segunda Rueda - M19 - Grupo l - Desarrollo | Menores de 19 - Grupo 1 - Desarrollo - Segunda rueda | Menores de 19 - Grupo 1 - Formativa B - Primera Rueda | Menores de 19 - Primera Rueda - G1 A,2022 2024 2026,5,,,,club_no_existe,ninguna
73,Las Cañas,Las Cañas A,A,M19,Juveniles - Primera rueda - M 19 - Grupo II - Desarrollo | Juveniles - Segunda rueda - M 19 - Nivel 2 - Grupo II - Intermedia,2025,2,,,,club_no_existe,ninguna
73,Las Cañas,Las Cañas B,B,M19,Juveniles - Primera rueda - M 19 - Grupo II - Desarrollo Eq B | Juveniles - Segunda rueda - M 19 - Nivel 2 - Grupo II - Intermedia eq B,2025,2,,,,club_no_existe,ninguna
36,Liceo Militar,Liceo Militar,,M19,Juveniles - Primera rueda - M 19 - Formativa - Zona C | Juveniles - Primera rueda - M19 - Grupo I - Zona C | Juveniles - Segunda Rueda - M19 - Grupo l - Intermedia | Juveniles - Segunda rueda - M 19 - Grupo I - Desarrollo | Menores de 19 - Primera Rueda - G1 B,2024 2025 2026,5,,,,falta,ninguna
36,Liceo Militar,Liceo Militar A,A,M19,Menores de 19 - Grupo 2 - Desarrollo - Segunda rueda | Menores de 19 - Grupo 2 - Nivel 2 - Desarrollo - Segunda Rueda | Menores de 19 - Grupo 2 - Zona C | Menores de 19 - Grupo 2 - Zona C - Equipos A,2022 2023,4,,,,falta,ninguna
36,Liceo Militar,Liceo Militar B,B,M19,Menores de 19 - Grupo 2 - Desarrollo - Equipos B - Segunda rueda | Menores de 19 - Grupo 2 - Nivel 2 - Desarrollo - Equipos B - Segunda Rueda | Menores de 19 - Grupo 2 - Zona C - Equipos B,2022 2023,4,,,,falta,ninguna
38,Liceo Naval,Liceo Naval A,A,M19,Juveniles - Primera rueda - M 19 - Nivel 1 - Grupo II - Zona A | Juveniles - Primera rueda - M19 - Grupo II - Nivel 1 - Zona A | Juveniles - Segunda Rueda - M19 - Grupo ll - Nivel 1 - Intermedia | Juveniles - Segunda rueda - M 19 - Nivel 2 - Grupo II - Ganadores | Menores de 19 - Grupo 2 - Intermedia - Segunda rueda | Menores de 19 - Grupo 2 - Nivel 2 - Ganadores - Segunda Rueda | Menores de 19 - Grupo 2 - Zona A - Equipos A | Menores de 19 - Grupo 2 - Zona B | Menores de 19 - Primera Rueda - G2 NIVEL 1 A | Menores de 19 - Segunda Rueda - G2 Nivel 2 Ganadores,2022 2023 2024 2025 2026,10,liceo-naval-m19-a,"Liceo Naval M19 ""A""",urba,existe,exacto
38,Liceo Naval,Liceo Naval B,B,M19,Juveniles - Primera rueda - M 19 - Nivel 1 - Grupo II - Zona A Eq B | Juveniles - Primera rueda - M19 - Grupo II - Nivel 1 - Zona A Equipos B | Juveniles - Segunda Rueda - M19 - Grupo ll - Nivel 1 - Intermedia Equipos B | Juveniles - Segunda rueda - M 19 - Nivel 2 - Grupo II - Ganadores eq B | Menores de 19 - Grupo 2 - Intermedia - Equipos B - Segunda rueda | Menores de 19 - Grupo 2 - Nivel 2 - Ganadores - Equipos B - Segunda Rueda | Menores de 19 - Grupo 2 - Zona A - Equipos B | Menores de 19 - Grupo 2 - Zona B - Equipos B | Menores de 19 - Primera Rueda - G2 NIVEL 1 A Eq B | Menores de 19 - Segunda Rueda - G2 Nivel 2 Ganadores Eq B,2022 2023 2024 2025 2026,10,liceo-naval-m19-b,"Liceo Naval M19 ""B""",urba,existe,exacto
38,Liceo Naval,Liceo Naval C,C,M19,Juveniles - Primera rueda - M 19 - Formativa - Zona A | Juveniles - Primera rueda - M19 - Formativa A | Juveniles - Segunda Rueda - M19 - Formativa B | Juveniles - Segunda rueda - M 19 - Formativa - Zona B | Menores de 19 - Primera Rueda - G1 Formativa A,2024 2025 2026,5,,,,falta,ninguna
15,Lomas Athletic,Lomas Athletic A,A,M19,Juveniles - Primera rueda - M 19 - Nivel 1 - Grupo II - Zona B | Juveniles - Primera rueda - M19 - Grupo II - Nivel 1 - Zona B | Juveniles - Segunda Rueda - M19 - Grupo ll - Nivel 1 - Intermedia | Juveniles - Segunda rueda - M 19 - Nivel 2 - Grupo II - Ganadores | Menores de 19 - Grupo 2 - Intermedia - Segunda rueda | Menores de 19 - Grupo 2 - Nivel 1 - Ganadores - Segunda Rueda | Menores de 19 - Grupo 2 - Zona A | Menores de 19 - Grupo 2 - Zona A - Equipos A | Menores de 19 - Primera Rueda - G2 NIVEL 1 A | Menores de 19 - Segunda Rueda - G2 Nivel 1 Intermedia,2022 2023 2024 2025 2026,10,lomas-athletic-m19-a,"Lomas Athletic M19 ""A""",urba,existe,exacto
15,Lomas Athletic,Lomas Athletic B,B,M19,Juveniles - Primera rueda - M 19 - Nivel 1 - Grupo II - Zona B Eq B | Juveniles - Primera rueda - M19 - Grupo II - Nivel 1 - Zona B Equipos B | Juveniles - Segunda Rueda - M19 - Grupo ll - Nivel 1 - Intermedia Equipos B | Juveniles - Segunda rueda - M 19 - Nivel 2 - Grupo II - Ganadores eq B | Menores de 19 - Grupo 2 - Intermedia - Equipos B - Segunda rueda | Menores de 19 - Grupo 2 - Nivel 1 - Ganadores - Equipos B - Segunda Rueda | Menores de 19 - Grupo 2 - Zona A - Equipos B | Menores de 19 - Primera Rueda - G2 NIVEL 1 A Eq B | Menores de 19 - Segunda Rueda - G2 Nivel 1 Intermedia Eq B,2022 2023 2024 2025 2026,10,lomas-athletic-m19-b,"Lomas Athletic M19 ""B""",urba,existe,exacto
15,Lomas Athletic,Lomas Athl. C,C,M19,Juveniles - Primera rueda - M 19 - Formativa - Zona B | Juveniles - Segunda rueda - M 19 - Formativa - Zona C | Menores de 19 - Primera Rueda - G1 Formativa A,2025 2026,3,,,,falta,ninguna
78,Los Cedros,Los Cedros,,M19,Juveniles - Primera rueda - M 19 - Formativa - Zona C | Juveniles - Segunda rueda - M 19 - Grupo I - Desarrollo | Menores de 19 - Grupo 1 - Desarrollo - Segunda Rueda | Menores de 19 - Grupo 1 - Desarrollo - Segunda rueda | Menores de 19 - Grupo 1 - Formativa C | Menores de 19 - Grupo 1 - Zona C | Menores de 19 - Primera Rueda - G1 B,2022 2023 2025 2026,7,,,,club_no_existe,ninguna
23,Los Matreros,Los Matreros A,A,M19,Juveniles - Primera rueda - M 19 - Nivel 1 - Grupo II - Zona A | Juveniles - Primera rueda - M19 - Grupo II - Nivel 2 - Zona D | Juveniles - Segunda Rueda - M19 - Grupo ll - Nivel 1 - Intermedia | Juveniles - Segunda rueda - M 19 - Nivel 2 - Grupo II - Ganadores | Menores de 19 - Grupo 2 - Nivel 2 - Desarrollo - Segunda Rueda | Menores de 19 - Grupo 2 - Nivel 2 - Ganadores - Segunda rueda | Menores de 19 - Grupo 2 - Zona A - Equipos A | Menores de 19 - Grupo 2 - Zona D | Menores de 19 - Primera Rueda - G2 NIVEL 2 D | Menores de 19 - Segunda Rueda - G2 Nivel 2 Ganadores,2022 2023 2024 2025 2026,10,,,,falta,ninguna
23,Los Matreros,Los Matreros B,B,M19,Juveniles - Primera rueda - M 19 - Nivel 1 - Grupo II - Zona A Eq B | Juveniles - Primera rueda - M19 - Grupo II - Nivel 2 - Zona D Equipos B | Juveniles - Segunda Rueda - M19 - Grupo ll - Nivel 1 - Intermedia Equipos B | Juveniles - Segunda rueda - M 19 - Nivel 2 - Grupo II - Ganadores eq B | Menores de 19 - Grupo 2 - Nivel 2 - Desarrollo - Equipos B - Segunda Rueda | Menores de 19 - Grupo 2 - Nivel 2 - Ganadores - Equipos B - Segunda rueda | Menores de 19 - Grupo 2 - Zona A - Equipos B | Menores de 19 - Primera Rueda - G2 NIVEL 2 D Eq B | Menores de 19 - Segunda Rueda - G2 Nivel 2 Ganadores Eq B,2022 2023 2024 2025 2026,9,,,,falta,ninguna
23,Los Matreros,Los Matreros C,C,M19,Juveniles - Primera rueda - M 19 - Formativa - Zona A | Juveniles - Segunda rueda - M 19 - Formativa - Zona C | Menores de 19 - Grupo 1 - Formativa A | Menores de 19 - Grupo 1 - Formativa B - Segunda Rueda | Menores de 19 - Primera Rueda - G1 Formativa B,2023 2025 2026,5,,,,falta,ninguna
65,Los Molinos,Los Molinos,,M19,Menores de 19 - Grupo 1 - Intermedia - Segunda rueda | Menores de 19 - Grupo 1 - Zona C,2022,2,,,,falta,ninguna
65,Los Molinos,Los Molinos A,A,M19,Juveniles - Primera rueda - M 19 - Nivel 2 - Grupo II - Zona C | Juveniles - Primera rueda - M19 - Grupo II - Nivel 2 - Zona C | Juveniles - Segunda Rueda - M19 - Grupo ll - Nivel 1 - Intermedia | Juveniles - Segunda rueda - M 19 - Nivel 2 - Grupo II - Intermedia | Menores de 19 - Grupo 2 - Nivel 2 - Desarrollo - Segunda Rueda | Menores de 19 - Grupo 2 - Zona D | Menores de 19 - Primera Rueda - G2 NIVEL 2 C | Menores de 19 - Segunda Rueda - G2 Nivel 1 Intermedia,2023 2024 2025 2026,8,,,,falta,ninguna
65,Los Molinos,Los Molinos B,B,M19,Juveniles - Primera rueda - M 19 - Nivel 2 - Grupo II - Zona C Eq B | Juveniles - Primera rueda - M19 - Grupo II - Nivel 2 - Zona C Equipos B | Juveniles - Segunda Rueda - M19 - Grupo ll - Nivel 1 - Intermedia Equipos B | Juveniles - Segunda rueda - M 19 - Nivel 2 - Grupo II - Intermedia eq B | Menores de 19 - Grupo 2 - Nivel 2 - Desarrollo - Equipos B - Segunda Rueda | Menores de 19 - Primera Rueda - G2 NIVEL 2 C Eq B | Menores de 19 - Segunda Rueda - G2 Nivel 1 Intermedia Eq B,2023 2024 2025 2026,7,,,,falta,ninguna
65,Los Molinos,Los Molinos C,C,M19,Menores de 19 - Primera Rueda - G1 Formativa C,2026,1,,,,falta,ninguna
79,Los Pinos,Los Pinos,,M19,Juveniles - Primera rueda - M 19 - Formativa - Zona C | Juveniles - Primera rueda - M19 - Formativa C | Juveniles - Segunda Rueda - M19 - Formativa C | Juveniles - Segunda rueda - M 19 - Formativa - Zona C | Menores de 19 - Grupo 1 - Formativa C | Menores de 19 - Grupo 1 - Formativa C - Segunda Rueda,2023 2024 2025,6,,,,club_no_existe,ninguna
26,Los Tilos,Los Tilos A,A,M19,Juveniles - Primera rueda - M 19 - Nivel 1 - Grupo II - Zona A | Juveniles - Primera rueda - M19 - Grupo II - Nivel 1 - Zona A | Juveniles - Segunda Rueda - M19 - Grupo ll - Nivel 1 - Intermedia | Juveniles - Segunda rueda - M 19 - Nivel 1 - Grupo II - Intermedia | Menores de 19 - Grupo 2 - Intermedia - Segunda rueda | Menores de 19 - Grupo 2 - Nivel 1 - Intermedia - Segunda Rueda | Menores de 19 - Grupo 2 - Zona A | Menores de 19 - Grupo 2 - Zona B - Equipos A | Menores de 19 - Primera Rueda - G2 NIVEL 1 B | Menores de 19 - Segunda Rueda - G2 Nivel 1 Intermedia,2022 2023 2024 2025 2026,10,los-tilos-m19-a,"Los Tilos M19 ""A""",urba,existe,exacto
26,Los Tilos,Los Tilos B,B,M19,Juveniles - Primera rueda - M 19 - Nivel 1 - Grupo II - Zona A Eq B | Juveniles - Primera rueda - M19 - Grupo II - Nivel 1 - Zona A Equipos B | Juveniles - Segunda Rueda - M19 - Grupo ll - Nivel 1 - Intermedia Equipos B | Juveniles - Segunda rueda - M 19 - Nivel 1 - Grupo II - Intermedia eq B | Menores de 19 - Grupo 2 - Intermedia - Equipos B - Segunda rueda | Menores de 19 - Grupo 2 - Nivel 1 - Intermedia - Equipos B - Segunda Rueda | Menores de 19 - Grupo 2 - Zona A - Equipos B | Menores de 19 - Grupo 2 - Zona B - Equipos B | Menores de 19 - Primera Rueda - G2 NIVEL 1 B Eq B | Menores de 19 - Segunda Rueda - G2 Nivel 1 Intermedia Eq B,2022 2023 2024 2025 2026,10,los-tilos-m19-b,"Los Tilos M19 ""B""",urba,existe,exacto
26,Los Tilos,Los Tilos C,C,M19,Juveniles - Primera rueda - M 19 - Grupo II - Desarrollo | Juveniles - Primera rueda - M19 - Grupo I - Zona B | Juveniles - Segunda Rueda - M19 - Grupo l - Intermedia | Juveniles - Segunda rueda - M 19 - Formativa - Zona B | Menores de 19 - Grupo 1 - Formativa B - Segunda Rueda | Menores de 19 - Grupo 1 - Intermedia - Segunda rueda | Menores de 19 - Grupo 1 - Zona C | Menores de 19 - Primera Rueda - G2 NIVEL 2 Desarrollo | Menores de 19 - Segunda Rueda - G2 Nivel 2 Intermedia,2022 2023 2024 2025 2026,10,,,,falta,ninguna
26,Los Tilos,Los Tilos D,D,M19,Juveniles - Primera rueda - M 19 - Grupo II - Desarrollo Eq B | Juveniles - Primera rueda - M19 - Formativa A | Juveniles - Segunda Rueda - M19 - Formativa B | Menores de 19 - Primera Rueda - G2 NIVEL 2 Desarrollo Eq B | Menores de 19 - Segunda Rueda - G2 Nivel 2 Intermedia Eq B,2024 2025 2026,5,,,,falta,ninguna
50,Lujan,Lujan,,M19,Juveniles - Primera rueda - M 19 - Grupo I - Zona B | Juveniles - Primera rueda - M19 - Grupo I - Zona A | Juveniles - Segunda Rueda - M19 - Grupo l - Desarrollo | Menores de 19 - Grupo 1 - Intermedia - Segunda Rueda | Menores de 19 - Grupo 1 - Zona C,2023 2024 2025,5,,,,falta,ninguna
50,Lujan,Lujan A,A,M19,Juveniles - Segunda rueda - M 19 - Nivel 2 - Grupo II - Intermedia | Menores de 19 - Grupo 2 - Desarrollo - Segunda rueda | Menores de 19 - Grupo 2 - Zona D - Equipos A | Menores de 19 - Primera Rueda - G2 NIVEL 2 C | Menores de 19 - Segunda Rueda - G2 Nivel 2 Intermedia,2022 2025 2026,5,,,,falta,ninguna
50,Lujan,Lujan B,B,M19,Juveniles - Segunda rueda - M 19 - Nivel 2 - Grupo II - Intermedia eq B | Menores de 19 - Grupo 2 - Desarrollo - Equipos B - Segunda rueda | Menores de 19 - Grupo 2 - Zona D - Equipos B | Menores de 19 - Primera Rueda - G2 NIVEL 2 C Eq B | Menores de 19 - Segunda Rueda - G2 Nivel 2 Intermedia Eq B,2022 2025 2026,5,,,,falta,ninguna
34,Manuel Belgrano,Manuel Belgrano A,A,M19,Juveniles - Primera rueda - M 19 - Nivel 2 - Grupo II - Zona D | Juveniles - Primera rueda - M19 - Grupo II - Nivel 2 - Zona C | Juveniles - Segunda Rueda - M19 - Grupo ll - Nivel 2 - Ganadores | Juveniles - Segunda rueda - M 19 - Nivel 2 - Grupo II - Ganadores | Menores de 19 - Grupo 2 - Desarrollo - Segunda rueda | Menores de 19 - Grupo 2 - Nivel 2 - Ganadores - Segunda Rueda | Menores de 19 - Grupo 2 - Zona C - Equipos A | Menores de 19 - Grupo 2 - Zona D | Menores de 19 - Primera Rueda - G2 NIVEL 2 C | Menores de 19 - Segunda Rueda - G2 Nivel 2 Ganadores,2022 2023 2024 2025 2026,10,,,,falta,ninguna
34,Manuel Belgrano,Manuel Belgrano B,B,M19,Juveniles - Primera rueda - M 19 - Nivel 2 - Grupo II - Zona D Eq B | Juveniles - Primera rueda - M19 - Grupo II - Nivel 2 - Zona C Equipos B | Juveniles - Segunda Rueda - M19 - Grupo ll - Nivel 2 - Ganadores Equipos B | Juveniles - Segunda rueda - M 19 - Nivel 2 - Grupo II - Ganadores eq B | Menores de 19 - Grupo 2 - Desarrollo - Equipos B - Segunda rueda | Menores de 19 - Grupo 2 - Nivel 2 - Ganadores - Equipos B - Segunda Rueda | Menores de 19 - Grupo 2 - Zona C - Equipos B | Menores de 19 - Primera Rueda - G2 NIVEL 2 C Eq B | Menores de 19 - Segunda Rueda - G2 Nivel 2 Ganadores Eq B,2022 2023 2024 2025 2026,9,,,,falta,ninguna
34,Manuel Belgrano,Manuel Belgrano C,C,M19,Menores de 19 - Primera Rueda - G1 Formativa B,2026,1,,,,falta,ninguna
82,Marcos Paz,Marcos Paz,,M19,Juveniles - Segunda Rueda - M19 - Formativa C | Menores de 19 - Grupo 1 - Formativa B - Primera Rueda | Menores de 19 - Grupo 1 - Formativa C,2022 2023 2024,3,,,,club_no_existe,ninguna
39,Mariano Moreno,Mariano Moreno A,A,M19,Juveniles - Primera rueda - M 19 - Nivel 2 - Grupo II - Zona D | Juveniles - Primera rueda - M19 - Grupo II - Nivel 2 - Zona C | Juveniles - Segunda Rueda - M19 - Grupo ll - Nivel 2 - Ganadores | Juveniles - Segunda rueda - M 19 - Nivel 2 - Grupo II - Ganadores | Menores de 19 - Grupo 2 - Nivel 2 - Desarrollo - Segunda Rueda | Menores de 19 - Grupo 2 - Nivel 2 - Ganadores - Segunda rueda | Menores de 19 - Grupo 2 - Zona A - Equipos A | Menores de 19 - Grupo 2 - Zona D | Menores de 19 - Primera Rueda - G2 NIVEL 2 D | Menores de 19 - Segunda Rueda - G2 Nivel 1 Intermedia,2022 2023 2024 2025 2026,10,,,,falta,ninguna
39,Mariano Moreno,Mariano Moreno B,B,M19,Juveniles - Primera rueda - M 19 - Nivel 2 - Grupo II - Zona D Eq B | Juveniles - Primera rueda - M19 - Grupo II - Nivel 2 - Zona C Equipos B | Juveniles - Segunda Rueda - M19 - Grupo ll - Nivel 2 - Ganadores Equipos B | Juveniles - Segunda rueda - M 19 - Nivel 2 - Grupo II - Ganadores eq B | Menores de 19 - Grupo 2 - Nivel 2 - Desarrollo - Equipos B - Segunda Rueda | Menores de 19 - Grupo 2 - Nivel 2 - Ganadores - Equipos B - Segunda rueda | Menores de 19 - Grupo 2 - Zona A - Equipos B | Menores de 19 - Primera Rueda - G2 NIVEL 2 D Eq B | Menores de 19 - Segunda Rueda - G2 Nivel 1 Intermedia Eq B,2022 2023 2024 2025 2026,9,,,,falta,ninguna
39,Mariano Moreno,Mariano Moreno C,C,M19,Menores de 19 - Grupo 1 - Desarrollo - Segunda rueda | Menores de 19 - Grupo 1 - Zona B,2022,2,,,,falta,ninguna
47,Mercedes,Mercedes,,M19,Menores de 19 - Grupo 1 - Formativa C | Menores de 19 - Grupo 1 - Formativa C - Segunda Rueda,2023,2,,,,club_no_existe,ninguna
41,Monte Grande,Monte Grande ,,M19,Juveniles - Primera rueda - M 19 - Grupo I - Zona B | Juveniles - Segunda rueda - M 19 - Grupo I - Ganadores,2025,2,,,,falta,ninguna
41,Monte Grande,Monte Grande A,A,M19,Juveniles - Primera rueda - M19 - Grupo II - Nivel 2 - Zona C | Juveniles - Segunda Rueda - M19 - Grupo ll - Nivel 2 - Desarrollo | Menores de 19 - Grupo 2 - Desarrollo - Segunda rueda | Menores de 19 - Grupo 2 - Nivel 1 - Intermedia - Segunda Rueda | Menores de 19 - Grupo 2 - Zona D | Menores de 19 - Grupo 2 - Zona D - Equipos A | Menores de 19 - Primera Rueda - G2 NIVEL 2 D | Menores de 19 - Segunda Rueda - G2 Nivel 2 Intermedia,2022 2023 2024 2026,8,,,,falta,ninguna
41,Monte Grande,Monte Grande B,B,M19,Juveniles - Primera rueda - M19 - Grupo II - Nivel 2 - Zona C Equipos B | Juveniles - Segunda Rueda - M19 - Grupo ll - Nivel 2 - Desarrollo Equipos B | Menores de 19 - Grupo 2 - Desarrollo - Equipos B - Segunda rueda | Menores de 19 - Grupo 2 - Nivel 1 - Intermedia - Equipos B - Segunda Rueda | Menores de 19 - Grupo 2 - Zona D - Equipos B | Menores de 19 - Primera Rueda - G2 NIVEL 2 D Eq B | Menores de 19 - Segunda Rueda - G2 Nivel 2 Intermedia Eq B,2022 2023 2024 2026,7,,,,falta,ninguna
91,Municipalidad de Berazategui,Munic. de Berazategui,,M19,Juveniles - Primera rueda - M 19 - Grupo I - Zona A | Juveniles - Primera rueda - M19 - Formativa C | Juveniles - Segunda Rueda - M19 - Formativa C | Juveniles - Segunda rueda - M 19 - Grupo I - Desarrollo | Menores de 19 - Grupo 1 - Formativa B - Primera Rueda | Menores de 19 - Grupo 1 - Formativa B - Segunda rueda | Menores de 19 - Grupo 1 - Formativa C - Segunda Rueda | Menores de 19 - Grupo 1 - Zona A | Menores de 19 - Primera Rueda - G1 Formativa C,2022 2023 2024 2025 2026,9,,,,club_no_existe,ninguna
9,Newman,Newman A,A,M19,Juveniles - Primera rueda - M 19 - Nivel 1 - Grupo II - Zona A | Juveniles - Primera rueda - M19 - Grupo II - Nivel 1 - Zona A | Juveniles - Segunda Rueda - M19 - Grupo ll - Nivel 1 - Ganadores | Juveniles - Segunda rueda - M 19 - Nivel 1 - Grupo II - Ganadores | Menores de 19 - Grupo 2 - Intermedia - Segunda rueda | Menores de 19 - Grupo 2 - Nivel 1 - Intermedia - Segunda Rueda | Menores de 19 - Grupo 2 - Zona B | Menores de 19 - Grupo 2 - Zona B - Equipos A | Menores de 19 - Primera Rueda - G2 NIVEL 1 A | Menores de 19 - Segunda Rueda - G2 Nivel 1 Ganadores,2022 2023 2024 2025 2026,10,club-newman-m19-a,"Club Newman M19 ""A""",urba,existe,exacto
9,Newman,Newman B,B,M19,Juveniles - Primera rueda - M 19 - Nivel 1 - Grupo II - Zona A Eq B | Juveniles - Primera rueda - M19 - Grupo II - Nivel 1 - Zona A Equipos B | Juveniles - Segunda Rueda - M19 - Grupo ll - Nivel 1 - Ganadores Equipos B | Juveniles - Segunda rueda - M 19 - Nivel 1 - Grupo II - Ganadores eq B | Menores de 19 - Grupo 2 - Intermedia - Equipos B - Segunda rueda | Menores de 19 - Grupo 2 - Nivel 1 - Intermedia - Equipos B - Segunda Rueda | Menores de 19 - Grupo 2 - Zona B - Equipos B | Menores de 19 - Primera Rueda - G2 NIVEL 1 A Eq B | Menores de 19 - Segunda Rueda - G2 Nivel 1 Ganadores Eq B,2022 2023 2024 2025 2026,10,club-newman-m19-b,"Club Newman M19 ""B""",urba,existe,exacto
9,Newman,Newman C,C,M19,Juveniles - Primera rueda - M 19 - Grupo II - Desarrollo | Juveniles - Primera rueda - M19 - Formativa A | Juveniles - Segunda Rueda - M19 - Formativa A | Juveniles - Segunda rueda - M 19 - Grupo II - Desarrollo | Menores de 19 - Grupo 1 - Formativa A | Menores de 19 - Grupo 1 - Formativa A - Primera Rueda | Menores de 19 - Grupo 1 - Formativa B - Segunda Rueda | Menores de 19 - Grupo 1 - Intermedia - Segunda rueda | Menores de 19 - Primera Rueda - G2 NIVEL 2 Desarrollo,2022 2023 2024 2025 2026,9,,,,falta,ninguna
9,Newman,Newman D,D,M19,Juveniles - Primera rueda - M 19 - Grupo II - Desarrollo Eq B | Juveniles - Primera rueda - M19 - Formativa B | Juveniles - Segunda Rueda - M19 - Formativa A | Juveniles - Segunda rueda - M 19 - Grupo II - Desarrollo eq B | Menores de 19 - Grupo 1 - Formativa A - Segunda rueda | Menores de 19 - Grupo 1 - Formativa B - Primera Rueda | Menores de 19 - Primera Rueda - G2 NIVEL 2 Desarrollo Eq B,2022 2024 2025 2026,7,,,,falta,ninguna
9,Newman,Newman E,E,M19,Juveniles - Primera rueda - M 19 - Formativa - Zona A | Juveniles - Segunda rueda - M 19 - Formativa - Zona A | Menores de 19 - Primera Rueda - G1 Formativa A,2025 2026,3,,,,falta,ninguna
66,Old Georgian,Old Georgian,,M19,Juveniles - Primera rueda - M19 - Grupo I - Zona C | Juveniles - Segunda Rueda - M19 - Grupo l - Ganadores | Menores de 19 - Grupo 1 - Formativa C - Segunda Rueda | Menores de 19 - Grupo 1 - Ganadores - Segunda rueda | Menores de 19 - Grupo 1 - Zona B | Menores de 19 - Grupo 1 - Zona C,2022 2023 2024,6,,,,club_no_existe,ninguna
66,Old Georgian,Old Georgian A,A,M19,Juveniles - Primera rueda - M 19 - Grupo II - Desarrollo | Juveniles - Segunda rueda - M 19 - Nivel 2 - Grupo II - Intermedia | Menores de 19 - Primera Rueda - G2 NIVEL 2 C | Menores de 19 - Segunda Rueda - G2 Nivel 2 Ganadores,2025 2026,4,,,,club_no_existe,ninguna
66,Old Georgian,Old Georgian B,B,M19,Juveniles - Primera rueda - M 19 - Grupo II - Desarrollo Eq B | Juveniles - Segunda rueda - M 19 - Nivel 2 - Grupo II - Intermedia eq B | Menores de 19 - Primera Rueda - G2 NIVEL 2 C Eq B | Menores de 19 - Segunda Rueda - G2 Nivel 2 Ganadores Eq B,2025 2026,4,,,,club_no_existe,ninguna
22,Olivos,Olivos A,A,M19,Juveniles - Primera rueda - M 19 - Nivel 1 - Grupo II - Zona B | Juveniles - Primera rueda - M19 - Grupo II - Nivel 1 - Zona B | Juveniles - Segunda Rueda - M19 - Grupo ll - Nivel 1 - Intermedia | Juveniles - Segunda rueda - M 19 - Nivel 1 - Grupo II - Intermedia | Menores de 19 - Grupo 2 - Intermedia - Segunda rueda | Menores de 19 - Grupo 2 - Nivel 1 - Intermedia - Segunda Rueda | Menores de 19 - Grupo 2 - Zona A | Menores de 19 - Grupo 2 - Zona D - Equipos A | Menores de 19 - Primera Rueda - G2 NIVEL 1 B | Menores de 19 - Segunda Rueda - G2 Nivel 2 Ganadores,2022 2023 2024 2025 2026,10,olivos-r-c-m19-a,"Olivos R.C. M19 ""A""",urba,existe,exacto
22,Olivos,Olivos B,B,M19,Juveniles - Primera rueda - M 19 - Nivel 1 - Grupo II - Zona B Eq B | Juveniles - Primera rueda - M19 - Grupo II - Nivel 1 - Zona B Equipos B | Juveniles - Segunda Rueda - M19 - Grupo ll - Nivel 1 - Intermedia Equipos B | Juveniles - Segunda rueda - M 19 - Nivel 1 - Grupo II - Intermedia eq B | Menores de 19 - Grupo 2 - Intermedia - Equipos B - Segunda rueda | Menores de 19 - Grupo 2 - Nivel 1 - Intermedia - Equipos B - Segunda Rueda | Menores de 19 - Grupo 2 - Zona A - Equipos B | Menores de 19 - Grupo 2 - Zona D - Equipos B | Menores de 19 - Primera Rueda - G2 NIVEL 1 B Eq B | Menores de 19 - Segunda Rueda - G2 Nivel 2 Ganadores Eq B,2022 2023 2024 2025 2026,10,olivos-r-c-m19-b,"Olivos R.C. M19 ""B""",urba,existe,exacto
22,Olivos,Olivos C,C,M19,Juveniles - Primera rueda - M 19 - Formativa - Zona B | Juveniles - Primera rueda - M19 - Formativa B | Juveniles - Segunda Rueda - M19 - Formativa B | Juveniles - Segunda rueda - M 19 - Formativa - Zona B | Menores de 19 - Grupo 1 - Formativa A | Menores de 19 - Grupo 1 - Formativa B - Segunda Rueda,2023 2024 2025,6,,,,falta,ninguna
85,Pac General Rodriguez,Pac General Rodriguez,,M19,Juveniles - Primera rueda - M 19 - Grupo I - Zona A | Juveniles - Primera rueda - M19 - Grupo I - Zona C | Juveniles - Segunda Rueda - M19 - Grupo l - Ganadores,2024 2025,3,,,,club_no_existe,ninguna
70,Porteño,Porteño,,M19,Juveniles - Primera rueda - M 19 - Grupo I - Zona A | Juveniles - Primera rueda - M19 - Grupo I - Zona A | Juveniles - Segunda Rueda - M19 - Grupo l - Desarrollo | Juveniles - Segunda rueda - M 19 - Formativa - Zona C | Menores de 19 - Grupo 1 - Desarrollo - Segunda rueda | Menores de 19 - Grupo 1 - Intermedia - Segunda Rueda | Menores de 19 - Grupo 1 - Zona B | Menores de 19 - Grupo 1 - Zona C | Menores de 19 - Primera Rueda - G1 Formativa C,2022 2023 2024 2025 2026,9,,,,club_no_existe,ninguna
16,Pucara,Pucara A,A,M19,Juveniles - Primera rueda - M 19 - Nivel 1 - Grupo II - Zona A | Juveniles - Primera rueda - M19 - Grupo II - Nivel 1 - Zona A | Juveniles - Segunda Rueda - M19 - Grupo ll - Nivel 1 - Ganadores | Juveniles - Segunda rueda - M 19 - Nivel 1 - Grupo II - Ganadores | Menores de 19 - Grupo 2 - Intermedia - Segunda rueda | Menores de 19 - Grupo 2 - Nivel 1 - Intermedia - Segunda Rueda | Menores de 19 - Grupo 2 - Zona B | Menores de 19 - Grupo 2 - Zona B - Equipos A | Menores de 19 - Primera Rueda - G2 NIVEL 1 A | Menores de 19 - Segunda Rueda - G2 Nivel 1 Ganadores,2022 2023 2024 2025 2026,10,club-pucara-m19-a,"Club Pucará M19 ""A""",urba,existe,exacto
16,Pucara,Pucara B,B,M19,Juveniles - Primera rueda - M 19 - Nivel 1 - Grupo II - Zona A Eq B | Juveniles - Primera rueda - M19 - Grupo II - Nivel 1 - Zona A Equipos B | Juveniles - Segunda Rueda - M19 - Grupo ll - Nivel 1 - Ganadores Equipos B | Juveniles - Segunda rueda - M 19 - Nivel 1 - Grupo II - Ganadores eq B | Menores de 19 - Grupo 2 - Intermedia - Equipos B - Segunda rueda | Menores de 19 - Grupo 2 - Nivel 1 - Intermedia - Equipos B - Segunda Rueda | Menores de 19 - Grupo 2 - Zona B - Equipos B | Menores de 19 - Primera Rueda - G2 NIVEL 1 A Eq B | Menores de 19 - Segunda Rueda - G2 Nivel 1 Ganadores Eq B,2022 2023 2024 2025 2026,10,club-pucara-m19-b,"Club Pucará M19 ""B""",urba,existe,exacto
16,Pucara,Pucara C,C,M19,Juveniles - Primera rueda - M 19 - Formativa - Zona A | Juveniles - Primera rueda - M19 - Formativa A | Juveniles - Segunda Rueda - M19 - Formativa A | Juveniles - Segunda rueda - M 19 - Formativa - Zona A | Menores de 19 - Grupo 1 - Formativa B | Menores de 19 - Grupo 1 - Formativa B - Segunda Rueda | Menores de 19 - Primera Rueda - G2 NIVEL 2 Desarrollo,2023 2024 2025 2026,7,,,,falta,ninguna
16,Pucara,Pucara D,D,M19,Menores de 19 - Primera Rueda - G2 NIVEL 2 Desarrollo Eq B,2026,1,,,,falta,ninguna
25,Pueyrredon,Pueyrredon A,A,M19,Juveniles - Primera rueda - M 19 - Nivel 1 - Grupo II - Zona A | Juveniles - Primera rueda - M19 - Grupo II - Nivel 1 - Zona B | Juveniles - Segunda Rueda - M19 - Grupo ll - Nivel 1 - Intermedia | Juveniles - Segunda rueda - M 19 - Nivel 1 - Grupo II - Intermedia | Menores de 19 - Grupo 2 - Nivel 1 - Ganadores - Segunda Rueda | Menores de 19 - Grupo 2 - Nivel 2 - Ganadores - Segunda rueda | Menores de 19 - Grupo 2 - Zona B | Menores de 19 - Grupo 2 - Zona D - Equipos A | Menores de 19 - Primera Rueda - G2 NIVEL 1 A | Menores de 19 - Segunda Rueda - G2 Nivel 1 Intermedia,2022 2023 2024 2025 2026,10,pueyrredon-m19-a,"Pueyrredón M19 ""A""",urba,existe,exacto
25,Pueyrredon,Pueyrredon B,B,M19,Juveniles - Primera rueda - M 19 - Nivel 1 - Grupo II - Zona A Eq B | Juveniles - Primera rueda - M19 - Grupo II - Nivel 1 - Zona B Equipos B | Juveniles - Segunda Rueda - M19 - Grupo ll - Nivel 1 - Intermedia Equipos B | Juveniles - Segunda rueda - M 19 - Nivel 1 - Grupo II - Intermedia eq B | Menores de 19 - Grupo 2 - Nivel 1 - Ganadores - Equipos B - Segunda Rueda | Menores de 19 - Grupo 2 - Nivel 2 - Ganadores - Equipos B - Segunda rueda | Menores de 19 - Grupo 2 - Zona B - Equipos B | Menores de 19 - Grupo 2 - Zona D - Equipos B | Menores de 19 - Primera Rueda - G2 NIVEL 1 A Eq B | Menores de 19 - Segunda Rueda - G2 Nivel 1 Intermedia Eq B,2022 2023 2024 2025 2026,10,pueyrredon-m19-b,"Pueyrredón M19 ""B""",urba,existe,exacto
25,Pueyrredon,Pueyrredon C,C,M19,Juveniles - Primera rueda - M 19 - Formativa - Zona A | Juveniles - Primera rueda - M19 - Formativa B | Juveniles - Segunda rueda - M 19 - Formativa - Zona B | Menores de 19 - Grupo 1 - Formativa A - Segunda Rueda | Menores de 19 - Grupo 1 - Formativa B | Menores de 19 - Primera Rueda - G1 Formativa A,2023 2024 2025 2026,6,,,,falta,ninguna
4,Regatas Bella Vista,Regatas Bella Vista A,A,M19,Juveniles - Primera rueda - M 19 - Nivel 1 - Grupo II - Zona B | Juveniles - Primera rueda - M19 - Grupo II - Nivel 1 - Zona B | Juveniles - Segunda Rueda - M19 - Grupo ll - Nivel 1 - Ganadores | Juveniles - Segunda rueda - M 19 - Nivel 1 - Grupo II - Ganadores | Menores de 19 - Grupo 2 - Nivel 1 - Ganadores - Segunda Rueda | Menores de 19 - Grupo 2 - Nivel 1 - Ganadores - Segunda rueda | Menores de 19 - Grupo 2 - Zona B | Menores de 19 - Grupo 2 - Zona B - Equipos A | Menores de 19 - Primera Rueda - G2 NIVEL 1 A | Menores de 19 - Segunda Rueda - G2 Nivel 1 Ganadores,2022 2023 2024 2025 2026,10,regatas-de-bella-vista-m19-a,"Regatas de Bella Vista M19 ""A""",urba,existe,exacto
4,Regatas Bella Vista,Regatas Bella Vista B,B,M19,Juveniles - Primera rueda - M 19 - Nivel 1 - Grupo II - Zona B Eq B | Juveniles - Primera rueda - M19 - Grupo II - Nivel 1 - Zona B Equipos B | Juveniles - Segunda Rueda - M19 - Grupo ll - Nivel 1 - Ganadores Equipos B | Juveniles - Segunda rueda - M 19 - Nivel 1 - Grupo II - Ganadores eq B | Menores de 19 - Grupo 2 - Nivel 1 - Ganadores - Equipos B - Segunda Rueda | Menores de 19 - Grupo 2 - Nivel 2 - Ganadores - Segunda rueda | Menores de 19 - Grupo 2 - Zona B - Equipos B | Menores de 19 - Grupo 2 - Zona C - Equipos A | Menores de 19 - Primera Rueda - G2 NIVEL 1 A Eq B | Menores de 19 - Segunda Rueda - G2 Nivel 1 Ganadores Eq B,2022 2023 2024 2025 2026,10,regatas-de-bella-vista-m19-b,"Regatas de Bella Vista M19 ""B""",urba,existe,exacto
4,Regatas Bella Vista,Regatas Bella Vista C,C,M19,Juveniles - Primera rueda - M 19 - Grupo II - Desarrollo | Juveniles - Primera rueda - M19 - Formativa B | Juveniles - Segunda Rueda - M19 - Formativa A | Juveniles - Segunda rueda - M 19 - Grupo II - Desarrollo | Menores de 19 - Grupo 1 - Formativa A - Segunda Rueda | Menores de 19 - Grupo 1 - Formativa B | Menores de 19 - Grupo 2 - Nivel 1 - Ganadores - Equipos B - Segunda rueda | Menores de 19 - Grupo 2 - Zona B - Equipos B | Menores de 19 - Primera Rueda - G2 NIVEL 2 Desarrollo,2022 2023 2024 2025 2026,9,,,,falta,ninguna
4,Regatas Bella Vista,Regatas Bella Vista D,D,M19,Juveniles - Primera rueda - M 19 - Grupo II - Desarrollo Eq B | Juveniles - Segunda Rueda - M19 - Formativa B | Juveniles - Segunda rueda - M 19 - Grupo II - Desarrollo eq B | Menores de 19 - Grupo 1 - Formativa A | Menores de 19 - Grupo 1 - Formativa B - Segunda Rueda | Menores de 19 - Grupo 2 - Nivel 2 - Ganadores - Equipos B - Segunda rueda | Menores de 19 - Grupo 2 - Zona C - Equipos B | Menores de 19 - Primera Rueda - G2 NIVEL 2 Desarrollo Eq B,2022 2023 2024 2025 2026,8,,,,falta,ninguna
4,Regatas Bella Vista,Regastas B. Vista E,E,M19,Juveniles - Primera rueda - M 19 - Formativa - Zona B | Juveniles - Segunda rueda - M 19 - Formativa - Zona A | Menores de 19 - Primera Rueda - G1 Formativa A,2025 2026,3,,,,falta,ninguna
4,Regatas Bella Vista,Regatas B Vista F,F,M19,Menores de 19 - Primera Rueda - G1 Formativa A,2026,1,,,,falta,ninguna
14,San Albano,San Andres,,M19,Menores de 19 - Grupo 1 - Zona A,2023,1,,,,falta,ninguna
14,San Albano,San Albano A,A,M19,Juveniles - Primera rueda - M 19 - Nivel 2 - Grupo II - Zona C | Juveniles - Primera rueda - M19 - Grupo II - Nivel 2 - Zona C | Juveniles - Segunda Rueda - M19 - Grupo ll - Nivel 2 - Ganadores | Juveniles - Segunda rueda - M 19 - Nivel 2 - Grupo II - Ganadores | Menores de 19 - Grupo 2 - Intermedia - Segunda rueda | Menores de 19 - Grupo 2 - Nivel 2 - Desarrollo - Segunda Rueda | Menores de 19 - Grupo 2 - Nivel 2 - Ganadores - Segunda rueda | Menores de 19 - Grupo 2 - Zona B - Equipos A | Menores de 19 - Grupo 2 - Zona C - Equipos A | Menores de 19 - Grupo 2 - Zona D | Menores de 19 - Primera Rueda - G2 NIVEL 2 C | Menores de 19 - Segunda Rueda - G2 Nivel 2 Ganadores,2022 2023 2024 2025 2026,13,,,,falta,ninguna
14,San Albano,San Albano B,B,M19,Juveniles - Primera rueda - M 19 - Nivel 2 - Grupo II - Zona C Eq B | Juveniles - Primera rueda - M19 - Grupo II - Nivel 2 - Zona C Equipos B | Juveniles - Segunda Rueda - M19 - Grupo ll - Nivel 2 - Ganadores Equipos B | Juveniles - Segunda rueda - M 19 - Nivel 2 - Grupo II - Ganadores eq B | Menores de 19 - Grupo 2 - Intermedia - Equipos B - Segunda rueda | Menores de 19 - Grupo 2 - Nivel 2 - Desarrollo - Equipos B - Segunda Rueda | Menores de 19 - Grupo 2 - Nivel 2 - Ganadores - Equipos B - Segunda rueda | Menores de 19 - Grupo 2 - Zona B - Equipos B | Menores de 19 - Grupo 2 - Zona C - Equipos B | Menores de 19 - Primera Rueda - G2 NIVEL 2 C Eq B | Menores de 19 - Segunda Rueda - G2 Nivel 2 Ganadores Eq B,2022 2023 2024 2025 2026,12,,,,falta,ninguna
14,San Albano,San Albano C,C,M19,Juveniles - Primera rueda - M 19 - Grupo I - Zona A | Juveniles - Primera rueda - M19 - Formativa B | Juveniles - Segunda Rueda - M19 - Grupo l - Desarrollo | Juveniles - Segunda rueda - M 19 - Grupo I - Ganadores,2024 2025,4,,,,falta,ninguna
31,San Andres,San Andres A,A,M19,Juveniles - Primera rueda - M 19 - Nivel 1 - Grupo II - Zona A | Juveniles - Primera rueda - M19 - Grupo II - Nivel 2 - Zona D | Juveniles - Segunda Rueda - M19 - Grupo ll - Nivel 1 - Intermedia | Juveniles - Segunda rueda - M 19 - Nivel 1 - Grupo II - Intermedia | Menores de 19 - Primera Rueda - G2 NIVEL 1 A | Menores de 19 - Segunda Rueda - G2 Nivel 1 Intermedia,2024 2025 2026,6,san-andres-m19-a,"San Andrés M19 ""A""",urba,existe,exacto
31,San Andres,San Andres B,B,M19,Juveniles - Primera rueda - M 19 - Nivel 1 - Grupo II - Zona A Eq B | Juveniles - Primera rueda - M19 - Grupo II - Nivel 2 - Zona D Equipos B | Juveniles - Segunda Rueda - M19 - Grupo ll - Nivel 1 - Intermedia Equipos B | Juveniles - Segunda rueda - M 19 - Nivel 1 - Grupo II - Intermedia eq B | Menores de 19 - Primera Rueda - G2 NIVEL 1 A Eq B | Menores de 19 - Segunda Rueda - G2 Nivel 1 Intermedia Eq B,2024 2025 2026,6,san-andres-m19-b,"San Andrés M19 ""B""",urba,existe,exacto
31,San Andres,San Andres C,C,M19,Juveniles - Primera rueda - M 19 - Formativa - Zona A | Juveniles - Segunda rueda - M 19 - Formativa - Zona B | Menores de 19 - Primera Rueda - G1 Formativa A,2025 2026,3,,,,falta,ninguna
35,San Carlos,San Carlos,,M19,Juveniles - Primera rueda - M19 - Grupo I - Zona C | Juveniles - Segunda Rueda - M19 - Grupo l - Intermedia | Menores de 19 - Grupo 1 - Intermedia - Segunda rueda | Menores de 19 - Grupo 1 - Zona A,2022 2024,4,,,,falta,ninguna
35,San Carlos,San Carlos A,A,M19,Juveniles - Primera rueda - M 19 - Nivel 2 - Grupo II - Zona D | Juveniles - Segunda rueda - M 19 - Nivel 2 - Grupo II - Ganadores | Menores de 19 - Grupo 2 - Nivel 1 - Intermedia - Segunda Rueda | Menores de 19 - Grupo 2 - Zona D | Menores de 19 - Primera Rueda - G2 NIVEL 2 D | Menores de 19 - Segunda Rueda - G2 Nivel 2 Intermedia,2023 2025 2026,6,,,,falta,ninguna
35,San Carlos,San Carlos B,B,M19,Juveniles - Primera rueda - M 19 - Nivel 2 - Grupo II - Zona D Eq B | Juveniles - Segunda rueda - M 19 - Nivel 2 - Grupo II - Ganadores eq B | Menores de 19 - Grupo 2 - Nivel 1 - Intermedia - Equipos B - Segunda Rueda | Menores de 19 - Primera Rueda - G2 NIVEL 2 D Eq B | Menores de 19 - Segunda Rueda - G2 Nivel 2 Intermedia Eq B,2023 2025 2026,5,,,,falta,ninguna
18,San Cirano,San Cirano A,A,M19,Juveniles - Primera rueda - M 19 - Nivel 1 - Grupo II - Zona B | Juveniles - Primera rueda - M19 - Grupo II - Nivel 1 - Zona B | Juveniles - Segunda Rueda - M19 - Grupo ll - Nivel 1 - Ganadores | Juveniles - Segunda rueda - M 19 - Nivel 1 - Grupo II - Intermedia | Menores de 19 - Grupo 2 - Nivel 1 - Ganadores - Segunda rueda | Menores de 19 - Grupo 2 - Nivel 2 - Ganadores - Segunda Rueda | Menores de 19 - Grupo 2 - Zona A | Menores de 19 - Grupo 2 - Zona C - Equipos A | Menores de 19 - Primera Rueda - G2 NIVEL 1 B | Menores de 19 - Segunda Rueda - G2 Nivel 1 Intermedia,2022 2023 2024 2025 2026,10,san-cirano-m19-a,"San Cirano M19 ""A""",urba,existe,exacto
18,San Cirano,San Cirano B,B,M19,Juveniles - Primera rueda - M 19 - Nivel 1 - Grupo II - Zona B Eq B | Juveniles - Primera rueda - M19 - Grupo II - Nivel 1 - Zona B Equipos B | Juveniles - Segunda Rueda - M19 - Grupo ll - Nivel 1 - Ganadores Equipos B | Juveniles - Segunda rueda - M 19 - Nivel 1 - Grupo II - Intermedia eq B | Menores de 19 - Grupo 2 - Nivel 1 - Ganadores - Equipos B - Segunda rueda | Menores de 19 - Grupo 2 - Nivel 2 - Ganadores - Equipos B - Segunda Rueda | Menores de 19 - Grupo 2 - Zona A - Equipos B | Menores de 19 - Grupo 2 - Zona C - Equipos B | Menores de 19 - Primera Rueda - G2 NIVEL 1 B Eq B | Menores de 19 - Segunda Rueda - G2 Nivel 1 Intermedia Eq B,2022 2023 2024 2025 2026,10,san-cirano-m19-b,"San Cirano M19 ""B""",urba,existe,exacto
18,San Cirano,San Cirano C,C,M19,Juveniles - Primera rueda - M 19 - Formativa - Zona B | Juveniles - Segunda Rueda - M19 - Formativa A | Juveniles - Segunda rueda - M 19 - Formativa - Zona B | Menores de 19 - Primera Rueda - G1 Formativa B,2024 2025 2026,4,,,,falta,ninguna
32,San Fernando,San Fernando A,A,M19,Juveniles - Primera rueda - M 19 - Nivel 2 - Grupo II - Zona D | Juveniles - Primera rueda - M19 - Grupo II - Nivel 1 - Zona B | Juveniles - Segunda Rueda - M19 - Grupo ll - Nivel 2 - Ganadores | Juveniles - Segunda rueda - M 19 - Nivel 1 - Grupo II - Intermedia | Menores de 19 - Grupo 2 - Nivel 1 - Intermedia - Segunda Rueda | Menores de 19 - Grupo 2 - Nivel 2 - Ganadores - Segunda rueda | Menores de 19 - Grupo 2 - Zona C | Menores de 19 - Grupo 2 - Zona D - Equipos A | Menores de 19 - Primera Rueda - G2 NIVEL 2 C | Menores de 19 - Segunda Rueda - G2 Nivel 1 Intermedia,2022 2023 2024 2025 2026,10,,,,falta,ninguna
32,San Fernando,San Fernando B,B,M19,Juveniles - Primera rueda - M 19 - Nivel 2 - Grupo II - Zona D Eq B | Juveniles - Primera rueda - M19 - Grupo II - Nivel 1 - Zona B Equipos B | Juveniles - Segunda Rueda - M19 - Grupo ll - Nivel 2 - Ganadores Equipos B | Juveniles - Segunda rueda - M 19 - Nivel 1 - Grupo II - Intermedia eq B | Menores de 19 - Grupo 2 - Nivel 1 - Intermedia - Equipos B - Segunda Rueda | Menores de 19 - Grupo 2 - Nivel 2 - Ganadores - Equipos B - Segunda rueda | Menores de 19 - Grupo 2 - Zona C - Equipos B | Menores de 19 - Grupo 2 - Zona D - Equipos B | Menores de 19 - Primera Rueda - G2 NIVEL 2 C Eq B | Menores de 19 - Segunda Rueda - G2 Nivel 1 Intermedia Eq B,2022 2023 2024 2025 2026,10,,,,falta,ninguna
32,San Fernando,San Fernando C,C,M19,Juveniles - Primera rueda - M 19 - Formativa - Zona A | Juveniles - Segunda rueda - M 19 - Formativa - Zona B,2025,2,,,,falta,ninguna
5,San Luis,San Luis A,A,M19,Juveniles - Primera rueda - M 19 - Nivel 1 - Grupo II - Zona B | Juveniles - Primera rueda - M19 - Grupo II - Nivel 1 - Zona A | Juveniles - Segunda Rueda - M19 - Grupo ll - Nivel 1 - Intermedia | Juveniles - Segunda rueda - M 19 - Nivel 1 - Grupo II - Intermedia | Menores de 19 - Grupo 2 - Nivel 1 - Ganadores - Segunda Rueda | Menores de 19 - Grupo 2 - Nivel 1 - Ganadores - Segunda rueda | Menores de 19 - Grupo 2 - Zona A | Menores de 19 - Grupo 2 - Zona B - Equipos A | Menores de 19 - Primera Rueda - G2 NIVEL 1 B | Menores de 19 - Segunda Rueda - G2 Nivel 1 Ganadores,2022 2023 2024 2025 2026,10,san-luis-m19-a,"San Luis M19 ""A""",urba,existe,exacto
5,San Luis,San Luis B,B,M19,Juveniles - Primera rueda - M 19 - Nivel 1 - Grupo II - Zona B Eq B | Juveniles - Primera rueda - M19 - Grupo II - Nivel 1 - Zona A Equipos B | Juveniles - Segunda Rueda - M19 - Grupo ll - Nivel 1 - Intermedia Equipos B | Juveniles - Segunda rueda - M 19 - Nivel 1 - Grupo II - Intermedia eq B | Menores de 19 - Grupo 2 - Nivel 1 - Ganadores - Equipos B - Segunda Rueda | Menores de 19 - Grupo 2 - Nivel 1 - Ganadores - Equipos B - Segunda rueda | Menores de 19 - Grupo 2 - Zona A - Equipos B | Menores de 19 - Grupo 2 - Zona B - Equipos B | Menores de 19 - Primera Rueda - G2 NIVEL 1 B Eq B | Menores de 19 - Segunda Rueda - G2 Nivel 1 Ganadores Eq B,2022 2023 2024 2025 2026,10,san-luis-m19-b,"San Luis M19 ""B""",urba,existe,exacto
5,San Luis,San Luis C,C,M19,Juveniles - Primera rueda - M 19 - Formativa - Zona B | Juveniles - Primera rueda - M19 - Formativa A | Juveniles - Segunda Rueda - M19 - Formativa B | Juveniles - Segunda rueda - M 19 - Formativa - Zona B | Menores de 19 - Grupo 1 - Formativa A | Menores de 19 - Grupo 1 - Formativa A - Primera Rueda | Menores de 19 - Grupo 1 - Formativa A - Segunda Rueda | Menores de 19 - Grupo 1 - Formativa A - Segunda rueda | Menores de 19 - Primera Rueda - G1 Formativa B,2022 2023 2024 2025 2026,9,,,,falta,ninguna
57,San Marcos,San Marcos,,M19,Juveniles - Primera rueda - M 19 - Grupo I - Zona A | Juveniles - Primera rueda - M19 - Formativa C | Juveniles - Segunda Rueda - M19 - Formativa C | Juveniles - Segunda rueda - M 19 - Grupo I - Desarrollo | Menores de 19 - Grupo 1 - Desarrollo - Segunda Rueda | Menores de 19 - Grupo 1 - Desarrollo - Segunda rueda | Menores de 19 - Grupo 1 - Zona A | Menores de 19 - Grupo 1 - Zona C | Menores de 19 - Primera Rueda - G1 A,2022 2023 2024 2025 2026,9,,,,club_no_existe,ninguna
20,San Martin,San Martin A,A,M19,Juveniles - Primera rueda - M 19 - Nivel 1 - Grupo II - Zona A | Juveniles - Primera rueda - M19 - Grupo II - Nivel 2 - Zona C | Juveniles - Segunda Rueda - M19 - Grupo ll - Nivel 1 - Intermedia | Juveniles - Segunda rueda - M 19 - Nivel 1 - Grupo II - Ganadores | Menores de 19 - Grupo 2 - Nivel 2 - Desarrollo - Segunda Rueda | Menores de 19 - Grupo 2 - Nivel 2 - Ganadores - Segunda rueda | Menores de 19 - Grupo 2 - Zona B - Equipos A | Menores de 19 - Grupo 2 - Zona C | Menores de 19 - Primera Rueda - G2 NIVEL 1 B | Menores de 19 - Segunda Rueda - G2 Nivel 1 Intermedia,2022 2023 2024 2025 2026,10,san-martin-m19-a,"San Martín M19 ""A""",urba,existe,exacto
20,San Martin,San Martin B,B,M19,Juveniles - Primera rueda - M 19 - Nivel 1 - Grupo II - Zona A Eq B | Juveniles - Primera rueda - M19 - Grupo II - Nivel 2 - Zona C Equipos B | Juveniles - Segunda Rueda - M19 - Grupo ll - Nivel 1 - Intermedia Equipos B | Juveniles - Segunda rueda - M 19 - Nivel 1 - Grupo II - Ganadores eq B | Menores de 19 - Grupo 2 - Nivel 2 - Desarrollo - Equipos B - Segunda Rueda | Menores de 19 - Grupo 2 - Nivel 2 - Ganadores - Equipos B - Segunda rueda | Menores de 19 - Grupo 2 - Zona B - Equipos B | Menores de 19 - Grupo 2 - Zona C - Equipos B | Menores de 19 - Primera Rueda - G2 NIVEL 1 B Eq B | Menores de 19 - Segunda Rueda - G2 Nivel 1 Intermedia Eq B,2022 2023 2024 2025 2026,10,san-martin-m19-b,"San Martín M19 ""B""",urba,existe,exacto
20,San Martin,San Martin C,C,M19,Juveniles - Primera rueda - M 19 - Grupo II - Desarrollo | Juveniles - Primera rueda - M19 - Grupo I - Zona C | Juveniles - Segunda Rueda - M19 - Grupo l - Ganadores | Juveniles - Segunda rueda - M 19 - Grupo II - Desarrollo | Menores de 19 - Primera Rueda - G2 NIVEL 2 Desarrollo,2024 2025 2026,5,,,,falta,ninguna
20,San Martin,San Martin D,D,M19,Juveniles - Primera rueda - M 19 - Grupo II - Desarrollo Eq B | Juveniles - Segunda rueda - M 19 - Grupo II - Desarrollo eq B | Menores de 19 - Primera Rueda - G2 NIVEL 2 Desarrollo Eq B,2025 2026,3,,,,falta,ninguna
56,San Miguel,San Miguel,,M19,Juveniles - Primera rueda - M 19 - Formativa - Zona C | Juveniles - Segunda rueda - M 19 - Formativa - Zona C | Menores de 19 - Grupo 1 - Formativa B - Segunda rueda | Menores de 19 - Grupo 1 - Formativa C | Menores de 19 - Grupo 1 - Formativa C - Segunda Rueda | Menores de 19 - Primera Rueda - G1 Formativa C,2022 2023 2025 2026,6,,,,falta,ninguna
21,San Patricio,San Patricio A,A,M19,Juveniles - Primera rueda - M 19 - Nivel 2 - Grupo II - Zona D | Juveniles - Primera rueda - M19 - Grupo II - Nivel 2 - Zona D | Juveniles - Segunda Rueda - M19 - Grupo ll - Nivel 2 - Desarrollo | Juveniles - Segunda rueda - M 19 - Nivel 1 - Grupo II - Intermedia | Menores de 19 - Grupo 2 - Intermedia - Segunda rueda | Menores de 19 - Grupo 2 - Nivel 1 - Intermedia - Segunda Rueda | Menores de 19 - Grupo 2 - Zona C - Equipos A | Menores de 19 - Grupo 2 - Zona D | Menores de 19 - Primera Rueda - G2 NIVEL 2 C | Menores de 19 - Segunda Rueda - G2 Nivel 2 Ganadores,2022 2023 2024 2025 2026,10,,,,falta,ninguna
21,San Patricio,San Patricio B,B,M19,Juveniles - Primera rueda - M 19 - Nivel 2 - Grupo II - Zona D Eq B | Juveniles - Primera rueda - M19 - Grupo II - Nivel 2 - Zona D Equipos B | Juveniles - Segunda Rueda - M19 - Grupo ll - Nivel 2 - Desarrollo Equipos B | Juveniles - Segunda rueda - M 19 - Nivel 1 - Grupo II - Intermedia eq B | Menores de 19 - Grupo 2 - Intermedia - Equipos B - Segunda rueda | Menores de 19 - Grupo 2 - Nivel 1 - Intermedia - Equipos B - Segunda Rueda | Menores de 19 - Grupo 2 - Zona C - Equipos B | Menores de 19 - Primera Rueda - G2 NIVEL 2 C Eq B | Menores de 19 - Segunda Rueda - G2 Nivel 2 Ganadores Eq B,2022 2023 2024 2025 2026,9,,,,falta,ninguna
1,SIC,SIC A,A,M19,Juveniles - Primera rueda - M 19 - Nivel 1 - Grupo II - Zona B | Juveniles - Primera rueda - M19 - Grupo II - Nivel 1 - Zona A | Juveniles - Segunda Rueda - M19 - Grupo ll - Nivel 1 - Ganadores | Juveniles - Segunda rueda - M 19 - Nivel 1 - Grupo II - Ganadores | Menores de 19 - Grupo 2 - Nivel 1 - Ganadores - Segunda Rueda | Menores de 19 - Grupo 2 - Nivel 1 - Ganadores - Segunda rueda | Menores de 19 - Grupo 2 - Zona A | Menores de 19 - Grupo 2 - Zona A - Equipos A | Menores de 19 - Primera Rueda - G2 NIVEL 1 B | Menores de 19 - Segunda Rueda - G2 Nivel 1 Ganadores,2022 2023 2024 2025 2026,10,sic-m19-a,"SIC M19 ""A""",urba,existe,exacto
1,SIC,SIC B,B,M19,Juveniles - Primera rueda - M 19 - Nivel 1 - Grupo II - Zona B Eq B | Juveniles - Primera rueda - M19 - Grupo II - Nivel 1 - Zona A Equipos B | Juveniles - Segunda Rueda - M19 - Grupo ll - Nivel 1 - Ganadores Equipos B | Juveniles - Segunda rueda - M 19 - Nivel 1 - Grupo II - Ganadores eq B | Menores de 19 - Grupo 2 - Nivel 1 - Ganadores - Equipos B - Segunda rueda | Menores de 19 - Grupo 2 - Nivel 2 - Ganadores - Segunda Rueda | Menores de 19 - Grupo 2 - Zona A - Equipos B | Menores de 19 - Primera Rueda - G2 NIVEL 1 B Eq B | Menores de 19 - Segunda Rueda - G2 Nivel 1 Ganadores Eq B,2022 2023 2024 2025 2026,10,sic-m19-b,"SIC M19 ""B""",urba,existe,exacto
1,SIC,SIC C,C,M19,Juveniles - Primera rueda - M 19 - Nivel 2 - Grupo II - Zona C | Juveniles - Primera rueda - M19 - Grupo II - Nivel 2 - Zona C | Juveniles - Segunda Rueda - M19 - Grupo ll - Nivel 2 - Ganadores | Juveniles - Segunda rueda - M 19 - Nivel 1 - Grupo II - Intermedia | Menores de 19 - Grupo 1 - Ganadores - Segunda rueda | Menores de 19 - Grupo 1 - Zona A | Menores de 19 - Grupo 1 - Zona C | Menores de 19 - Grupo 2 - Nivel 1 - Ganadores - Equipos B - Segunda Rueda | Menores de 19 - Primera Rueda - G2 NIVEL 2 Desarrollo,2022 2023 2024 2025 2026,9,,,,falta,ninguna
1,SIC,SIC D,D,M19,Juveniles - Primera rueda - M 19 - Grupo II - Desarrollo | Juveniles - Primera rueda - M19 - Grupo I - Zona B | Juveniles - Segunda Rueda - M19 - Grupo l - Ganadores | Juveniles - Segunda rueda - M 19 - Nivel 1 - Grupo II - Intermedia eq B | Menores de 19 - Grupo 1 - Formativa A - Primera Rueda | Menores de 19 - Grupo 1 - Formativa A - Segunda rueda | Menores de 19 - Grupo 1 - Ganadores - Segunda Rueda | Menores de 19 - Grupo 1 - Zona A | Menores de 19 - Grupo 2 - Nivel 2 - Ganadores - Equipos B - Segunda Rueda | Menores de 19 - Primera Rueda - G2 NIVEL 2 Desarrollo Eq B,2022 2023 2024 2025 2026,10,,,,falta,ninguna
1,SIC,SIC E,E,M19,Juveniles - Primera rueda - M 19 - Nivel 2 - Grupo II - Zona C Eq B | Juveniles - Primera rueda - M19 - Grupo II - Nivel 2 - Zona C Equipos B | Juveniles - Segunda Rueda - M19 - Grupo ll - Nivel 2 - Ganadores Equipos B | Juveniles - Segunda rueda - M 19 - Grupo II - Desarrollo | Menores de 19 - Grupo 1 - Formativa A | Menores de 19 - Primera Rueda - G1 B,2023 2024 2025 2026,6,,,,falta,ninguna
1,SIC,SIC F,F,M19,Juveniles - Primera rueda - M 19 - Grupo II - Desarrollo Eq B | Juveniles - Primera rueda - M19 - Formativa A | Juveniles - Segunda Rueda - M19 - Formativa A | Juveniles - Segunda rueda - M 19 - Grupo II - Desarrollo eq B | Menores de 19 - Grupo 1 - Formativa A | Menores de 19 - Grupo 1 - Formativa A - Segunda Rueda | Menores de 19 - Primera Rueda - G1 Formativa A,2023 2024 2025 2026,7,,,,falta,ninguna
1,SIC,SIC G,G,M19,Juveniles - Primera rueda - M 19 - Formativa - Zona C | Juveniles - Primera rueda - M19 - Formativa B | Juveniles - Segunda Rueda - M19 - Formativa B | Juveniles - Segunda rueda - M 19 - Formativa - Zona A | Menores de 19 - Primera Rueda - G1 Formativa B,2024 2025 2026,5,,,,falta,ninguna
43,SITAS,SITAS A,A,M19,Juveniles - Primera rueda - M 19 - Nivel 2 - Grupo II - Zona C | Juveniles - Primera rueda - M19 - Grupo II - Nivel 2 - Zona C | Juveniles - Segunda Rueda - M19 - Grupo ll - Nivel 2 - Desarrollo | Juveniles - Segunda rueda - M 19 - Nivel 2 - Grupo II - Ganadores | Menores de 19 - Grupo 2 - Intermedia - Segunda rueda | Menores de 19 - Grupo 2 - Nivel 2 - Desarrollo - Segunda Rueda | Menores de 19 - Grupo 2 - Zona C | Menores de 19 - Grupo 2 - Zona D - Equipos A | Menores de 19 - Primera Rueda - G2 NIVEL 2 C | Menores de 19 - Segunda Rueda - G2 Nivel 2 Intermedia,2022 2023 2024 2025 2026,10,,,,falta,ninguna
43,SITAS,SITAS B,B,M19,Juveniles - Primera rueda - M 19 - Nivel 2 - Grupo II - Zona C Eq B | Juveniles - Primera rueda - M19 - Grupo II - Nivel 2 - Zona C Equipos B | Juveniles - Segunda Rueda - M19 - Grupo ll - Nivel 2 - Desarrollo Equipos B | Juveniles - Segunda rueda - M 19 - Nivel 2 - Grupo II - Ganadores eq B | Menores de 19 - Grupo 2 - Intermedia - Equipos B - Segunda rueda | Menores de 19 - Grupo 2 - Nivel 2 - Desarrollo - Equipos B - Segunda Rueda | Menores de 19 - Grupo 2 - Zona C - Equipos B | Menores de 19 - Grupo 2 - Zona D - Equipos B | Menores de 19 - Primera Rueda - G2 NIVEL 2 C Eq B | Menores de 19 - Segunda Rueda - G2 Nivel 2 Intermedia Eq B,2022 2023 2024 2025 2026,10,,,,falta,ninguna
81,Sociedad Hebraica,Sociedad Hebraica,,M19,Juveniles - Primera rueda - M19 - Formativa C | Juveniles - Segunda Rueda - M19 - Formativa C,2024,2,,,,club_no_existe,ninguna
58,St. Brendans,St. Brendans,,M19,Juveniles - Primera rueda - M 19 - Formativa - Zona C | Juveniles - Primera rueda - M19 - Formativa C | Juveniles - Segunda Rueda - M19 - Formativa C | Juveniles - Segunda rueda - M 19 - Formativa - Zona C | Menores de 19 - Grupo 1 - Formativa C | Menores de 19 - Grupo 1 - Formativa C - Segunda Rueda | Menores de 19 - Grupo 1 - Ganadores - Segunda rueda | Menores de 19 - Grupo 1 - Zona A,2022 2023 2024 2025,8,,,,falta,ninguna
72,Tigre,Tigre,,M19,Juveniles - Primera rueda - M 19 - Grupo I - Zona A | Juveniles - Primera rueda - M19 - Grupo I - Zona A | Juveniles - Segunda Rueda - M19 - Grupo l - Ganadores | Juveniles - Segunda rueda - M 19 - Grupo I - Desarrollo | Menores de 19 - Grupo 1 - Intermedia - Segunda Rueda | Menores de 19 - Grupo 1 - Intermedia - Segunda rueda | Menores de 19 - Grupo 1 - Zona A,2022 2023 2024 2025,8,,,,club_no_existe,ninguna
72,Tigre,Tigre A,A,M19,Menores de 19 - Primera Rueda - G2 NIVEL 2 C | Menores de 19 - Segunda Rueda - G2 Nivel 2 Intermedia,2026,2,,,,club_no_existe,ninguna
72,Tigre,Tigre B,B,M19,Menores de 19 - Primera Rueda - G2 NIVEL 2 C Eq B | Menores de 19 - Segunda Rueda - G2 Nivel 2 Intermedia Eq B,2026,2,,,,club_no_existe,ninguna
69,Tiro Federal de Baradero,Tiro Federal de Baradero,,M19,Menores de 19 - Grupo 1 - Desarrollo - Segunda Rueda | Menores de 19 - Grupo 1 - Formativa C | Menores de 19 - Primera Rueda - G1 Formativa C,2023 2026,3,,,,falta,ninguna
62,Tiro Federal de San Pedro,Tiro Federal de San Pedro,,M19,Juveniles - Primera rueda - M 19 - Formativa - Zona C | Juveniles - Primera rueda - M19 - Formativa C | Juveniles - Segunda Rueda - M19 - Formativa C | Juveniles - Segunda rueda - M 19 - Grupo I - Desarrollo | Menores de 19 - Grupo 1 - Desarrollo - Segunda rueda | Menores de 19 - Grupo 1 - Formativa B - Primera Rueda | Menores de 19 - Grupo 1 - Ganadores - Segunda Rueda | Menores de 19 - Grupo 1 - Zona A | Menores de 19 - Primera Rueda - G1 B,2022 2023 2024 2025 2026,9,,,,club_no_existe,ninguna
29,Universitario de la Plata,Universitario de La Plata A,A,M19,Juveniles - Primera rueda - M 19 - Nivel 1 - Grupo II - Zona B | Juveniles - Primera rueda - M19 - Grupo II - Nivel 2 - Zona D | Juveniles - Segunda Rueda - M19 - Grupo ll - Nivel 2 - Ganadores | Juveniles - Segunda rueda - M 19 - Nivel 2 - Grupo II - Ganadores | Menores de 19 - Grupo 2 - Desarrollo - Segunda rueda | Menores de 19 - Grupo 2 - Nivel 2 - Ganadores - Segunda Rueda | Menores de 19 - Grupo 2 - Zona C | Menores de 19 - Grupo 2 - Zona C - Equipos A | Menores de 19 - Primera Rueda - G2 NIVEL 2 C | Menores de 19 - Segunda Rueda - G2 Nivel 2 Intermedia,2022 2023 2024 2025 2026,10,,,,falta,ninguna
29,Universitario de la Plata,Universitario de La Plata B,B,M19,Juveniles - Primera rueda - M 19 - Nivel 1 - Grupo II - Zona B Eq B | Juveniles - Primera rueda - M19 - Grupo II - Nivel 2 - Zona D Equipos B | Juveniles - Segunda Rueda - M19 - Grupo ll - Nivel 2 - Ganadores Equipos B | Juveniles - Segunda rueda - M 19 - Nivel 2 - Grupo II - Ganadores eq B | Menores de 19 - Grupo 2 - Desarrollo - Equipos B - Segunda rueda | Menores de 19 - Grupo 2 - Nivel 2 - Ganadores - Equipos B - Segunda Rueda | Menores de 19 - Grupo 2 - Zona C - Equipos B | Menores de 19 - Primera Rueda - G2 NIVEL 2 C Eq B | Menores de 19 - Segunda Rueda - G2 Nivel 2 Intermedia Eq B,2022 2023 2024 2025 2026,10,,,,falta,ninguna
29,Universitario de la Plata,Univ. De la Plata C,C,M19,Juveniles - Primera rueda - M 19 - Formativa - Zona B,2025,1,,,,falta,ninguna
68,Varela Jr.,Varela Jr.,,M19,Juveniles - Primera rueda - M 19 - Grupo I - Zona A | Juveniles - Primera rueda - M19 - Grupo I - Zona B | Juveniles - Segunda Rueda - M19 - Grupo l - Intermedia | Juveniles - Segunda rueda - M 19 - Grupo I - Ganadores | Menores de 19 - Grupo 1 - Desarrollo - Segunda Rueda | Menores de 19 - Grupo 1 - Intermedia - Segunda rueda | Menores de 19 - Grupo 1 - Zona A | Menores de 19 - Grupo 1 - Zona B,2022 2023 2024 2025,8,,,,club_no_existe,ninguna
77,Vicente Lopez,Vicente Lopez,,M19,Menores de 19 - Grupo 1 - Formativa B - Primera Rueda | Menores de 19 - Grupo 1 - Formativa B - Segunda rueda | Menores de 19 - Grupo 1 - Formativa C | Menores de 19 - Grupo 1 - Formativa C - Segunda Rueda,2022 2023,4,,,,club_no_existe,ninguna
45,Vicentinos,Vicentinos ,,M19,Juveniles - Segunda rueda - M 19 - Grupo I - Ganadores | Menores de 19 - Primera Rueda - G1 B,2025 2026,2,,,,falta,ninguna
45,Vicentinos,Vicentinos A,A,M19,Juveniles - Primera rueda - M 19 - Nivel 2 - Grupo II - Zona C | Juveniles - Primera rueda - M19 - Grupo II - Nivel 2 - Zona C | Juveniles - Segunda Rueda - M19 - Grupo ll - Nivel 2 - Desarrollo | Menores de 19 - Grupo 2 - Desarrollo - Segunda rueda | Menores de 19 - Grupo 2 - Nivel 2 - Desarrollo - Segunda Rueda | Menores de 19 - Grupo 2 - Zona C | Menores de 19 - Grupo 2 - Zona D - Equipos A,2022 2023 2024 2025,7,,,,falta,ninguna
45,Vicentinos,Vicentinos B,B,M19,Juveniles - Primera rueda - M 19 - Nivel 2 - Grupo II - Zona C Eq B | Juveniles - Primera rueda - M19 - Grupo II - Nivel 2 - Zona C Equipos B | Juveniles - Segunda Rueda - M19 - Grupo ll - Nivel 2 - Desarrollo Equipos B | Menores de 19 - Grupo 2 - Desarrollo - Equipos B - Segunda rueda | Menores de 19 - Grupo 2 - Nivel 2 - Desarrollo - Equipos B - Segunda Rueda | Menores de 19 - Grupo 2 - Zona C - Equipos B | Menores de 19 - Grupo 2 - Zona D - Equipos B,2022 2023 2024 2025,7,,,,falta,ninguna
55,Virreyes,Virreyes,,M19,Juveniles - Primera rueda - M 19 - Grupo I - Zona B | Juveniles - Primera rueda - M19 - Grupo I - Zona C | Juveniles - Segunda Rueda - M19 - Grupo l - Intermedia | Juveniles - Segunda rueda - M 19 - Grupo I - Ganadores | Menores de 19 - Grupo 1 - Desarrollo - Segunda rueda | Menores de 19 - Grupo 1 - Ganadores - Segunda Rueda | Menores de 19 - Grupo 1 - Zona A | Menores de 19 - Grupo 1 - Zona B | Menores de 19 - Primera Rueda - G1 B,2022 2023 2024 2025 2026,9,,,,falta,ninguna
12,Alumni,Alumni,,M20,Menores de 20 - Grupo 1 - Zona A - Segunda Rueda | Menores de 20 - Grupo 1 - Zona B,2021,2,,,,falta,ninguna
46,Areco,Areco,,M20,Menores de 20 - Grupo 1 - Zona A - Segunda Rueda | Menores de 20 - Grupo 1 - Zona B,2021,2,,,,falta,ninguna
53,Argentino,Argentino,,M20,Menores de 20 - Grupo 1 - Zona A - Segunda Rueda | Menores de 20 - Grupo 1 - Zona C,2021,2,,,,falta,ninguna
40,Banco Nacion,Banco Nacion,,M20,Menores de 20 - Grupo 1 - Zona B,2021,1,,,,falta,ninguna
7,Belgrano Athletic,Belgrano Athletic A,A,M20,Menores de 20 - Grupo 2 - Zona B - Primera Rueda | Menores de 20 - Grupo 2 - Zona B - Segunda Rueda,2021,2,,,,falta,ninguna
7,Belgrano Athletic,Belgrano Athletic B,B,M20,Menores de 20 - Grupo 2 - Zona B - Equipos B - Primera Rueda | Menores de 20 - Grupo 2 - Zona B - Equipos B - Segunda Rueda,2021,2,,,,falta,ninguna
7,Belgrano Athletic,Belgrano Athletic C,C,M20,Menores de 20 - Grupo 1 - Zona B,2021,1,,,,falta,ninguna
8,Buenos Aires CRC,Buenos Aires A,A,M20,Menores de 20 - Grupo 2 - Zona C - Primera Rueda | Menores de 20 - Grupo 2 - Zona C - Segunda Rueda,2021,2,,,,falta,ninguna
8,Buenos Aires CRC,Buenos Aires B,B,M20,Menores de 20 - Grupo 2 - Zona C - Equipos B - Primera Rueda | Menores de 20 - Grupo 2 - Zona C - Equipos B - Segunda Rueda,2021,2,,,,falta,ninguna
27,C.U. de Quilmes,C.U. de Quilmes A,A,M20,Menores de 20 - Grupo 2 - Zona A - Primera Rueda | Menores de 20 - Grupo 2 - Zona C - Segunda Rueda,2021,2,,,,falta,ninguna
27,C.U. de Quilmes,C.U. de Quilmes B,B,M20,Menores de 20 - Grupo 2 - Zona A - Equipos B - Primera Rueda | Menores de 20 - Grupo 2 - Zona C - Equipos B - Segunda Rueda,2021,2,,,,falta,ninguna
49,CASA de Padua,CASA de Padua,,M20,Menores de 20 - Grupo 1 - Zona A - Primera Rueda | Menores de 20 - Grupo 1 - Zona A - Segunda Rueda,2021,2,,,,falta,ninguna
3,CASI,CASI A,A,M20,Menores de 20 - Grupo 2 - Zona A - Segunda Rueda | Menores de 20 - Grupo 2 - Zona C - Primera Rueda,2021,2,,,,falta,ninguna
3,CASI,CASI B,B,M20,Menores de 20 - Grupo 2 - Zona A - Equipos B - Segunda Rueda | Menores de 20 - Grupo 2 - Zona C - Equipos B - Primera Rueda,2021,2,,,,falta,ninguna
42,Centro Naval,Centro Naval,,M20,Menores de 20 - Grupo 1 - Zona A - Primera Rueda | Menores de 20 - Grupo 1 - Zona A - Segunda Rueda,2021,2,,,,falta,ninguna
11,Champagnat,Champagnat A,A,M20,Menores de 20 - Grupo 2 - Zona A - Segunda Rueda | Menores de 20 - Grupo 2 - Zona B - Primera Rueda,2021,2,,,,falta,ninguna
11,Champagnat,Champagnat B,B,M20,Menores de 20 - Grupo 2 - Zona A - Equipos B - Segunda Rueda | Menores de 20 - Grupo 2 - Zona B - Equipos B - Primera Rueda,2021,2,,,,falta,ninguna
2,CUBA,CUBA A,A,M20,Menores de 20 - Grupo 2 - Zona A - Segunda Rueda | Menores de 20 - Grupo 2 - Zona B - Primera Rueda,2021,2,,,,falta,ninguna
2,CUBA,CUBA B,B,M20,Menores de 20 - Grupo 2 - Zona A - Equipos B - Segunda Rueda | Menores de 20 - Grupo 2 - Zona B - Equipos B - Primera Rueda,2021,2,,,,falta,ninguna
2,CUBA,CUBA C,C,M20,Menores de 20 - Grupo 1 - Zona A - Primera Rueda | Menores de 20 - Grupo 1 - Zona A - Segunda Rueda,2021,2,,,,falta,ninguna
24,Curupayti,Curupayti A,A,M20,Menores de 20 - Grupo 2 - Zona A - Primera Rueda | Menores de 20 - Grupo 2 - Zona C - Segunda Rueda,2021,2,,,,falta,ninguna
24,Curupayti,Curupayti B,B,M20,Menores de 20 - Grupo 2 - Zona A - Equipos B - Primera Rueda | Menores de 20 - Grupo 2 - Zona C - Equipos B - Segunda Rueda,2021,2,,,,falta,ninguna
84,Defensores de Glew,Defensores de Glew,,M20,Menores de 20 - Grupo 1 - Zona C,2021,1,,,,club_no_existe,ninguna
17,Deportiva Francesa,Deportiva Francesa A,A,M20,Menores de 20 - Grupo 2 - Zona C - Primera Rueda | Menores de 20 - Grupo 2 - Zona C - Segunda Rueda,2021,2,,,,falta,ninguna
17,Deportiva Francesa,Deportiva Francesa B,B,M20,Menores de 20 - Grupo 2 - Zona C - Equipos B - Primera Rueda | Menores de 20 - Grupo 2 - Zona C - Equipos B - Segunda Rueda,2021,2,,,,falta,ninguna
30,Gimnasia y Esgrima,Gimnasia y Esgrima bs. As A,A,M20,Menores de 20 - Grupo 2 - Zona A - Primera Rueda | Menores de 20 - Grupo 2 - Zona A - Segunda Rueda,2021,2,,,,falta,ninguna
30,Gimnasia y Esgrima,Gimnasia y Esgrima bs. As B,B,M20,Menores de 20 - Grupo 2 - Zona A - Equipos B - Primera Rueda | Menores de 20 - Grupo 2 - Zona A - Equipos B - Segunda Rueda,2021,2,,,,falta,ninguna
6,Hindú,Hindu A,A,M20,Menores de 20 - Grupo 2 - Zona A - Segunda Rueda | Menores de 20 - Grupo 2 - Zona C - Primera Rueda,2021,2,,,,falta,ninguna
6,Hindú,Hindu B,B,M20,Menores de 20 - Grupo 2 - Zona A - Equipos B - Segunda Rueda | Menores de 20 - Grupo 2 - Zona C - Equipos B - Primera Rueda,2021,2,,,,falta,ninguna
13,La Plata,La Plata A,A,M20,Menores de 20 - Grupo 2 - Zona B - Segunda Rueda | Menores de 20 - Grupo 2 - Zona C - Primera Rueda,2021,2,,,,falta,ninguna
13,La Plata,La Plata B,B,M20,Menores de 20 - Grupo 2 - Zona B - Equipos B - Segunda Rueda | Menores de 20 - Grupo 2 - Zona C - Equipos B - Primera Rueda,2021,2,,,,falta,ninguna
51,Lanus,Lanus,,M20,Menores de 20 - Grupo 1 - Zona C,2021,1,,,,falta,ninguna
36,Liceo Militar,Liceo Militar,,M20,Menores de 20 - Grupo 1 - Zona A - Primera Rueda | Menores de 20 - Grupo 1 - Zona A - Segunda Rueda,2021,2,,,,falta,ninguna
38,Liceo Naval,Liceo Naval A,A,M20,Menores de 20 - Grupo 2 - Zona A - Primera Rueda | Menores de 20 - Grupo 2 - Zona A - Segunda Rueda,2021,2,,,,falta,ninguna
38,Liceo Naval,Liceo Naval B,B,M20,Menores de 20 - Grupo 2 - Zona A - Equipos B - Primera Rueda | Menores de 20 - Grupo 2 - Zona A - Equipos B - Segunda Rueda,2021,2,,,,falta,ninguna
23,Los Matreros,Los Matreros A,A,M20,Menores de 20 - Grupo 2 - Zona A - Primera Rueda | Menores de 20 - Grupo 2 - Zona A - Segunda Rueda,2021,2,,,,falta,ninguna
23,Los Matreros,Los Matreros B,B,M20,Menores de 20 - Grupo 2 - Zona A - Equipos B - Primera Rueda | Menores de 20 - Grupo 2 - Zona A - Equipos B - Segunda Rueda,2021,2,,,,falta,ninguna
39,Mariano Moreno,Mariano Moreno A,A,M20,Menores de 20 - Grupo 2 - Zona A - Primera Rueda | Menores de 20 - Grupo 2 - Zona B - Segunda Rueda,2021,2,,,,falta,ninguna
39,Mariano Moreno,Mariano Moreno B,B,M20,Menores de 20 - Grupo 2 - Zona A - Equipos B - Primera Rueda | Menores de 20 - Grupo 2 - Zona B - Equipos B - Segunda Rueda,2021,2,,,,falta,ninguna
9,Newman,Newman A,A,M20,Menores de 20 - Grupo 2 - Zona B - Primera Rueda | Menores de 20 - Grupo 2 - Zona B - Segunda Rueda,2021,2,,,,falta,ninguna
9,Newman,Newman B,B,M20,Menores de 20 - Grupo 2 - Zona B - Equipos B - Primera Rueda | Menores de 20 - Grupo 2 - Zona B - Equipos B - Segunda Rueda,2021,2,,,,falta,ninguna
66,Old Georgian,Old Georgian,,M20,Menores de 20 - Grupo 1 - Zona A - Segunda Rueda | Menores de 20 - Grupo 1 - Zona C,2021,2,,,,club_no_existe,ninguna
22,Olivos,Olivos,,M20,Menores de 20 - Grupo 1 - Zona A - Primera Rueda | Menores de 20 - Grupo 1 - Zona A - Segunda Rueda,2021,2,,,,falta,ninguna
16,Pucara,Pucara A,A,M20,Menores de 20 - Grupo 2 - Zona B - Primera Rueda | Menores de 20 - Grupo 2 - Zona B - Segunda Rueda,2021,2,,,,falta,ninguna
16,Pucara,Pucara B,B,M20,Menores de 20 - Grupo 2 - Zona B - Equipos B - Primera Rueda | Menores de 20 - Grupo 2 - Zona B - Equipos B - Segunda Rueda,2021,2,,,,falta,ninguna
16,Pucara,Pucara C,C,M20,Menores de 20 - Grupo 1 - Zona A - Segunda Rueda | Menores de 20 - Grupo 1 - Zona C,2021,2,,,,falta,ninguna
4,Regatas Bella Vista,Regatas Bella Vista,,M20,Menores de 20 - Grupo 1 - Zona B,2021,1,,,,falta,ninguna
4,Regatas Bella Vista,Regatas Bella Vista B,B,M20,Menores de 20 - Grupo 2 - Zona C - Equipos B - Segunda Rueda | Menores de 20 - Grupo 2 - Zona C - Segunda Rueda,2021,2,,,,falta,ninguna
14,San Albano,San Andres A,A,M20,Menores de 20 - Grupo 2 - Zona B - Primera Rueda | Menores de 20 - Grupo 2 - Zona B - Segunda Rueda,2021,2,,,,falta,ninguna
14,San Albano,San Andres B,B,M20,Menores de 20 - Grupo 2 - Zona B - Equipos B - Primera Rueda | Menores de 20 - Grupo 2 - Zona B - Equipos B - Segunda Rueda,2021,2,,,,falta,ninguna
35,San Carlos,San Carlos A,A,M20,Menores de 20 - Grupo 2 - Zona B - Primera Rueda | Menores de 20 - Grupo 2 - Zona C - Segunda Rueda,2021,2,,,,falta,ninguna
35,San Carlos,San Carlos B,B,M20,Menores de 20 - Grupo 2 - Zona B - Equipos B - Primera Rueda | Menores de 20 - Grupo 2 - Zona C - Equipos B - Segunda Rueda,2021,2,,,,falta,ninguna
18,San Cirano,San Cirano A,A,M20,Menores de 20 - Grupo 2 - Zona A - Primera Rueda | Menores de 20 - Grupo 2 - Zona B - Segunda Rueda,2021,2,,,,falta,ninguna
18,San Cirano,San Cirano B,B,M20,Menores de 20 - Grupo 2 - Zona A - Equipos B - Primera Rueda | Menores de 20 - Grupo 2 - Zona B - Equipos B - Segunda Rueda,2021,2,,,,falta,ninguna
5,San Luis,San Luis A,A,M20,Menores de 20 - Grupo 2 - Zona B - Primera Rueda | Menores de 20 - Grupo 2 - Zona B - Segunda Rueda,2021,2,,,,falta,ninguna
5,San Luis,San Luis B,B,M20,Menores de 20 - Grupo 2 - Zona B - Equipos B - Primera Rueda | Menores de 20 - Grupo 2 - Zona B - Equipos B - Segunda Rueda,2021,2,,,,falta,ninguna
20,San Martin,San Martin A,A,M20,Menores de 20 - Grupo 2 - Zona A - Primera Rueda | Menores de 20 - Grupo 2 - Zona C - Segunda Rueda,2021,2,,,,falta,ninguna
20,San Martin,San Martin B,B,M20,Menores de 20 - Grupo 2 - Zona A - Equipos B - Primera Rueda | Menores de 20 - Grupo 2 - Zona C - Equipos B - Segunda Rueda,2021,2,,,,falta,ninguna
1,SIC,SIC A,A,M20,Menores de 20 - Grupo 2 - Zona A - Segunda Rueda | Menores de 20 - Grupo 2 - Zona C - Primera Rueda,2021,2,,,,falta,ninguna
1,SIC,SIC B,B,M20,Menores de 20 - Grupo 2 - Zona C - Primera Rueda | Menores de 20 - Grupo 2 - Zona C - Segunda Rueda,2021,2,,,,falta,ninguna
1,SIC,SIC C,C,M20,Menores de 20 - Grupo 2 - Zona A - Equipos B - Segunda Rueda | Menores de 20 - Grupo 2 - Zona C - Equipos B - Primera Rueda,2021,2,,,,falta,ninguna
1,SIC,SIC D,D,M20,Menores de 20 - Grupo 2 - Zona C - Equipos B - Primera Rueda | Menores de 20 - Grupo 2 - Zona C - Equipos B - Segunda Rueda,2021,2,,,,falta,ninguna
1,SIC,SIC E,E,M20,Menores de 20 - Grupo 1 - Zona B,2021,1,,,,falta,ninguna
58,St. Brendans,St. Brendans,,M20,Menores de 20 - Grupo 1 - Zona A - Primera Rueda | Menores de 20 - Grupo 1 - Zona A - Segunda Rueda,2021,2,,,,falta,ninguna
55,Virreyes,Virreyes,,M20,Menores de 20 - Grupo 1 - Zona A - Primera Rueda,2021,1,,,,falta,ninguna
12,Alumni,Alumni,,M22,TOP 12 - Menores de 22 | TOP 14 - Menores de 22,2024 2025 2026,3,,,,falta,ninguna
7,Belgrano Athletic,Belgrano Athletic,,M22,TOP 12 - Menores de 22 | TOP 14 - Menores de 22,2024 2025 2026,3,,,,falta,ninguna
7,Belgrano Athletic,Belgrano Athletic B,B,M22,TOP 14 - Menores de 22,2026,1,,,,falta,ninguna
8,Buenos Aires CRC,Buenos Aires ,,M22,TOP 12 - Menores de 22 | TOP 14 - Menores de 22,2025 2026,2,,,,falta,ninguna
3,CASI,CASI,,M22,TOP 12 - Menores de 22 | TOP 14 - Menores de 22,2024 2025 2026,3,,,,falta,ninguna
11,Champagnat,Champagnat ,,M22,TOP 12 - Menores de 22 | TOP 14 - Menores de 22,2024 2026,2,,,,falta,ninguna
2,CUBA,CUBA,,M22,TOP 12 - Menores de 22 | TOP 14 - Menores de 22,2024 2025 2026,3,,,,falta,ninguna
6,Hindú,Hindu,,M22,TOP 12 - Menores de 22 | TOP 14 - Menores de 22,2024 2025 2026,3,,,,falta,ninguna
13,La Plata,La Plata,,M22,TOP 12 - Menores de 22 | TOP 14 - Menores de 22,2024 2025 2026,3,,,,falta,ninguna
26,Los Tilos,Los Tilos,,M22,TOP 12 - Menores de 22 | TOP 14 - Menores de 22,2024 2025 2026,3,,,,falta,ninguna
9,Newman,Newman,,M22,TOP 12 - Menores de 22 | TOP 14 - Menores de 22,2024 2025 2026,3,,,,falta,ninguna
16,Pucara,Pucara ,,M22,TOP 12 - Menores de 22,2024,1,,,,falta,ninguna
4,Regatas Bella Vista,Regatas Bella Vista,,M22,TOP 12 - Menores de 22 | TOP 14 - Menores de 22,2025 2026,2,,,,falta,ninguna
1,SIC,SIC,,M22,TOP 12 - Menores de 22 | TOP 14 - Menores de 22,2024 2025 2026,3,,,,falta,ninguna
1,SIC,SIC B,B,M22,TOP 12 - Menores de 22 | TOP 14 - Menores de 22,2024 2025 2026,3,,,,falta,ninguna
61,Albatros,Albatros,,mayores,SEGUNDA - Superior | Segunda | Segunda - Superior | Tercera - Superior,2021 2022 2023 2024 2025 2026,6,,,,club_no_existe,ninguna
74,Almafuerte,Almafuerte,,mayores,Desarrollo - Superior | Desarrollo - Superior - Clasificación | Desarrollo - Superior - Torneo final A | TERCERA - Superior | Tercera - Superior,2021 2022 2023 2024 2025 2026,7,,,,club_no_existe,ninguna
12,Alumni,Alumni,,mayores,TOP 12 - Superior | TOP 14 - Superior | Top 12 - Superior | Top 12 - Superior - Zona A - Segunda Rueda | Top 13 - Superior - Clasificación,2021 2022 2023 2024 2025 2026,7,asoc-alumni,Asoc. Alumni,urba,existe,exacto
46,Areco,Areco,,mayores,PRIMERA C - Superior | Primera C - Superior,2021 2022 2023 2024 2025 2026,6,club-areco,Club Areco,urba,existe,exacto
53,Argentino,Argentino,,mayores,PRIMERA B - Superior | Primera B - Superior | Primera C - Superior | Segunda | Segunda - Superior,2021 2022 2023 2024 2025 2026,6,argentino-r-c,Argentino R.C.,urba,existe,exacto
67,Arsenal Zarate,Arsenal Zarate,,mayores,Segunda - Play Off | Segunda - Superior | TERCERA - Superior | Tercera - Superior,2021 2022 2023 2024 2025 2026,7,,,,club_no_existe,ninguna
60,Atletico Chascomus,Atletico Chascomus,,mayores,SEGUNDA - Superior | Segunda | Segunda - Superior,2021 2022 2023 2024 2025 2026,6,,,,club_no_existe,ninguna
10,Atlético del Rosario,Atlético del Rosario,,mayores,Primera A - Superior | TOP 12 - Superior | TOP 14 - Superior | Top 12 - Superior | Top 13 - Superior - Clasificación,2021 2022 2023 2024 2025 2026,6,atletico-del-rosario,Atlético del Rosario,urba,existe,exacto
75,Atletico San Andres,Atletico San Andres,,mayores,DESARROLLO - Superior | Desarrollo - Superior | Tercera - Superior,2021 2022 2023 2024 2025 2026,6,san-andres,San Andrés,urba,ambiguo,parcial
63,Atletico y Progreso,Atletico y Progreso,,mayores,Primera C - Play Off | Primera C - Superior | SEGUNDA - Superior | Segunda - Superior,2021 2022 2023 2024 2025 2026,7,,,,club_no_existe,ninguna
80,Banco Hipotecario,Banco Hipotecario,,mayores,TERCERA - Superior | Tercera - Superior,2021 2022 2023 2024 2025 2026,6,,,,club_no_existe,ninguna
40,Banco Nacion,Banco Nacion,,mayores,PRIMERA B - Superior | Primera A - Superior | Primera B - Superior,2021 2022 2023 2024 2025 2026,6,banco-nacion,Banco Nación,urba,existe,exacto
7,Belgrano Athletic,Belgrano Athletic,,mayores,TOP 12 - Superior | TOP 14 - Superior | Top 12 - Superior | Top 13 - Superior - Clasificación,2021 2022 2023 2024 2025 2026,6,belgrano-athletic,Belgrano Athletic,urba,existe,exacto
89,Berisso,Berisso Rugby Club,,mayores,Desarrollo - Superior | Desarrollo - Superior - Clasificación | Desarrollo - Superior - Torneo final B | TERCERA - Superior | Tercera - Superior,2021 2022 2023 2024 2025 2026,7,,,,club_no_existe,ninguna
71,Beromama,Beromama,,mayores,TERCERA - Superior | Tercera - Superior,2021 2022 2023 2024 2025 2026,6,,,,club_no_existe,ninguna
8,Buenos Aires CRC,Buenos Aires CRC,,mayores,TOP 12 - Superior | TOP 14 - Superior | Top 12 - Superior | Top 13 - Superior - Clasificación,2021 2022 2023 2024 2025 2026,6,buenos-aires-crc,Buenos Aires CRC,urba,existe,exacto
27,C.U. de Quilmes,C.U. de Quilmes,,mayores,PRIMERA B - Superior | Primera A - Play Off | Primera B - Superior | Primera C - Superior,2021 2022 2023 2024 2025 2026,7,cuq,CUQ,urba,existe,exacto
49,CASA de Padua,CASA de Padua,,mayores,PRIMERA C - Superior | Primera C - Superior,2021 2022 2023 2024 2025 2026,6,casa-de-padua,CASA de Padua,urba,existe,exacto
3,CASI,CASI,,mayores,TOP 12 - Superior | TOP 14 - Superior | Top 12 - Superior | Top 13 - Superior - Clasificación,2021 2022 2023 2024 2025 2026,6,casi,CASI,urba,existe,exacto
42,Centro Naval,Centro Naval,,mayores,PRIMERA C - Superior | Primera B - Play Off | Primera C - Superior,2021 2022 2023 2024 2025 2026,7,centro-naval,Centro Naval,urba,existe,exacto
11,Champagnat,Champagnat,,mayores,Primera A - Superior | TOP 12 - Play Off | TOP 12 - Superior | TOP 14 - Superior,2021 2022 2023 2024 2025 2026,7,club-champagnat,Club Champagnat,urba,existe,exacto
54,Ciudad de Bs.As.,Ciudad de Bs.As.,,mayores,PRIMERA C - Superior | Primera B - Superior | Primera C - Superior,2021 2022 2023 2024 2025 2026,6,ciudad-de-buenos-aires,Ciudad de Buenos Aires,urba,existe,exacto
76,Ciudad de Campana,Ciudad De Campana,,mayores,TERCERA - Superior | Tercera - Superior,2021 2022 2023 2024 2025 2026,6,,,,club_no_existe,ninguna
2,CUBA,CUBA,,mayores,TOP 12 - Superior | TOP 14 - Superior | Top 12 - Superior | Top 13 - Superior - Clasificación | Top 13 - Superior - Semifinal,2021 2022 2023 2024 2025 2026,7,cuba,CUBA,urba,existe,exacto
97,CUNE,CUNE,,mayores,Top 12 - Superior - Zona B - Segunda Rueda,2021,1,,,,club_no_existe,ninguna
24,Curupayti,Curupayti,,mayores,PRIMERA A - Superior | Primera A - Superior,2021 2022 2023 2024 2025 2026,6,curupayti,Curupaytí,urba,existe,exacto
52,Daom,Daom,,mayores,PRIMERA C - Superior | Primera B - Superior | Primera C - Superior,2021 2022 2023 2024 2025 2026,6,club-daom,Club Daom,urba,existe,exacto
84,Defensores de Glew,Defensores de Glew,,mayores,DESARROLLO - Superior | Desarrollo - Superior | Desarrollo - Superior - Clasificación | Desarrollo - Superior - Torneo final A,2021 2022 2023 2024 2025 2026,7,,,,club_no_existe,ninguna
44,Del Sur,Del Sur Rugby,,mayores,PRIMERA C - Superior | Primera C - Superior | Segunda | Segunda - Superior,2021 2022 2023 2024 2025 2026,6,asoc-del-sur,Asoc. Del Sur,urba,existe,exacto
33,Delta,Delta,,mayores,PRIMERA B - Superior | Primera B - Superior,2021 2022 2023 2024 2025 2026,6,delta-r-c,Delta R.C.,urba,existe,exacto
17,Deportiva Francesa,Deportiva Francesa,,mayores,PRIMERA A - Superior | Primera A - Superior,2021 2022 2023 2024 2025 2026,6,deportiva-francesa,Deportiva Francesa,urba,existe,exacto
37,Don Bosco,Don Bosco,,mayores,PRIMERA B - Superior | Primera B - Superior,2021 2022 2023 2024 2025 2026,6,don-bosco,Don Bosco,urba,existe,exacto
48,El Retiro,El Retiro,,mayores,Primera C - Play Off | Primera C - Superior | SEGUNDA - Superior,2021 2022 2023 2024 2025 2026,7,,,,club_no_existe,ninguna
86,Ezeiza,Ezeiza,,mayores,DESARROLLO - Superior | Desarrollo - Superior | Tercera - Superior,2021 2023 2024 2025 2026,5,,,,club_no_existe,ninguna
87,Floresta,Floresta,,mayores,DESARROLLO - Superior | Desarrollo - Superior | Desarrollo - Superior - Clasificación | Desarrollo - Superior - Torneo final A,2021 2022 2023 2024 2025 2026,7,,,,club_no_existe,ninguna
59,G y E de Ituzaingo,G y E de Ituzaingo,,mayores,Primera A -  Pre-Desarrollo | Segunda | Segunda - Play Off | Segunda - Superior | TERCERA - Superior | Tercera - Superior,2021 2022 2023 2024 2025 2026,8,,,,club_no_existe,ninguna
30,Gimnasia y Esgrima,Gimnasia y Esgrima Bs. As,,mayores,PRIMERA A - Superior | Primera B - Superior,2021 2022 2023 2024 2025 2026,6,gimnasia-y-esgrima-de-rosario / gimnasia-y-esgrima-de-pergamino,Gimnasia y Esgrima de Rosario / Gimnasia y Esgrima de Pergamino,a37639f8-197c-44c6-a095-2f16f40d7b04 / a37639f8-197c-44c6-a095-2f16f40d7b04,ambiguo,parcial
30,Gimnasia y Esgrima,Gimnasia y Esgrima C,C,mayores,Primera A -  Pre-Desarrollo,2025,1,gimnasia-y-esgrima-de-rosario / gimnasia-y-esgrima-de-pergamino,Gimnasia y Esgrima de Rosario / Gimnasia y Esgrima de Pergamino,a37639f8-197c-44c6-a095-2f16f40d7b04 / a37639f8-197c-44c6-a095-2f16f40d7b04,ambiguo,parcial
6,Hindú,Hindú,,mayores,TOP 12 - Superior | TOP 14 - Superior | Top 12 - Superior | Top 12 - Superior - Zona A - Segunda Rueda | Top 13 - Superior - Clasificación | Top 13 - Superior - Final | Top 13 - Superior - Semifinal,2021 2022 2023 2024 2025 2026,9,hindu-club,Hindú Club,urba,existe,exacto
19,Hurling,Hurling,,mayores,PRIMERA A - Superior | Primera A - Superior | Primera B - Superior,2021 2022 2023 2024 2025 2026,6,hurling,Hurling,urba,existe,exacto
28,Italiano,Italiano,,mayores,PRIMERA B - Superior | Primera B - Superior | Primera C - Superior,2021 2022 2023 2024 2025 2026,6,club-italiano,Club Italiano,urba,existe,exacto
13,La Plata,La Plata,,mayores,Primera A - Superior | TOP 12 - Superior | TOP 14 - Superior | Top 12 - Superior,2021 2022 2023 2024 2025 2026,6,la-plata,La Plata,urba,existe,exacto
64,La Salle,La Salle Rugby y Hockey Club,,mayores,SEGUNDA - Superior | Segunda | Segunda - Superior,2021 2022 2023 2024 2025 2026,6,,,,club_no_existe,ninguna
51,Lanus,Lanus,,mayores,PRIMERA C - Superior | Primera C - Superior,2021 2022 2023 2024 2025 2026,6,lanus-r-c,Lanús R.C.,urba,existe,exacto
73,Las Cañas,Las Cañas,,mayores,SEGUNDA - Superior | Segunda | Segunda - Superior | Tercera - Superior,2021 2022 2023 2024 2025 2026,6,,,,club_no_existe,ninguna
36,Liceo Militar,Liceo Militar,,mayores,PRIMERA B - Superior | Primera B - Play Off | Primera B - Superior | Primera C - Superior,2021 2022 2023 2024 2025 2026,7,liceo-militar,Liceo Militar,urba,existe,exacto
36,Liceo Militar,Liceo Militar B,B,mayores,Primera A -  Pre-Desarrollo,2025,1,liceo-militar,Liceo Militar,urba,existe,exacto
38,Liceo Naval,Liceo Naval,,mayores,PRIMERA B - Superior | Primera A - Play Off | Primera B - Superior,2021 2022 2023 2024 2025 2026,7,liceo-naval,Liceo Naval,urba,existe,exacto
15,Lomas Athletic,Lomas Athletic,,mayores,PRIMERA A - Superior | Primera A - Superior,2021 2022 2023 2024 2025 2026,6,lomas-athletic,Lomas Athletic,urba,existe,exacto
78,Los Cedros,Los Cedros,,mayores,Segunda | Segunda - Play Off | Segunda - Superior | TERCERA - Superior | Tercera - Superior,2021 2022 2023 2024 2025 2026,7,,,,club_no_existe,ninguna
23,Los Matreros,Los Matreros,,mayores,Primera A - Superior | TOP 14 - Superior,2021 2022 2023 2024 2025 2026,6,los-matreros,Los Matreros,urba,existe,exacto
65,Los Molinos,Los Molinos,,mayores,PRIMERA C - Superior | Primera A -  Pre-Desarrollo | Segunda - Superior | Tercera - Superior,2021 2022 2023 2024 2025 2026,7,los-molinos,Los Molinos,urba,existe,exacto
79,Los Pinos,Los Pinos,,mayores,SEGUNDA - Superior | Tercera - Superior,2021 2022 2023 2024 2025 2026,6,,,,club_no_existe,ninguna
26,Los Tilos,Los Tilos,,mayores,Primera A - Superior | TOP 12 - Superior | TOP 14 - Superior | Top 12 - Superior | Top 13 - Superior - Clasificación,2021 2022 2023 2024 2025 2026,6,los-tilos,Los Tilos,urba,existe,exacto
50,Lujan,Lujan,,mayores,PRIMERA C - Superior | Primera B - Play Off | Primera B - Superior | Primera C - Superior,2021 2022 2023 2024 2025 2026,7,lujan-r-c,Lujan R.C.,urba,existe,exacto
34,Manuel Belgrano,Manuel Belgrano,,mayores,PRIMERA B - Superior | Primera B - Superior,2021 2022 2023 2024 2025 2026,6,manuel-belgrano,Manuel Belgrano,urba,existe,exacto
82,Marcos Paz,Marcos Paz,,mayores,DESARROLLO - Superior | Desarrollo - Superior | Desarrollo - Superior - Clasificación | Desarrollo - Superior - Torneo final A,2021 2022 2023 2024 2025 2026,7,,,,club_no_existe,ninguna
39,Mariano Moreno,Mariano Moreno,,mayores,PRIMERA B - Superior | Primera A - Superior | Primera B - Superior,2021 2022 2023 2024 2025 2026,6,mariano-moreno,Mariano Moreno,urba,existe,exacto
39,Mariano Moreno,Mariano Moreno C,C,mayores,Primera A -  Pre-Desarrollo,2025,1,mariano-moreno,Mariano Moreno,urba,existe,exacto
47,Mercedes,Mercedes,,mayores,Primera C - Superior | SEGUNDA - Superior | Segunda | Segunda - Superior,2021 2022 2023 2024 2025 2026,6,,,,club_no_existe,ninguna
41,Monte Grande,Monte Grande,,mayores,PRIMERA B - Superior | Primera C - Superior,2021 2022 2023 2024 2025 2026,6,monte-grande,Monte Grande,urba,existe,exacto
41,Monte Grande,Monte Grande B,B,mayores,Primera A -  Pre-Desarrollo,2025,1,monte-grande,Monte Grande,urba,existe,exacto
91,Municipalidad de Berazategui,Municipalidad De Berazategui,,mayores,DESARROLLO - Superior | Desarrollo - Superior | Desarrollo - Superior - Clasificación | Desarrollo - Superior - Torneo final A,2021 2022 2023 2024 2025 2026,7,,,,club_no_existe,ninguna
9,Newman,Newman,,mayores,TOP 12 - Superior | TOP 14 - Superior | Top 12 - Superior | Top 12 - Superior - Zona A - Segunda Rueda | Top 13 - Superior - Clasificación | Top 13 - Superior - Semifinal,2021 2022 2023 2024 2025 2026,8,club-newman,Club Newman,urba,existe,exacto
90,Obras Sanitarias,Obras Sanitarias,,mayores,DESARROLLO - Superior | Desarrollo - Superior | Desarrollo - Superior - Clasificación | Desarrollo - Superior - Torneo final B,2021 2022 2023 2024 2025 2026,7,,,,club_no_existe,ninguna
66,Old Georgian,Old Georgian,,mayores,Primera C - Superior | SEGUNDA - Superior | Segunda - Superior,2021 2022 2023 2024 2025 2026,6,,,,club_no_existe,ninguna
22,Olivos,Olivos,,mayores,PRIMERA A - Superior | Primera A - Superior,2021 2022 2023 2024 2025 2026,6,olivos-r-c,Olivos R.C.,urba,existe,exacto
85,Pac General Rodriguez,Pac General Rodriguez,,mayores,Desarrollo - Superior | Desarrollo - Superior - Clasificación | Desarrollo - Superior - Torneo final B | TERCERA - Superior | Tercera - Superior,2021 2022 2023 2024 2025 2026,7,,,,club_no_existe,ninguna
70,Porteño,Porteño,,mayores,TERCERA - Superior | Tercera - Superior,2021 2022 2023 2024 2025 2026,6,,,,club_no_existe,ninguna
16,Pucara,Pucara,,mayores,PRIMERA A - Superior | Primera A - Superior | Top 12 - Superior | Top 12 - Superior - Zona A - Segunda Rueda | Top 13 - Superior - Clasificación,2021 2022 2023 2024 2025 2026,7,club-pucara,Club Pucará,urba,existe,exacto
25,Pueyrredon,Pueyrredon,,mayores,PRIMERA A - Superior | Primera A - Superior | TOP 12 - Play Off,2021 2022 2023 2024 2025 2026,7,pueyrredon,Pueyrredón,urba,existe,exacto
4,Regatas Bella Vista,Regatas Bella Vista,,mayores,Primera A - Superior | TOP 12 - Superior | TOP 14 - Superior | Top 12 - Superior | Top 12 - Superior - Zona A - Segunda Rueda | Top 13 - Superior - Clasificación,2021 2022 2023 2024 2025 2026,7,regatas-de-bella-vista,Regatas de Bella Vista,urba,existe,exacto
88,Rivadavia de Lobos,Rivadavia de Lobos,,mayores,DESARROLLO - Superior | Desarrollo - Superior | Desarrollo - Superior - Clasificación | Desarrollo - Superior - Torneo final B,2021 2022 2023 2024 2025 2026,7,,,,club_no_existe,ninguna
14,San Albano,San Albano,,mayores,PRIMERA A - Superior | Primera A - Play Off | Primera A - Superior | Primera B - Superior,2021 2022 2023 2024 2025 2026,10,san-albano,San Albano,urba,existe,exacto
31,San Andres,San Andres,,mayores,PRIMERA A - Superior | Primera A - Superior | Primera B - Superior,2024 2025 2026,3,san-andres,San Andrés,urba,existe,exacto
35,San Carlos,San Carlos,,mayores,PRIMERA C - Superior | Primera A - Superior | Primera B - Play Off | Primera B - Superior | Primera C - Superior,2021 2022 2023 2024 2025 2026,7,san-carlos,San Carlos,urba,existe,exacto
35,San Carlos,San Carlos B,B,mayores,Primera A -  Pre-Desarrollo,2025,1,san-carlos,San Carlos,urba,existe,exacto
18,San Cirano,San Cirano,,mayores,PRIMERA A - Superior | Primera A - Superior | Primera B - Superior | TOP 12 - Play Off,2021 2022 2023 2024 2025 2026,7,san-cirano,San Cirano,urba,existe,exacto
32,San Fernando,San Fernando,,mayores,PRIMERA A - Superior | Primera B - Superior,2021 2022 2023 2024 2025 2026,6,san-fernando,San Fernando,urba,existe,exacto
83,San Jose,San Jose,,mayores,DESARROLLO - Superior | Desarrollo - Superior | Tercera - Superior,2021 2022 2023 2024 2025 2026,6,san-jose,San José,union-de-rugby-de-paraguay,existe,exacto
5,San Luis,San Luis,,mayores,PRIMERA A - Superior | TOP 12 - Play Off | TOP 12 - Superior | Top 12 - Superior | Top 12 - Superior - Zona A - Segunda Rueda | Top 13 - Superior - Clasificación,2021 2022 2023 2024 2025 2026,8,san-luis,San Luis,urba,existe,exacto
57,San Marcos,San Marcos,,mayores,SEGUNDA - Superior | Segunda | Segunda - Superior,2021 2022 2023 2024 2025 2026,6,,,,club_no_existe,ninguna
20,San Martin,San Martin,,mayores,PRIMERA B - Superior | Primera A - Play Off | Primera A - Superior | Primera B - Superior,2021 2022 2023 2024 2025 2026,7,san-martin,San Martín,urba,existe,exacto
20,San Martin,San Martin C,C,mayores,Primera A -  Pre-Desarrollo,2025,1,san-martin,San Martín,urba,existe,exacto
56,San Miguel,San Miguel,,mayores,PRIMERA C - Superior | Primera C - Play Off | Segunda | Segunda - Superior | Tercera - Superior,2021 2022 2023 2024 2025 2026,7,san-miguel-r-c,San Miguel R.C.,urba,existe,exacto
21,San Patricio,San Patricio,,mayores,PRIMERA B - Superior | Primera A - Superior | Primera B - Superior,2021 2022 2023 2024 2025 2026,6,club-san-patricio,Club San Patricio,urba,existe,exacto
1,SIC,SIC,,mayores,TOP 12 - Superior | TOP 14 - Superior | Top 12 - Superior | Top 13 - Superior - Clasificación | Top 13 - Superior - Final | Top 13 - Superior - Semifinal,2021 2022 2023 2024 2025 2026,8,san-isidro-club,San Isidro Club,urba,existe,exacto
43,SITAS,SITAS,,mayores,PRIMERA C - Superior | Primera B - Superior | Primera C - Superior,2021 2022 2023 2024 2025 2026,6,sitas,SITAS,urba,existe,exacto
43,SITAS,SITAS B,B,mayores,Primera A -  Pre-Desarrollo,2025,1,sitas,SITAS,urba,existe,exacto
81,Sociedad Hebraica,Sociedad Hebraica,,mayores,DESARROLLO - Superior | Desarrollo - Superior | Desarrollo - Superior - Clasificación | Desarrollo - Superior - Torneo final B,2021 2022 2023 2024 2025 2026,7,,,,club_no_existe,ninguna
58,St. Brendans,St. Brendans,,mayores,PRIMERA C - Superior | Primera C - Superior | Segunda | Segunda - Superior,2021 2022 2023 2024 2025 2026,6,st-brendan-s,St. Brendan's,urba,existe,exacto
72,Tigre,Tigre,,mayores,Primera C - Play Off | SEGUNDA - Superior | Segunda | Segunda - Superior | Tercera - Superior,2021 2022 2023 2024 2025 2026,7,,,,club_no_existe,ninguna
69,Tiro Federal de Baradero,Tiro Federal de Baradero,,mayores,TERCERA - Superior | Tercera - Superior,2021 2022 2023 2024 2025 2026,6,tiro-federal-salta,Tiro Federal Salta,4263f793-04d6-4dd9-9b43-b7e9823bf721,ambiguo,parcial
62,Tiro Federal de San Pedro,Tiro Federal de San Pedro,,mayores,SEGUNDA - Superior | Segunda | Segunda - Superior,2021 2022 2023 2024 2025 2026,6,,,,club_no_existe,ninguna
96,UCA la Plata,UCA la Plata,,mayores,Top 12 - Superior - Zona B - Segunda Rueda,2021,1,,,,club_no_existe,ninguna
106,Univ. Nac de la Matanza,Universidad de la Matanza,,mayores,Top 12 - Superior - Zona B - Segunda Rueda,2021,1,,,,club_no_existe,ninguna
95,Univ. Nac de la Plata,Univ. Nac. De la Plata,,mayores,Top 12 - Superior - Zona B - Segunda Rueda,2021,1,,,,club_no_existe,ninguna
29,Universitario de la Plata,Universitario de La Plata,,mayores,PRIMERA A - Superior | Primera A - Superior | Primera B - Superior,2021 2022 2023 2024 2025 2026,6,universitario-de-la-plata,Universitario de La Plata,urba,existe,exacto
68,Varela Jr.,Varela Jr.,,mayores,SEGUNDA - Superior | Segunda - Superior | Tercera - Superior,2021 2022 2023 2024 2025 2026,6,,,,club_no_existe,ninguna
77,Vicente Lopez,Vicente Lopez,,mayores,SEGUNDA - Superior | Segunda - Play Off | Tercera - Superior,2021 2022 2023 2024 2025 2026,7,,,,club_no_existe,ninguna
45,Vicentinos,Vicentinos,,mayores,PRIMERA B - Superior | Primera B - Superior | Primera C - Superior,2021 2022 2023 2024 2025 2026,6,vicentinos,Vicentinos,urba,existe,exacto
45,Vicentinos,Vicentinos B,B,mayores,Primera A -  Pre-Desarrollo,2025,1,vicentinos,Vicentinos,urba,existe,exacto
55,Virreyes,Virreyes,,mayores,PRIMERA C - Superior | Primera C - Superior | Segunda - Superior,2021 2022 2023 2024 2025 2026,6,virreyes-r-c,VIrreyes R.C.,urba,existe,exacto
12,Alumni,Alumni,,preintermedia,TOP 12 - PreIntermedia A | TOP 14 - Preintermedia | Top 12 - PreIntermedia - Zona A - Segunda Rueda | Top 12 - Preintermedia - Clasificación | Top 12 - Preintermedia A | Top 13 - Preintermedia A,2021 2022 2023 2024 2025 2026,7,asoc-alumni,Asoc. Alumni,urba,existe,exacto
12,Alumni,Alumni B,B,preintermedia,TOP 12 - PreIntermedia B | TOP 14 - Preintermedia B | Top 12 - PreIntermedia - Zona B - Segunda Rueda | Top 12 - PreIntermedia B - Zona A - Segunda Rueda | Top 12 - Preintermedia B | Top 13 - Preintermedia B,2021 2022 2023 2024 2025 2026,7,asoc-alumni,Asoc. Alumni,urba,existe,exacto
12,Alumni,Alumni C,C,preintermedia,TOP 12 - PreIntermedia C | TOP 14 - Preintermedia C | Top 12 - Preintermedia C | Top 13 - Preintermedia C,2022 2023 2024 2025 2026,5,asoc-alumni,Asoc. Alumni,urba,existe,exacto
12,Alumni,Alumni D,D,preintermedia,TOP 12 - PreIntermedia D | TOP 14 - Preintermedia D | Top 12 - Preintermedia D | Top 13 - Preintermedia D,2022 2023 2024 2025 2026,5,asoc-alumni,Asoc. Alumni,urba,existe,exacto
12,Alumni,Alumni E,E,preintermedia,TOP 12 - PreIntermedia D | TOP 12 - PreIntermedia E | TOP 14 - Preintermedia E,2024 2025 2026,3,asoc-alumni,Asoc. Alumni,urba,existe,exacto
12,Alumni,Alumni F,F,preintermedia,TOP 12 - PreIntermedia E | TOP 14 - Preintermedia F,2025 2026,2,asoc-alumni,Asoc. Alumni,urba,existe,exacto
46,Areco,Areco,,preintermedia,PRIMERA C - Preintermedia | Primera C - PreIntermedia A | Primera C - Preintermedia | Primera C - Preintermedia A,2022 2023 2024 2025 2026,5,club-areco,Club Areco,urba,existe,exacto
53,Argentino,Argentino,,preintermedia,PRIMERA B - Preintermedia | Primera B - PreIntermedia A | Primera C - PreIntermedia A | Primera C - Preintermedia A,2023 2024 2025 2026,4,argentino-r-c,Argentino R.C.,urba,existe,exacto
53,Argentino,Argentino A,A,preintermedia,Top 13 - Preintermedia D,2022,1,argentino-r-c,Argentino R.C.,urba,existe,exacto
53,Argentino,Argentino B,B,preintermedia,PRIMERA B - Preintermedia B | Primera A - PreIntermedia Desarrollo | Primera B - PreIntermedia B,2024 2025 2026,3,argentino-r-c,Argentino R.C.,urba,existe,exacto
53,Argentino,Argentino C,C,preintermedia,PRIMERA B - Preintermedia C,2026,1,argentino-r-c,Argentino R.C.,urba,existe,exacto
10,Atlético del Rosario,Atletico del Rosario,,preintermedia,Primera A - PreIntermedia A | TOP 12 - PreIntermedia A | TOP 14 - Preintermedia | Top 12 - Preintermedia A | Top 13 - Preintermedia A,2022 2023 2024 2025 2026,5,atletico-del-rosario,Atlético del Rosario,urba,existe,exacto
10,Atlético del Rosario,Atletico del Rosario B,B,preintermedia,Primera A - PreIntermedia B | TOP 12 - PreIntermedia B | TOP 14 - Preintermedia B | Top 12 - Preintermedia B | Top 13 - Preintermedia B,2022 2023 2024 2025 2026,5,atletico-del-rosario,Atlético del Rosario,urba,existe,exacto
10,Atlético del Rosario,Atletico del Rosario C,C,preintermedia,Primera A - PreIntermedia C | TOP 12 - PreIntermedia C | TOP 14 - Preintermedia C | Top 12 - Preintermedia C,2023 2024 2025 2026,4,atletico-del-rosario,Atlético del Rosario,urba,existe,exacto
10,Atlético del Rosario,Atletico del Rosario D,D,preintermedia,TOP 14 - Preintermedia D,2026,1,atletico-del-rosario,Atlético del Rosario,urba,existe,exacto
63,Atletico y Progreso,Atletico y Progreso,,preintermedia,Primera C - Preintermedia | Primera C - Preintermedia A,2022 2023,2,,,,club_no_existe,ninguna
40,Banco Nacion,Banco Nacion,,preintermedia,PRIMERA B - Preintermedia | Primera A - Preintermedia A | Primera B - PreIntermedia A,2022 2023 2024 2025 2026,5,banco-nacion,Banco Nación,urba,existe,exacto
40,Banco Nacion,Banco Nacion B,B,preintermedia,PRIMERA B - Preintermedia B | Primera A - Preintermedia B | Primera B - PreIntermedia B,2022 2024 2025 2026,4,banco-nacion,Banco Nación,urba,existe,exacto
7,Belgrano Athletic,Belgrano Athletic,,preintermedia,TOP 12 - PreIntermedia A | TOP 14 - Preintermedia | Top 12 - PreIntermedia B - Zona B - Segunda Rueda | Top 12 - Preintermedia - Clasificación | Top 12 - Preintermedia - Semifinal | Top 12 - Preintermedia A | Top 13 - Preintermedia A | Top 13 - Preintermedia A - Semifinal,2021 2022 2023 2024 2025 2026,9,belgrano-athletic,Belgrano Athletic,urba,existe,exacto
7,Belgrano Athletic,Belgrano Athletic B,B,preintermedia,TOP 12 - PreIntermedia B | TOP 14 - Preintermedia B | Top 12 - PreIntermedia - Zona B - Segunda Rueda | Top 12 - Preintermedia B | Top 12 - Preintermedia B - Clasificación | Top 13 - Preintermedia B | Top 13 - Preintermedia B - Final | Top 13 - Preintermedia B - Semifinal,2021 2022 2023 2024 2025 2026,9,belgrano-athletic,Belgrano Athletic,urba,existe,exacto
7,Belgrano Athletic,Belgrano Athletic C,C,preintermedia,TOP 12 - PreIntermedia C | TOP 14 - Preintermedia C | Top 12 - Preintermedia C | Top 13 - Preintermedia C,2022 2023 2024 2025 2026,5,belgrano-athletic,Belgrano Athletic,urba,existe,exacto
7,Belgrano Athletic,Belgrano Athletic D,D,preintermedia,TOP 12 - PreIntermedia D | TOP 14 - Preintermedia D | Top 12 - Preintermedia D | Top 13 - Preintermedia D,2022 2023 2024 2025 2026,5,belgrano-athletic,Belgrano Athletic,urba,existe,exacto
7,Belgrano Athletic,Belgrano Athletic E,E,preintermedia,TOP 12 - PreIntermedia E | TOP 14 - Preintermedia E,2025 2026,2,belgrano-athletic,Belgrano Athletic,urba,existe,exacto
7,Belgrano Athletic,Belgrano Athletic F,F,preintermedia,TOP 14 - Preintermedia F,2026,1,belgrano-athletic,Belgrano Athletic,urba,existe,exacto
8,Buenos Aires CRC,Buenos Aires CRC,,preintermedia,TOP 12 - PreIntermedia A | TOP 14 - Preintermedia | Top 12 - PreIntermedia B - Zona B - Segunda Rueda | Top 12 - Preintermedia - Clasificación | Top 12 - Preintermedia - Semifinal | Top 12 - Preintermedia A | Top 13 - Preintermedia A,2021 2022 2023 2024 2025 2026,8,buenos-aires-crc,Buenos Aires CRC,urba,existe,exacto
8,Buenos Aires CRC,Buenos Aires CRC B,B,preintermedia,TOP 12 - PreIntermedia B | TOP 14 - Preintermedia B | Top 12 - Preintermedia B | Top 13 - Preintermedia B,2022 2023 2024 2025 2026,5,buenos-aires-crc,Buenos Aires CRC,urba,existe,exacto
8,Buenos Aires CRC,Buenos Aires CRC C,C,preintermedia,TOP 12 - PreIntermedia C | TOP 14 - Preintermedia C | Top 12 - Preintermedia C | Top 13 - Preintermedia C,2022 2023 2024 2025 2026,5,buenos-aires-crc,Buenos Aires CRC,urba,existe,exacto
8,Buenos Aires CRC,Buenos Aires D,D,preintermedia,TOP 12 - PreIntermedia D | TOP 14 - Preintermedia D | Top 12 - Preintermedia D,2023 2024 2025 2026,4,buenos-aires-crc,Buenos Aires CRC,urba,existe,exacto
8,Buenos Aires CRC,Buenos Aires C&RC E,E,preintermedia,TOP 14 - Preintermedia E,2026,1,buenos-aires-crc,Buenos Aires CRC,urba,existe,exacto
27,C.U. de Quilmes,C.U. de Quilmes,,preintermedia,PRIMERA B - Preintermedia | Primera B - PreIntermedia A | Primera B - Preintermedia A | Primera C - Preintermedia,2022 2023 2024 2025 2026,5,cuq,CUQ,urba,existe,exacto
27,C.U. de Quilmes,C.U. de Quilmes B,B,preintermedia,PRIMERA B - Preintermedia B | Primera B - PreIntermedia B | Primera B - Preintermedia B,2023 2024 2025 2026,4,cuq,CUQ,urba,existe,exacto
27,C.U. de Quilmes,C.U. de Quilmes C,C,preintermedia,Desarrollo - Preintermedia | Primera A - PreIntermedia Desarrollo,2023 2024,2,cuq,CUQ,urba,existe,exacto
49,CASA de Padua,CASA de Padua,,preintermedia,PRIMERA C - Preintermedia | Primera C - PreIntermedia A | Primera C - Preintermedia | Primera C - Preintermedia A,2022 2023 2024 2025 2026,5,casa-de-padua,CASA de Padua,urba,existe,exacto
49,CASA de Padua,CASA de Padua B,B,preintermedia,PRIMERA C - Preintermedia B,2026,1,casa-de-padua,CASA de Padua,urba,existe,exacto
3,CASI,CASI,,preintermedia,TOP 12 - PreIntermedia A | TOP 14 - Preintermedia | Top 12 - PreIntermedia B - Zona B - Segunda Rueda | Top 12 - Preintermedia - Clasificación | Top 12 - Preintermedia - Semifinal | Top 12 - Preintermedia A | Top 13 - Preintermedia A,2021 2022 2023 2024 2025 2026,8,casi,CASI,urba,existe,exacto
3,CASI,CASI B,B,preintermedia,TOP 12 - PreIntermedia B | TOP 14 - Preintermedia B | Top 12 - PreIntermedia - Zona B - Segunda Rueda | Top 12 - Preintermedia B | Top 12 - Preintermedia B - Clasificación | Top 13 - Preintermedia B | Top 13 - Preintermedia B - Semifinal,2021 2022 2023 2024 2025 2026,8,casi,CASI,urba,existe,exacto
3,CASI,CASI C,C,preintermedia,TOP 12 - PreIntermedia C | TOP 14 - Preintermedia C | Top 12 - Preintermedia C | Top 13 - Preintermedia C | Top 13 - Preintermedia C - Semifinal,2022 2023 2024 2025 2026,6,casi,CASI,urba,existe,exacto
3,CASI,CASI D,D,preintermedia,TOP 12 - PreIntermedia D | TOP 14 - Preintermedia D | Top 12 - Preintermedia D | Top 13 - Preintermedia D,2022 2023 2024 2025 2026,5,casi,CASI,urba,existe,exacto
3,CASI,CASI E,E,preintermedia,Desarrollo - Preintermedia | TOP 14 - Preintermedia E,2023 2026,2,casi,CASI,urba,existe,exacto
3,CASI,CASI F,F,preintermedia,TOP 14 - Preintermedia F,2026,1,casi,CASI,urba,existe,exacto
42,Centro Naval,Centro Naval,,preintermedia,PRIMERA C - Preintermedia | Primera C - PreIntermedia A | Primera C - Preintermedia | Primera C - Preintermedia A,2022 2023 2024 2025 2026,5,centro-naval,Centro Naval,urba,existe,exacto
42,Centro Naval,Centro Naval B,B,preintermedia,PRIMERA C - Preintermedia B,2026,1,centro-naval,Centro Naval,urba,existe,exacto
11,Champagnat,Champagnat,,preintermedia,Primera A - PreIntermedia A | Primera A - Preintermedia A | TOP 12 - PreIntermedia A | TOP 14 - Preintermedia,2022 2023 2024 2025 2026,5,club-champagnat,Club Champagnat,urba,existe,exacto
11,Champagnat,Champagnat B,B,preintermedia,Primera A - PreIntermedia B | Primera A - Preintermedia B | TOP 12 - PreIntermedia B | TOP 14 - Preintermedia B,2021 2022 2023 2024 2025 2026,6,club-champagnat,Club Champagnat,urba,existe,exacto
11,Champagnat,Champagnat C,C,preintermedia,Primera A - PreIntermedia C | Primera A - Preintermedia C | TOP 12 - PreIntermedia C | TOP 14 - Preintermedia C | Top 13 - Preintermedia D | Top 13 - Preintermedia D - Final | Top 13 - Preintermedia D - Semifinal,2022 2023 2024 2025 2026,7,club-champagnat,Club Champagnat,urba,existe,exacto
11,Champagnat,Champagnat D,D,preintermedia,Desarrollo - Preintermedia | Primera A - PreIntermedia D | TOP 12 - PreIntermedia D | TOP 14 - Preintermedia D,2023 2024 2025 2026,4,club-champagnat,Club Champagnat,urba,existe,exacto
11,Champagnat,Champagnat E,E,preintermedia,Primera A - PreIntermedia D | TOP 14 - Preintermedia E,2025 2026,2,club-champagnat,Club Champagnat,urba,existe,exacto
11,Champagnat,Champagnat F,F,preintermedia,TOP 14 - Preintermedia F,2026,1,club-champagnat,Club Champagnat,urba,existe,exacto
54,Ciudad de Bs.As.,Ciudad de Bs.As.,,preintermedia,PRIMERA C - Preintermedia | Primera B - Preintermedia A | Primera C - PreIntermedia A,2022 2023 2024 2025 2026,5,ciudad-de-buenos-aires,Ciudad de Buenos Aires,urba,existe,exacto
54,Ciudad de Bs.As.,Ciudad de Bs.As. B,B,preintermedia,PRIMERA C - Preintermedia B,2026,1,ciudad-de-buenos-aires,Ciudad de Buenos Aires,urba,existe,exacto
2,CUBA,CUBA,,preintermedia,TOP 12 - PreIntermedia A | TOP 14 - Preintermedia | Top 12 - PreIntermedia B - Zona B - Segunda Rueda | Top 12 - Preintermedia - Clasificación | Top 12 - Preintermedia - Semifinal | Top 12 - Preintermedia A | Top 13 - Preintermedia A | Top 13 - Preintermedia A - Final | Top 13 - Preintermedia A - Semifinal,2021 2022 2023 2024 2025 2026,10,cuba,CUBA,urba,existe,exacto
2,CUBA,CUBA B,B,preintermedia,TOP 12 - PreIntermedia B | TOP 14 - Preintermedia B | Top 12 - PreIntermedia - Zona B - Segunda Rueda | Top 12 - Preintermedia B | Top 12 - Preintermedia B - Clasificación | Top 13 - Preintermedia B | Top 13 - Preintermedia B - Final | Top 13 - Preintermedia B - Semifinal,2021 2022 2023 2024 2025 2026,9,cuba,CUBA,urba,existe,exacto
2,CUBA,CUBA C,C,preintermedia,TOP 12 - PreIntermedia C | TOP 14 - Preintermedia C | Top 12 - Preintermedia C | Top 13 - Preintermedia C | Top 13 - Preintermedia C - Final | Top 13 - Preintermedia C - Semifinal,2022 2023 2024 2025 2026,7,cuba,CUBA,urba,existe,exacto
2,CUBA,CUBA D,D,preintermedia,TOP 12 - PreIntermedia D | TOP 14 - Preintermedia D | Top 12 - Preintermedia D | Top 13 - Preintermedia D | Top 13 - Preintermedia D - Semifinal,2022 2023 2024 2025 2026,6,cuba,CUBA,urba,existe,exacto
2,CUBA,CUBA E,E,preintermedia,Desarrollo - Preintermedia | TOP 12 - PreIntermedia E | TOP 14 - Preintermedia E,2023 2025 2026,3,cuba,CUBA,urba,existe,exacto
2,CUBA,CUBA F,F,preintermedia,Desarrollo - Preintermedia | TOP 12 - PreIntermedia E | TOP 14 - Preintermedia E,2023 2025 2026,3,cuba,CUBA,urba,existe,exacto
2,CUBA,CUBA G,G,preintermedia,TOP 14 - Preintermedia F,2026,1,cuba,CUBA,urba,existe,exacto
24,Curupayti,Curupayti,,preintermedia,PRIMERA A - Preintermedia | Primera A - PreIntermedia A | Primera A - Preintermedia A,2022 2023 2024 2025 2026,5,curupayti,Curupaytí,urba,existe,exacto
24,Curupayti,Curupayti B,B,preintermedia,PRIMERA A - Preintermedia B | Primera A - PreIntermedia B | Primera A - Preintermedia B,2021 2022 2023 2024 2025 2026,6,curupayti,Curupaytí,urba,existe,exacto
24,Curupayti,Curupayti C,C,preintermedia,PRIMERA A - Preintermedia C | Primera A - PreIntermedia C | Primera A - Preintermedia C | Top 13 - Preintermedia D,2022 2023 2024 2025 2026,5,curupayti,Curupaytí,urba,existe,exacto
24,Curupayti,Curupayti D,D,preintermedia,Desarrollo - Preintermedia | PRIMERA A - Preintermedia D | Primera A - PreIntermedia D | Primera A - PreIntermedia Desarrollo,2023 2024 2025 2026,4,curupayti,Curupaytí,urba,existe,exacto
24,Curupayti,Curupayti E,E,preintermedia,PRIMERA A - Preintermedia D | Primera A - PreIntermedia D | Primera A - PreIntermedia Desarrollo,2024 2025 2026,3,curupayti,Curupaytí,urba,existe,exacto
52,Daom,Daom,,preintermedia,PRIMERA C - Preintermedia | Primera B - Preintermedia A | Primera C - PreIntermedia A | Primera C - Preintermedia A,2021 2022 2023 2024 2025 2026,6,club-daom,Club Daom,urba,existe,exacto
44,Del Sur,Del Sur,,preintermedia,PRIMERA C - Preintermedia | Primera C - PreIntermedia A,2024 2026,2,asoc-del-sur,Asoc. Del Sur,urba,existe,exacto
33,Delta,Delta,,preintermedia,PRIMERA B - Preintermedia | Primera B - PreIntermedia A | Primera B - Preintermedia A,2021 2022 2023 2024 2025 2026,6,delta-r-c,Delta R.C.,urba,existe,exacto
33,Delta,Delta B,B,preintermedia,PRIMERA B - Preintermedia B | Primera B - PreIntermedia B | Primera B - Preintermedia B,2023 2024 2025 2026,4,delta-r-c,Delta R.C.,urba,existe,exacto
33,Delta,Delta C,C,preintermedia,PRIMERA B - Preintermedia C,2026,1,delta-r-c,Delta R.C.,urba,existe,exacto
17,Deportiva Francesa,Deportiva Francesa,,preintermedia,PRIMERA A - Preintermedia | Primera A - PreIntermedia A | Primera A - Preintermedia A,2022 2023 2024 2025 2026,5,deportiva-francesa,Deportiva Francesa,urba,existe,exacto
17,Deportiva Francesa,Deportiva Francesa B,B,preintermedia,PRIMERA A - Preintermedia B | Primera A - PreIntermedia B | Primera A - Preintermedia B,2022 2023 2024 2025 2026,5,deportiva-francesa,Deportiva Francesa,urba,existe,exacto
17,Deportiva Francesa,Deportiva Francesa C,C,preintermedia,PRIMERA A - Preintermedia C | Primera A - PreIntermedia C | Primera A - Preintermedia C,2023 2024 2025 2026,4,deportiva-francesa,Deportiva Francesa,urba,existe,exacto
17,Deportiva Francesa,Deportiva Francesa D,D,preintermedia,PRIMERA A - Preintermedia D | Primera A - PreIntermedia D,2025 2026,2,deportiva-francesa,Deportiva Francesa,urba,existe,exacto
17,Deportiva Francesa,Deportiva Francesa E,E,preintermedia,PRIMERA A - Preintermedia D,2026,1,deportiva-francesa,Deportiva Francesa,urba,existe,exacto
37,Don Bosco,Don Bosco,,preintermedia,PRIMERA B - Preintermedia | Primera B - PreIntermedia A | Primera B - Preintermedia A,2021 2022 2023 2024 2025 2026,6,don-bosco,Don Bosco,urba,existe,exacto
37,Don Bosco,Don Bosco B,B,preintermedia,PRIMERA B - Preintermedia B | Primera B - PreIntermedia B | Primera B - Preintermedia B,2023 2024 2025 2026,4,don-bosco,Don Bosco,urba,existe,exacto
37,Don Bosco,Don Bosco C,C,preintermedia,PRIMERA B - Preintermedia C,2026,1,don-bosco,Don Bosco,urba,existe,exacto
48,El Retiro,El Retiro,,preintermedia,Primera C - PreIntermedia A | Primera C - Preintermedia | Primera C - Preintermedia A,2022 2023 2024 2025,4,,,,club_no_existe,ninguna
59,G y E de Ituzaingo,G y E de Ituzaingo,,preintermedia,PRIMERA B - Preintermedia C,2026,1,,,,club_no_existe,ninguna
30,Gimnasia y Esgrima,Gimnasia y Esgrima Bs. As,,preintermedia,PRIMERA A - Preintermedia | Primera B - PreIntermedia A | Primera B - Preintermedia A,2021 2022 2023 2024 2025 2026,6,gimnasia-y-esgrima-de-rosario / gimnasia-y-esgrima-de-pergamino,Gimnasia y Esgrima de Rosario / Gimnasia y Esgrima de Pergamino,a37639f8-197c-44c6-a095-2f16f40d7b04 / a37639f8-197c-44c6-a095-2f16f40d7b04,ambiguo,parcial
30,Gimnasia y Esgrima,Gimnasia y Esgrima B,B,preintermedia,PRIMERA A - Preintermedia B | Primera B - PreIntermedia B | Primera B - Preintermedia B,2022 2023 2024 2025 2026,5,gimnasia-y-esgrima-de-rosario / gimnasia-y-esgrima-de-pergamino,Gimnasia y Esgrima de Rosario / Gimnasia y Esgrima de Pergamino,a37639f8-197c-44c6-a095-2f16f40d7b04 / a37639f8-197c-44c6-a095-2f16f40d7b04,ambiguo,parcial
30,Gimnasia y Esgrima,Gimnasia y Esgrima C,C,preintermedia,PRIMERA A - Preintermedia C,2026,1,gimnasia-y-esgrima-de-rosario / gimnasia-y-esgrima-de-pergamino,Gimnasia y Esgrima de Rosario / Gimnasia y Esgrima de Pergamino,a37639f8-197c-44c6-a095-2f16f40d7b04 / a37639f8-197c-44c6-a095-2f16f40d7b04,ambiguo,parcial
30,Gimnasia y Esgrima,Gimnasia y Esgrima D,D,preintermedia,PRIMERA A - Preintermedia D,2026,1,gimnasia-y-esgrima-de-rosario / gimnasia-y-esgrima-de-pergamino,Gimnasia y Esgrima de Rosario / Gimnasia y Esgrima de Pergamino,a37639f8-197c-44c6-a095-2f16f40d7b04 / a37639f8-197c-44c6-a095-2f16f40d7b04,ambiguo,parcial
6,Hindú,Hindú,,preintermedia,TOP 12 - PreIntermedia A | TOP 14 - Preintermedia | Top 12 - PreIntermedia - Zona A - Segunda Rueda | Top 12 - Preintermedia - Clasificación | Top 12 - Preintermedia A | Top 13 - Preintermedia A | Top 13 - Preintermedia A - Semifinal,2021 2022 2023 2024 2025 2026,8,hindu-club,Hindú Club,urba,existe,exacto
6,Hindú,Hindu B,B,preintermedia,TOP 12 - PreIntermedia B | TOP 14 - Preintermedia B | Top 12 - PreIntermedia - Zona B - Segunda Rueda | Top 12 - PreIntermedia B - Zona A - Segunda Rueda | Top 12 - Preintermedia B | Top 13 - Preintermedia B,2021 2022 2023 2024 2025 2026,7,hindu-club,Hindú Club,urba,existe,exacto
6,Hindú,Hindu C,C,preintermedia,TOP 12 - PreIntermedia C | TOP 14 - Preintermedia C | Top 12 - Preintermedia C | Top 13 - Preintermedia C,2022 2023 2024 2025 2026,5,hindu-club,Hindú Club,urba,existe,exacto
6,Hindú,Hindu D,D,preintermedia,TOP 12 - PreIntermedia D | TOP 14 - Preintermedia D | Top 12 - Preintermedia D | Top 13 - Preintermedia D | Top 13 - Preintermedia D - Final | Top 13 - Preintermedia D - Semifinal,2022 2023 2025 2026,6,hindu-club,Hindú Club,urba,existe,exacto
6,Hindú,Hindu E,E,preintermedia,TOP 12 - PreIntermedia E | TOP 14 - Preintermedia E,2025 2026,2,hindu-club,Hindú Club,urba,existe,exacto
19,Hurling,Hurling,,preintermedia,PRIMERA A - Preintermedia | Primera A - PreIntermedia A | Primera B - Preintermedia A,2021 2022 2023 2024 2025 2026,6,hurling,Hurling,urba,existe,exacto
19,Hurling,Hurling B,B,preintermedia,PRIMERA A - Preintermedia B | Primera A - PreIntermedia B | Primera B - Preintermedia B,2022 2023 2024 2025 2026,5,hurling,Hurling,urba,existe,exacto
19,Hurling,Hurling C,C,preintermedia,Desarrollo - Preintermedia | PRIMERA A - Preintermedia C | Primera A - PreIntermedia C,2023 2024 2025 2026,4,hurling,Hurling,urba,existe,exacto
19,Hurling,Hurling D,D,preintermedia,Desarrollo - Preintermedia | PRIMERA A - Preintermedia D | Primera A - PreIntermedia D | Primera A - PreIntermedia Desarrollo,2023 2024 2025 2026,4,hurling,Hurling,urba,existe,exacto
28,Italiano,Italiano,,preintermedia,PRIMERA B - Preintermedia | Primera B - PreIntermedia A | Primera C - Preintermedia | Primera C - Preintermedia A,2022 2023 2024 2025 2026,5,club-italiano,Club Italiano,urba,existe,exacto
28,Italiano,Italiano B,B,preintermedia,PRIMERA B - Preintermedia B | Primera B - PreIntermedia B,2024 2025 2026,3,club-italiano,Club Italiano,urba,existe,exacto
13,La Plata,La Plata,,preintermedia,Primera A - PreIntermedia A | Primera A - Preintermedia A | TOP 12 - PreIntermedia A | TOP 14 - Preintermedia | Top 12 - Preintermedia A,2022 2023 2024 2025 2026,5,la-plata,La Plata,urba,existe,exacto
13,La Plata,La Plata B,B,preintermedia,Primera A - PreIntermedia B | Primera A - Preintermedia B | TOP 12 - PreIntermedia B | TOP 14 - Preintermedia B | Top 12 - Preintermedia B,2021 2022 2023 2024 2025 2026,6,la-plata,La Plata,urba,existe,exacto
13,La Plata,La Plata C,C,preintermedia,Primera A - PreIntermedia C | TOP 12 - PreIntermedia C | TOP 14 - Preintermedia C | Top 12 - Preintermedia C | Top 13 - Preintermedia D | Top 13 - Preintermedia D - Semifinal,2022 2023 2024 2025 2026,6,la-plata,La Plata,urba,existe,exacto
13,La Plata,La Plata D,D,preintermedia,TOP 12 - PreIntermedia D | TOP 14 - Preintermedia D | Top 12 - Preintermedia D,2023 2025 2026,3,la-plata,La Plata,urba,existe,exacto
13,La Plata,La Plata E,E,preintermedia,TOP 12 - PreIntermedia E | TOP 14 - Preintermedia E,2025 2026,2,la-plata,La Plata,urba,existe,exacto
13,La Plata,La Plata F,F,preintermedia,TOP 14 - Preintermedia F,2026,1,la-plata,La Plata,urba,existe,exacto
51,Lanus,Lanus,,preintermedia,PRIMERA C - Preintermedia | Primera C - PreIntermedia A | Primera C - Preintermedia | Primera C - Preintermedia A,2022 2023 2024 2025 2026,5,lanus-r-c,Lanús R.C.,urba,existe,exacto
51,Lanus,Lanus B,B,preintermedia,PRIMERA C - Preintermedia B,2026,1,lanus-r-c,Lanús R.C.,urba,existe,exacto
36,Liceo Militar,Liceo Militar,,preintermedia,PRIMERA B - Preintermedia | Primera B - PreIntermedia A | Primera C - PreIntermedia A | Primera C - Preintermedia | Primera C - Preintermedia A,2022 2023 2024 2025 2026,5,liceo-militar,Liceo Militar,urba,existe,exacto
36,Liceo Militar,Liceo Militar B,B,preintermedia,PRIMERA B - Preintermedia B | Primera B - PreIntermedia B,2024 2026,2,liceo-militar,Liceo Militar,urba,existe,exacto
38,Liceo Naval,Liceo Naval,,preintermedia,PRIMERA B - Preintermedia | Primera B - PreIntermedia A | Primera B - Preintermedia A,2021 2022 2023 2024 2025 2026,6,liceo-naval,Liceo Naval,urba,existe,exacto
38,Liceo Naval,Liceo Naval B,B,preintermedia,PRIMERA B - Preintermedia B | Primera B - PreIntermedia B | Primera B - Preintermedia B,2022 2023 2024 2025 2026,5,liceo-naval,Liceo Naval,urba,existe,exacto
15,Lomas Athletic,Lomas Athletic,,preintermedia,PRIMERA A - Preintermedia | Primera A - PreIntermedia A | Primera A - Preintermedia A,2022 2023 2024 2025 2026,5,lomas-athletic,Lomas Athletic,urba,existe,exacto
15,Lomas Athletic,Lomas Athletic B,B,preintermedia,PRIMERA A - Preintermedia B | Primera A - PreIntermedia B | Primera A - Preintermedia B,2022 2023 2024 2025 2026,5,lomas-athletic,Lomas Athletic,urba,existe,exacto
15,Lomas Athletic,Lomas Athletic C,C,preintermedia,PRIMERA A - Preintermedia C | Primera A - PreIntermedia C | Primera A - Preintermedia C,2023 2024 2025 2026,4,lomas-athletic,Lomas Athletic,urba,existe,exacto
15,Lomas Athletic,Lomas Athletic D,D,preintermedia,Primera A - PreIntermedia D | Primera A - PreIntermedia Desarrollo,2024 2025,2,lomas-athletic,Lomas Athletic,urba,existe,exacto
23,Los Matreros,Los Matreros,,preintermedia,Primera A - PreIntermedia A | Primera A - Preintermedia A | TOP 14 - Preintermedia,2022 2023 2024 2025 2026,5,los-matreros,Los Matreros,urba,existe,exacto
23,Los Matreros,Los Matreros B,B,preintermedia,Primera A - PreIntermedia B | Primera A - Preintermedia B | TOP 14 - Preintermedia B,2021 2022 2023 2024 2025 2026,6,los-matreros,Los Matreros,urba,existe,exacto
23,Los Matreros,Los Matreros C,C,preintermedia,Primera A - PreIntermedia C | Primera A - Preintermedia C | TOP 14 - Preintermedia C | Top 13 - Preintermedia D,2022 2023 2024 2025 2026,5,los-matreros,Los Matreros,urba,existe,exacto
23,Los Matreros,Los Matreros D,D,preintermedia,Desarrollo - Preintermedia | Primera A - PreIntermedia D | Primera A - PreIntermedia Desarrollo | TOP 14 - Preintermedia D,2023 2024 2025 2026,4,los-matreros,Los Matreros,urba,existe,exacto
65,Los Molinos,Los Molinos,,preintermedia,PRIMERA C - Preintermedia | Primera A - PreIntermedia Desarrollo,2024 2026,2,los-molinos,Los Molinos,urba,existe,exacto
65,Los Molinos,Los Molinos B,B,preintermedia,PRIMERA C - Preintermedia B,2026,1,los-molinos,Los Molinos,urba,existe,exacto
26,Los Tilos,Los Tilos,,preintermedia,Primera A - PreIntermedia A | Primera A - Preintermedia A | TOP 12 - PreIntermedia A | TOP 14 - Preintermedia | Top 12 - PreIntermedia B - Zona B - Segunda Rueda | Top 12 - Preintermedia - Clasificación | Top 12 - Preintermedia - Semifinal | Top 13 - Preintermedia A,2021 2022 2023 2024 2025 2026,8,los-tilos,Los Tilos,urba,existe,exacto
26,Los Tilos,Los Tilos B,B,preintermedia,Primera A - PreIntermedia B | Primera A - Preintermedia B | TOP 12 - PreIntermedia B | TOP 14 - Preintermedia B | Top 12 - PreIntermedia - Zona B - Segunda Rueda | Top 12 - Preintermedia B - Clasificación | Top 13 - Preintermedia B,2021 2022 2023 2024 2025 2026,7,los-tilos,Los Tilos,urba,existe,exacto
26,Los Tilos,Los Tilos C,C,preintermedia,Primera A - PreIntermedia C | Primera A - Preintermedia C | TOP 12 - PreIntermedia C | TOP 14 - Preintermedia C | Top 13 - Preintermedia C,2022 2023 2024 2025 2026,5,los-tilos,Los Tilos,urba,existe,exacto
26,Los Tilos,Los Tilos D,D,preintermedia,Desarrollo - Preintermedia | Primera A - PreIntermedia Desarrollo | TOP 12 - PreIntermedia D | TOP 14 - Preintermedia D,2023 2024 2025 2026,4,los-tilos,Los Tilos,urba,existe,exacto
26,Los Tilos,Los Tilos E,E,preintermedia,Primera A - PreIntermedia D | TOP 14 - Preintermedia E,2025 2026,2,los-tilos,Los Tilos,urba,existe,exacto
26,Los Tilos,Los Tilos F,F,preintermedia,TOP 14 - Preintermedia F,2026,1,los-tilos,Los Tilos,urba,existe,exacto
26,Los Tilos,Los Tilos G,G,preintermedia,TOP 14 - Preintermedia F,2026,1,los-tilos,Los Tilos,urba,existe,exacto
50,Lujan,Lujan,,preintermedia,PRIMERA C - Preintermedia | Primera B - PreIntermedia A | Primera C - PreIntermedia A | Primera C - Preintermedia | Primera C - Preintermedia A,2022 2023 2024 2025 2026,5,lujan-r-c,Lujan R.C.,urba,existe,exacto
50,Lujan,Lujan B,B,preintermedia,PRIMERA C - Preintermedia B | Primera B - PreIntermedia B,2025 2026,2,lujan-r-c,Lujan R.C.,urba,existe,exacto
34,Manuel Belgrano,Manuel Belgrano,,preintermedia,PRIMERA B - Preintermedia | Primera B - PreIntermedia A | Primera B - Preintermedia A,2021 2022 2023 2024 2025 2026,6,manuel-belgrano,Manuel Belgrano,urba,existe,exacto
34,Manuel Belgrano,Manuel Belgrano B,B,preintermedia,PRIMERA B - Preintermedia B | Primera B - PreIntermedia B | Primera B - Preintermedia B,2022 2023 2024 2025 2026,5,manuel-belgrano,Manuel Belgrano,urba,existe,exacto
34,Manuel Belgrano,Manuel Belgrano C,C,preintermedia,PRIMERA B - Preintermedia C,2026,1,manuel-belgrano,Manuel Belgrano,urba,existe,exacto
39,Mariano Moreno,Mariano Moreno,,preintermedia,PRIMERA B - Preintermedia | Primera A - Preintermedia A | Primera B - PreIntermedia A,2022 2023 2024 2025 2026,5,mariano-moreno,Mariano Moreno,urba,existe,exacto
39,Mariano Moreno,Mariano Moreno B,B,preintermedia,PRIMERA B - Preintermedia B | Primera A - Preintermedia B | Primera B - PreIntermedia B,2022 2023 2024 2025 2026,5,mariano-moreno,Mariano Moreno,urba,existe,exacto
39,Mariano Moreno,Mariano Moreno C,C,preintermedia,PRIMERA B - Preintermedia C | Primera A - PreIntermedia Desarrollo | Primera A - Preintermedia C,2023 2024 2026,3,mariano-moreno,Mariano Moreno,urba,existe,exacto
47,Mercedes,Mercedes,,preintermedia,Primera C - PreIntermedia A,2024,1,,,,club_no_existe,ninguna
41,Monte Grande,Monte Grande,,preintermedia,PRIMERA B - Preintermedia | Primera C - PreIntermedia A | Primera C - Preintermedia | Primera C - Preintermedia A,2022 2023 2024 2025 2026,5,monte-grande,Monte Grande,urba,existe,exacto
41,Monte Grande,Monte Grande B,B,preintermedia,PRIMERA B - Preintermedia B | Primera A - PreIntermedia Desarrollo,2024 2026,2,monte-grande,Monte Grande,urba,existe,exacto
9,Newman,Newman,,preintermedia,TOP 12 - PreIntermedia A | TOP 14 - Preintermedia | Top 12 - PreIntermedia - Zona A - Segunda Rueda | Top 12 - Preintermedia - Clasificación | Top 12 - Preintermedia A | Top 13 - Preintermedia A,2021 2022 2023 2024 2025 2026,7,club-newman,Club Newman,urba,existe,exacto
9,Newman,Newman B,B,preintermedia,TOP 12 - PreIntermedia B | TOP 14 - Preintermedia B | Top 12 - PreIntermedia - Zona B - Segunda Rueda | Top 12 - PreIntermedia B - Zona A - Segunda Rueda | Top 12 - Preintermedia B | Top 13 - Preintermedia B,2021 2022 2023 2024 2025 2026,7,club-newman,Club Newman,urba,existe,exacto
9,Newman,Newman C,C,preintermedia,TOP 12 - PreIntermedia C | TOP 14 - Preintermedia C | Top 12 - Preintermedia C | Top 13 - Preintermedia C,2022 2023 2024 2025 2026,5,club-newman,Club Newman,urba,existe,exacto
9,Newman,Newman D,D,preintermedia,TOP 12 - PreIntermedia D | TOP 14 - Preintermedia D | Top 12 - Preintermedia D | Top 13 - Preintermedia D,2022 2023 2025 2026,4,club-newman,Club Newman,urba,existe,exacto
9,Newman,Newman E,E,preintermedia,TOP 12 - PreIntermedia E | TOP 14 - Preintermedia E,2025 2026,2,club-newman,Club Newman,urba,existe,exacto
9,Newman,Newman F,F,preintermedia,TOP 14 - Preintermedia F,2026,1,club-newman,Club Newman,urba,existe,exacto
9,Newman,Newman G,G,preintermedia,TOP 14 - Preintermedia F,2026,1,club-newman,Club Newman,urba,existe,exacto
9,Newman,Newman H,H,preintermedia,TOP 14 - Preintermedia F,2026,1,club-newman,Club Newman,urba,existe,exacto
66,Old Georgian,Old Georgian,,preintermedia,Primera C - Preintermedia,2022,1,,,,club_no_existe,ninguna
22,Olivos,Olivos,,preintermedia,PRIMERA A - Preintermedia | Primera A - PreIntermedia A | Primera A - Preintermedia A,2022 2023 2024 2025 2026,5,olivos-r-c,Olivos R.C.,urba,existe,exacto
22,Olivos,Olivos B,B,preintermedia,PRIMERA A - Preintermedia B | Primera A - PreIntermedia B | Primera A - Preintermedia B,2022 2023 2024 2025 2026,5,olivos-r-c,Olivos R.C.,urba,existe,exacto
22,Olivos,Olivos C,C,preintermedia,PRIMERA A - Preintermedia C | Primera A - PreIntermedia C,2024 2025 2026,3,olivos-r-c,Olivos R.C.,urba,existe,exacto
22,Olivos,Olivos D,D,preintermedia,PRIMERA A - Preintermedia D,2026,1,olivos-r-c,Olivos R.C.,urba,existe,exacto
16,Pucara,Pucara,,preintermedia,PRIMERA A - Preintermedia | Primera A - PreIntermedia A | Top 12 - PreIntermedia - Zona A - Segunda Rueda | Top 12 - Preintermedia - Clasificación | Top 12 - Preintermedia A | Top 13 - Preintermedia A,2021 2022 2023 2024 2025 2026,7,club-pucara,Club Pucará,urba,existe,exacto
16,Pucara,Pucara B,B,preintermedia,PRIMERA A - Preintermedia B | Primera A - PreIntermedia B | Top 12 - PreIntermedia - Zona B - Segunda Rueda | Top 12 - PreIntermedia B - Zona A - Segunda Rueda | Top 12 - Preintermedia B | Top 13 - Preintermedia B,2021 2022 2023 2024 2025 2026,7,club-pucara,Club Pucará,urba,existe,exacto
16,Pucara,Pucara C,C,preintermedia,PRIMERA A - Preintermedia C | Primera A - PreIntermedia C | Top 12 - Preintermedia C | Top 13 - Preintermedia C,2022 2023 2024 2025 2026,5,club-pucara,Club Pucará,urba,existe,exacto
16,Pucara,Pucara D,D,preintermedia,PRIMERA A - Preintermedia D | Primera A - PreIntermedia D | Top 12 - Preintermedia D | Top 13 - Preintermedia D,2022 2023 2025 2026,4,club-pucara,Club Pucará,urba,existe,exacto
16,Pucara,Pucara E,E,preintermedia,PRIMERA A - Preintermedia D | Primera A - PreIntermedia D,2025 2026,2,club-pucara,Club Pucará,urba,existe,exacto
25,Pueyrredon,Pueyrredon,,preintermedia,PRIMERA A - Preintermedia | Primera A - PreIntermedia A | Primera A - Preintermedia A,2022 2023 2024 2025 2026,5,pueyrredon,Pueyrredón,urba,existe,exacto
25,Pueyrredon,Pueyrredon B,B,preintermedia,PRIMERA A - Preintermedia B | Primera A - PreIntermedia B | Primera A - Preintermedia B,2021 2022 2023 2024 2025 2026,6,pueyrredon,Pueyrredón,urba,existe,exacto
25,Pueyrredon,Pueyrredon C,C,preintermedia,PRIMERA A - Preintermedia C | Primera A - PreIntermedia C,2024 2025 2026,3,pueyrredon,Pueyrredón,urba,existe,exacto
25,Pueyrredon,Pueyrredon D,D,preintermedia,PRIMERA A - Preintermedia D | Primera A - PreIntermedia D,2025 2026,2,pueyrredon,Pueyrredón,urba,existe,exacto
25,Pueyrredon,Pueyrredon E,E,preintermedia,PRIMERA A - Preintermedia C,2026,1,pueyrredon,Pueyrredón,urba,existe,exacto
4,Regatas Bella Vista,Regatas Bella Vista,,preintermedia,Primera A - Preintermedia A | TOP 12 - PreIntermedia A | TOP 14 - Preintermedia | Top 12 - PreIntermedia - Zona A - Segunda Rueda | Top 12 - Preintermedia - Clasificación | Top 13 - Preintermedia A,2021 2022 2023 2024 2025 2026,7,regatas-de-bella-vista,Regatas de Bella Vista,urba,existe,exacto
4,Regatas Bella Vista,Regatas Bella Vista B,B,preintermedia,Primera A - Preintermedia B | TOP 12 - PreIntermedia B | TOP 14 - Preintermedia B | Top 12 - PreIntermedia - Zona B - Segunda Rueda | Top 12 - PreIntermedia B - Zona A - Segunda Rueda | Top 13 - Preintermedia B,2021 2022 2023 2024 2025 2026,7,regatas-de-bella-vista,Regatas de Bella Vista,urba,existe,exacto
4,Regatas Bella Vista,Regatas Bella Vista C,C,preintermedia,Primera A - Preintermedia C | TOP 12 - PreIntermedia C | TOP 14 - Preintermedia C | Top 13 - Preintermedia C,2022 2023 2024 2025 2026,5,regatas-de-bella-vista,Regatas de Bella Vista,urba,existe,exacto
4,Regatas Bella Vista,Regatas Bella Vista D,D,preintermedia,Desarrollo - Preintermedia | TOP 12 - PreIntermedia D | TOP 14 - Preintermedia D | Top 13 - Preintermedia D,2022 2023 2024 2025 2026,5,regatas-de-bella-vista,Regatas de Bella Vista,urba,existe,exacto
4,Regatas Bella Vista,Regatas Bella Vista E,E,preintermedia,TOP 12 - PreIntermedia E,2025,1,regatas-de-bella-vista,Regatas de Bella Vista,urba,existe,exacto
14,San Albano,San Albano,,preintermedia,PRIMERA A - Preintermedia | Primera A - PreIntermedia A | Primera A - Preintermedia A | Primera B - Preintermedia A,2022 2023 2024 2025 2026,7,san-albano,San Albano,urba,existe,exacto
14,San Albano,San Albano B,B,preintermedia,PRIMERA A - Preintermedia B | Primera A - PreIntermedia B | Primera A - Preintermedia B | Primera B - Preintermedia B,2021 2022 2023 2024 2025 2026,7,san-albano,San Albano,urba,existe,exacto
14,San Albano,San Albano C,C,preintermedia,PRIMERA A - Preintermedia C | Primera A - PreIntermedia C | Primera A - Preintermedia C,2023 2024 2025 2026,4,san-albano,San Albano,urba,existe,exacto
31,San Andres,San Andres,,preintermedia,PRIMERA A - Preintermedia | Primera A - PreIntermedia A | Primera B - PreIntermedia A,2024 2025 2026,3,san-andres,San Andrés,urba,existe,exacto
31,San Andres,San Andres B,B,preintermedia,PRIMERA A - Preintermedia B | Primera A - PreIntermedia B | Primera B - PreIntermedia B,2024 2025 2026,3,san-andres,San Andrés,urba,existe,exacto
31,San Andres,San Andres C,C,preintermedia,PRIMERA A - Preintermedia C | Primera A - PreIntermedia C,2025 2026,2,san-andres,San Andrés,urba,existe,exacto
35,San Carlos,San Carlos,,preintermedia,PRIMERA C - Preintermedia | Primera A - Preintermedia A | Primera B - PreIntermedia A | Primera B - Preintermedia A | Primera C - PreIntermedia A,2022 2023 2024 2025 2026,5,san-carlos,San Carlos,urba,existe,exacto
35,San Carlos,San Carlos B,B,preintermedia,PRIMERA C - Preintermedia B | Primera A - Preintermedia B | Primera B - PreIntermedia B | Primera B - Preintermedia B,2021 2022 2023 2024 2026,5,san-carlos,San Carlos,urba,existe,exacto
18,San Cirano,San Cirano,,preintermedia,PRIMERA A - Preintermedia | Primera A - PreIntermedia A | Primera A - Preintermedia A | Primera B - Preintermedia A,2021 2022 2023 2024 2025 2026,6,san-cirano,San Cirano,urba,existe,exacto
18,San Cirano,San Cirano B,B,preintermedia,PRIMERA A - Preintermedia B | Primera A - PreIntermedia B | Primera A - Preintermedia B,2022 2023 2024 2025 2026,5,san-cirano,San Cirano,urba,existe,exacto
18,San Cirano,San Cirano C,C,preintermedia,PRIMERA A - Preintermedia C | Primera A - PreIntermedia C | Primera A - Preintermedia C,2023 2024 2025 2026,4,san-cirano,San Cirano,urba,existe,exacto
18,San Cirano,San Cirano D,D,preintermedia,PRIMERA A - Preintermedia D,2026,1,san-cirano,San Cirano,urba,existe,exacto
18,San Cirano,San Cirano E,E,preintermedia,PRIMERA A - Preintermedia D,2026,1,san-cirano,San Cirano,urba,existe,exacto
32,San Fernando,San Fernando,,preintermedia,PRIMERA A - Preintermedia | Primera B - PreIntermedia A | Primera B - Preintermedia A,2021 2022 2023 2024 2025 2026,6,san-fernando,San Fernando,urba,existe,exacto
32,San Fernando,San Fernando B,B,preintermedia,PRIMERA A - Preintermedia B | Primera B - PreIntermedia B | Primera B - Preintermedia B,2022 2024 2025 2026,4,san-fernando,San Fernando,urba,existe,exacto
32,San Fernando,San Fernando C,C,preintermedia,PRIMERA A - Preintermedia C,2026,1,san-fernando,San Fernando,urba,existe,exacto
5,San Luis,San Luis,,preintermedia,PRIMERA A - Preintermedia | TOP 12 - PreIntermedia A | Top 12 - PreIntermedia - Zona A - Segunda Rueda | Top 12 - Preintermedia - Clasificación | Top 12 - Preintermedia A | Top 13 - Preintermedia A,2021 2022 2023 2024 2025 2026,7,san-luis,San Luis,urba,existe,exacto
5,San Luis,San Luis B,B,preintermedia,PRIMERA A - Preintermedia B | TOP 12 - PreIntermedia B | Top 12 - PreIntermedia - Zona B - Segunda Rueda | Top 12 - PreIntermedia B - Zona A - Segunda Rueda | Top 12 - Preintermedia B | Top 13 - Preintermedia B,2021 2022 2023 2024 2025 2026,7,san-luis,San Luis,urba,existe,exacto
5,San Luis,San Luis C,C,preintermedia,PRIMERA A - Preintermedia C | TOP 12 - PreIntermedia C | Top 12 - Preintermedia C | Top 13 - Preintermedia C,2022 2023 2024 2025 2026,5,san-luis,San Luis,urba,existe,exacto
5,San Luis,San Luis D,D,preintermedia,PRIMERA A - Preintermedia D | TOP 12 - PreIntermedia D | Top 12 - Preintermedia D,2023 2024 2025 2026,4,san-luis,San Luis,urba,existe,exacto
5,San Luis,San Luis E,E,preintermedia,PRIMERA A - Preintermedia D,2026,1,san-luis,San Luis,urba,existe,exacto
20,San Martin,San Martin,,preintermedia,PRIMERA B - Preintermedia | Primera A - PreIntermedia A | Primera A - Preintermedia A | Primera B - PreIntermedia A | Primera B - Preintermedia A,2021 2022 2023 2024 2025 2026,6,san-martin,San Martín,urba,existe,exacto
20,San Martin,San Martin B,B,preintermedia,PRIMERA B - Preintermedia B | Primera A - PreIntermedia B | Primera A - Preintermedia B | Primera B - PreIntermedia B | Primera B - Preintermedia B,2022 2023 2024 2025 2026,5,san-martin,San Martín,urba,existe,exacto
20,San Martin,San Martin C,C,preintermedia,PRIMERA B - Preintermedia C | Primera A - PreIntermedia C | Primera A - Preintermedia C,2023 2024 2026,3,san-martin,San Martín,urba,existe,exacto
20,San Martin,San Martin D,D,preintermedia,PRIMERA B - Preintermedia C,2026,1,san-martin,San Martín,urba,existe,exacto
56,San Miguel,San Miguel,,preintermedia,PRIMERA C - Preintermedia,2026,1,san-miguel-r-c,San Miguel R.C.,urba,existe,exacto
21,San Patricio,San Patricio,,preintermedia,PRIMERA B - Preintermedia | Primera A - PreIntermedia A | Primera A - Preintermedia A | Primera B - PreIntermedia A | Primera B - Preintermedia A,2022 2023 2024 2025 2026,5,club-san-patricio,Club San Patricio,urba,existe,exacto
21,San Patricio,San Patricio B,B,preintermedia,PRIMERA B - Preintermedia B | Primera A - PreIntermedia B | Primera B - Preintermedia B,2023 2024 2026,3,club-san-patricio,Club San Patricio,urba,existe,exacto
1,SIC,SIC,,preintermedia,TOP 12 - PreIntermedia A | TOP 14 - Preintermedia | Top 12 - PreIntermedia B - Zona B - Segunda Rueda | Top 12 - Preintermedia - Clasificación | Top 12 - Preintermedia - Semifinal | Top 12 - Preintermedia A | Top 13 - Preintermedia A | Top 13 - Preintermedia A - Final | Top 13 - Preintermedia A - Semifinal,2021 2022 2023 2024 2025 2026,10,san-isidro-club,San Isidro Club,urba,existe,exacto
1,SIC,SIC B,B,preintermedia,TOP 12 - PreIntermedia B | TOP 14 - Preintermedia B | Top 12 - PreIntermedia - Zona B - Segunda Rueda | Top 12 - Preintermedia B | Top 12 - Preintermedia B - Clasificación | Top 13 - Preintermedia B | Top 13 - Preintermedia B - Semifinal,2021 2022 2023 2024 2025 2026,8,san-isidro-club,San Isidro Club,urba,existe,exacto
1,SIC,SIC C,C,preintermedia,TOP 12 - PreIntermedia C | TOP 14 - Preintermedia C | Top 12 - Preintermedia C | Top 13 - Preintermedia C | Top 13 - Preintermedia C - Final | Top 13 - Preintermedia C - Semifinal,2022 2023 2024 2025 2026,7,san-isidro-club,San Isidro Club,urba,existe,exacto
1,SIC,SIC D,D,preintermedia,TOP 12 - PreIntermedia D | TOP 14 - Preintermedia D | Top 12 - Preintermedia D | Top 13 - Preintermedia C | Top 13 - Preintermedia C - Semifinal,2022 2023 2024 2025 2026,6,san-isidro-club,San Isidro Club,urba,existe,exacto
1,SIC,SIC E,E,preintermedia,TOP 12 - PreIntermedia D | TOP 12 - PreIntermedia E | TOP 14 - Preintermedia E | Top 12 - Preintermedia D | Top 13 - Preintermedia D,2022 2023 2024 2025 2026,5,san-isidro-club,San Isidro Club,urba,existe,exacto
1,SIC,SIC F,F,preintermedia,Desarrollo - Preintermedia | TOP 12 - PreIntermedia E | TOP 14 - Preintermedia F,2023 2025 2026,3,san-isidro-club,San Isidro Club,urba,existe,exacto
1,SIC,SIC G,G,preintermedia,TOP 12 - PreIntermedia E | TOP 14 - Preintermedia F,2025 2026,2,san-isidro-club,San Isidro Club,urba,existe,exacto
43,SITAS,SITAS,,preintermedia,PRIMERA C - Preintermedia | Primera B - Preintermedia A | Primera C - PreIntermedia A,2021 2022 2023 2024 2025 2026,6,sitas,SITAS,urba,existe,exacto
43,SITAS,SITAS B,B,preintermedia,PRIMERA C - Preintermedia B | Primera A - PreIntermedia Desarrollo | Primera B - Preintermedia B,2022 2023 2024 2026,4,sitas,SITAS,urba,existe,exacto
58,St. Brendans,St. Brendans,,preintermedia,PRIMERA C - Preintermedia | Primera C - PreIntermedia A | Primera C - Preintermedia | Primera C - Preintermedia A,2022 2023 2025 2026,4,st-brendan-s,St. Brendan's,urba,existe,exacto
72,Tigre,Tigre,,preintermedia,PRIMERA C - Preintermedia B,2026,1,,,,club_no_existe,ninguna
29,Universitario de la Plata,Universitario de La Plata,,preintermedia,PRIMERA A - Preintermedia | Primera A - PreIntermedia A | Primera B - PreIntermedia A | Primera B - Preintermedia A,2021 2022 2023 2024 2025 2026,6,universitario-de-la-plata,Universitario de La Plata,urba,existe,exacto
29,Universitario de la Plata,Universitario de la Plata B,B,preintermedia,PRIMERA A - Preintermedia B | Primera A - PreIntermedia B | Primera B - PreIntermedia B | Primera B - Preintermedia B,2022 2024 2025 2026,4,universitario-de-la-plata,Universitario de La Plata,urba,existe,exacto
45,Vicentinos,Vicentinos,,preintermedia,PRIMERA B - Preintermedia | Primera B - Preintermedia A | Primera C - PreIntermedia A | Primera C - Preintermedia A,2022 2023 2024 2025 2026,5,vicentinos,Vicentinos,urba,existe,exacto
45,Vicentinos,Vicentinos B,B,preintermedia,PRIMERA B - Preintermedia B,2026,1,vicentinos,Vicentinos,urba,existe,exacto
55,Virreyes,Virreyes,,preintermedia,PRIMERA C - Preintermedia | Primera C - PreIntermedia A | Primera C - Preintermedia,2022 2025 2026,3,virreyes-r-c,VIrreyes R.C.,urba,existe,exacto
55,Virreyes,Virreyes B,B,preintermedia,PRIMERA C - Preintermedia B,2026,1,virreyes-r-c,VIrreyes R.C.,urba,existe,exacto
98,Barcelo Rugby,Fundacion Barcelo,,universitario,Rugby Universitario - Campeonato | Universitario - Campeonato | Universitario - Campeonato - Clasificación | Universitario - Campeonato - Revancha | Universitario - Campeonato - Segunda rueda | Universitario - Campeonato - Semifinal | Universitario - Campeonato - Zona B - Rueda final | Universitario - Campeonato A - Segunda Rueda | Universitario - Top 8 | Universitario - Zona A,2021 2022 2023 2024 2025 2026,12,,,,club_no_existe,ninguna
98,Barcelo Rugby,Barcelo Rugby B,B,universitario,Rugby Universitario - Campeonato,2026,1,,,,club_no_existe,ninguna
97,CUNE,CUNE,,universitario,Rugby Universitario - Campeonato | Universitario - Campeonato | Universitario - Campeonato - Clasificación | Universitario - Campeonato - Revancha | Universitario - Campeonato - Zona B - Rueda final | Universitario - Desarrollo | Universitario - Formativo | Universitario - Top 8 | Universitario - Zona A,2021 2022 2023 2024 2025 2026,10,,,,club_no_existe,ninguna
127,Del Oeste Rugby,Del Oeste Rugby,,universitario,Rugby Universitario - Campeonato | Universitario - Top 8,2025 2026,2,,,,club_no_existe,ninguna
100,UBA Agronomia,UBA Agronomia,,universitario,Rugby Universitario - Campeonato | Universitario - Campeonato | Universitario - Campeonato - Clasificación | Universitario - Campeonato - Revancha | Universitario - Campeonato - Segunda rueda | Universitario - Campeonato - Semifinal | Universitario - Campeonato - Zona B - Rueda final | Universitario - Campeonato A - Segunda Rueda | Universitario - Desarrollo - Segunda Rueda | Universitario - Top 8,2021 2022 2023 2024 2025 2026,12,,,,club_no_existe,ninguna
100,UBA Agronomia,UBA Agronomia B,B,universitario,Universitario - Desarrollo | Universitario - Formativo | Universitario - Primera  B,2023 2024 2025,3,,,,club_no_existe,ninguna
219,UBA Escuela Tecnica,UBA Escuela Tecnica,,universitario,Universitario - Campeonato A - Segunda Rueda | Universitario - Desarrollo - Clasificación | Universitario - Desarrollo - Semifinal | Universitario - Zona A,2021 2022,4,,,,club_no_existe,ninguna
101,UBA Ingenieria,UBA Ingenieria,,universitario,Rugby Universitario - Campeonato | Universitario - Campeonato | Universitario - Campeonato - Clasificación | Universitario - Campeonato - Revancha | Universitario - Campeonato - Segunda rueda | Universitario - Campeonato - Semifinal | Universitario - Campeonato - Zona A - Rueda final | Universitario - Campeonato A - Segunda Rueda | Universitario - Desarrollo - Segunda Rueda | Universitario - Top 8,2021 2022 2023 2024 2025 2026,12,,,,club_no_existe,ninguna
102,UBA Medicina,UBA Medicina,,universitario,Rugby Universitario - Campeonato | Universitario - Campeonato | Universitario - Campeonato B - Segunda Rueda | Universitario - Desarrollo | Universitario - Desarrollo - Clasificación | Universitario - Desarrollo - Segunda Rueda | Universitario - Desarrollo - Semifinal | Universitario - Formativo | Universitario - Primera  B,2021 2022 2023 2024 2025 2026,10,,,,club_no_existe,ninguna
220,UBA Sociales,UBA Sociales,,universitario,Universitario - Campeonato B - Segunda Rueda | Universitario - Zona A,2021,2,,,,club_no_existe,ninguna
104,UBA Veterinaria,UBA Veterinaria,,universitario,Universitario - Campeonato | Universitario - Campeonato - Segunda rueda | Universitario - Desarrollo | Universitario - Primera  B | Universitario - Top 8,2023 2024 2025,5,,,,club_no_existe,ninguna
96,UCA la Plata,UCA la Plata,,universitario,Rugby Universitario - Campeonato | Universitario - Campeonato | Universitario - Campeonato - Clasificación | Universitario - Campeonato - Revancha | Universitario - Campeonato - Segunda rueda | Universitario - Campeonato - Zona A - Rueda final | Universitario - Desarrollo - Segunda Rueda | Universitario - Top 8,2021 2022 2023 2024 2025 2026,10,,,,club_no_existe,ninguna
106,Univ. Nac de la Matanza,Universidad de la Matanza,,universitario,Rugby Universitario - Campeonato | Universitario - Campeonato | Universitario - Desarrollo | Universitario - Desarrollo - Clasificación | Universitario - Desarrollo - Segunda Rueda | Universitario - Desarrollo - Semifinal | Universitario - Formativo | Universitario - Primera  B,2021 2022 2023 2024 2025 2026,9,,,,club_no_existe,ninguna
95,Univ. Nac de la Plata,Univ. Nac. De la Plata,,universitario,Rugby Universitario - Campeonato | Universitario - Campeonato | Universitario - Campeonato - Clasificación | Universitario - Campeonato - Revancha | Universitario - Campeonato - Segunda rueda | Universitario - Campeonato - Semifinal | Universitario - Campeonato - Zona A - Rueda final | Universitario - Top 8 | Universitario - Zona A,2021 2022 2023 2024 2025 2026,11,,,,club_no_existe,ninguna
99,Univ. Nac de Lomas,Universidad de Lomas,,universitario,Rugby Universitario - Campeonato | Universitario - Campeonato | Universitario - Desarrollo | Universitario - Desarrollo - Clasificación | Universitario - Desarrollo - Semifinal | Universitario - Top 8,2022 2023 2024 2025 2026,8,,,,club_no_existe,ninguna
116,Univ. Nac de Quilmes,Universidad de Quilmes,,universitario,Universitario - Desarrollo - Clasificación,2022,1,,,,club_no_existe,ninguna
103,Univ. Nac de San Martin,Univ. Nac de San Martin,,universitario,Rugby Universitario - Campeonato | Universitario - Desarrollo | Universitario - Formativo | Universitario - Primera  B,2024 2025 2026,4,,,,club_no_existe,ninguna
107,UNTREF,UNTREF,,universitario,Rugby Universitario - Campeonato | Universitario - Campeonato | Universitario - Campeonato B - Segunda Rueda | Universitario - Desarrollo | Universitario - Desarrollo - Clasificación | Universitario - Desarrollo - Segunda Rueda | Universitario - Formativo | Universitario - Primera  B,2021 2022 2023 2024 2025 2026,9,,,,club_no_existe,ninguna
94,UTN Haedo,UTN Haedo,,universitario,Universitario - Campeonato | Universitario - Campeonato B - Segunda Rueda | Universitario - Desarrollo | Universitario - Desarrollo - Clasificación | Universitario - Desarrollo - Segunda Rueda | Universitario - Top 8,2021 2022 2023 2024,7,,,,club_no_existe,ninguna
105,UTN Medrano,UTN Medrano,,universitario,Rugby Universitario - Campeonato | Universitario - Campeonato | Universitario - Campeonato B - Segunda Rueda | Universitario - Desarrollo | Universitario - Desarrollo - Clasificación | Universitario - Formativo | Universitario - Primera  B | Universitario - Zona A,2021 2022 2023 2024 2025 2026,9,,,,club_no_existe,ninguna