urba_id,external_id,nombre,anio,division,age_grade,gender,rueda,rueda_mostrada,series_key,equipos,partidos,partidos_jugados,g22_tournament_id,g22_nombre,g22_external_id_ajeno,g22_modelo,estado,confianza
2021001,urba:2021001,Desarrollo - Intermedia,2021,Desarrollo,mayores,masculino,unica,unica,,9,32,32,,,,,falta,ninguna
2021002,urba:2021002,Desarrollo - Superior,2021,Desarrollo,mayores,masculino,unica,unica,,11,58,58,,,,,falta,ninguna
2021003,urba:2021003,Empresarial - Zona A,2021,Empresarial,mayores,masculino,unica,unica,,8,28,28,,,,,falta,ninguna
2021004,urba:2021004,Empresarial - Zona B,2021,Empresarial,mayores,masculino,unica,unica,,9,35,35,,,,,falta,ninguna
2021005,urba:2021005,Femenino - SEVEN - Campeonato - Segunda Rueda,2021,otro,mayores,femenino,segunda,segunda,,6,15,15,,,,,falta,ninguna
2021006,urba:2021006,Femenino - SEVEN - Desarrollo - Segunda Rueda,2021,Desarrollo,mayores,femenino,segunda,segunda,,5,10,10,,,,,falta,ninguna
2021007,urba:2021007,Femenino - Seven - Zona A,2021,otro,mayores,femenino,unica,unica,,5,10,10,,,,,falta,ninguna
2021008,urba:2021008,Femenino - Seven - Zona B,2021,otro,mayores,femenino,unica,unica,,5,10,10,,,,,falta,ninguna
2021009,urba:2021009,Femenino - Ten - Zona A,2021,otro,mayores,femenino,unica,unica,,6,15,15,,,,,falta,ninguna
2021010,urba:2021010,Femenino - Ten - Zona B,2021,otro,mayores,femenino,unica,unica,,6,15,15,,,,,falta,ninguna
2021011,urba:2021011,Femenino - Ten - Zona Campeonato - Segunda Rueda,2021,otro,mayores,femenino,segunda,segunda,,4,6,6,,,,,falta,ninguna
2021012,urba:2021012,Femenino - Zona Campeonato - Segunda Rueda,2021,otro,mayores,femenino,segunda,segunda,,4,6,6,,,,,falta,ninguna
2021013,urba:2021013,Femenino - Zona Desarrollo - Segunda Rueda,2021,Desarrollo,mayores,femenino,segunda,segunda,,4,6,6,,,,,falta,ninguna
2021014,urba:2021014,Menores de 15 - Grupo 1 - Formativa A - Segunda Rueda,2021,Formativo,M15,masculino,segunda,segunda,,8,26,26,,,,,falta,ninguna
2021015,urba:2021015,Menores de 15 - Grupo 1 - Zona A - Segunda Rueda,2021,otro,M15,masculino,segunda,segunda,,8,25,25,,,,,falta,ninguna
2021016,urba:2021016,Menores de 15 - Grupo 1 - Zona B - Segunda Rueda,2021,otro,M15,masculino,segunda,segunda,,8,28,28,,,,,falta,ninguna
2021017,urba:2021017,Menores de 15 - Grupo 1 - Zona C - Segunda Rueda,2021,otro,M15,masculino,segunda,segunda,,10,33,33,,,,,falta,ninguna
2021018,urba:2021018,Menores de 15 - Grupo 2 - Zona A - Segunda Rueda,2021,otro,M15,masculino,segunda,segunda,,8,28,28,,,,,falta,ninguna
2021019,urba:2021019,Menores de 15 - Grupo 2 - Zona A - Equipos B - Segunda Rueda,2021,otro,M15,masculino,segunda,segunda,,8,28,28,,,,,falta,ninguna
2021020,urba:2021020,Menores de 15 - Grupo 2 - Zona B - Segunda Rueda,2021,otro,M15,masculino,segunda,segunda,,8,28,28,,,,,falta,ninguna
2021021,urba:2021021,Menores de 15 - Grupo 2 - Zona B - Equipos B - Segunda Rueda,2021,otro,M15,masculino,segunda,segunda,,8,28,28,,,,,falta,ninguna
2021022,urba:2021022,Menores de 15 - Grupo 2 - Zona C - Segunda Rueda,2021,otro,M15,masculino,segunda,segunda,,8,28,28,,,,,falta,ninguna
2021023,urba:2021023,Menores de 15 - Grupo 2 - Zona C - Equipos B - Segunda Rueda,2021,otro,M15,masculino,segunda,segunda,,8,28,28,,,,,falta,ninguna
2021024,urba:2021024,Menores de 15 - Grupo 2 - Zona D - Segunda Rueda,2021,otro,M15,masculino,segunda,segunda,,9,28,28,,,,,falta,ninguna
2021025,urba:2021025,Menores de 15 - Grupo 2 - Zona D - Equipos B - Segunda Rueda,2021,otro,M15,masculino,segunda,segunda,,9,28,28,,,,,falta,ninguna
2021026,urba:2021026,Menores de 16 - Grupo 1 - Formativa A - Segunda Rueda,2021,Formativo,M16,masculino,segunda,segunda,,10,34,34,,,,,falta,ninguna
2021027,urba:2021027,Menores de 16 - Grupo 1 - Zona A - Segunda Rueda,2021,otro,M16,masculino,segunda,segunda,,8,27,27,,,,,falta,ninguna
2021028,urba:2021028,Menores de 16 - Grupo 1 - Zona B - Segunda Rueda,2021,otro,M16,masculino,segunda,segunda,,8,28,28,,,,,falta,ninguna
2021029,urba:2021029,Menores de 16 - Grupo 1 - Zona C - Primera Rueda,2021,otro,M16,masculino,primera,primera,urba:serie:2021029,9,28,28,,,,,falta,ninguna
2021030,urba:2021030,Menores de 16 - Grupo 1 - Zona C - Segunda Rueda,2021,otro,M16,masculino,segunda,segunda,urba:serie:2021029,8,28,28,,,,,falta,ninguna
2021031,urba:2021031,Menores de 16 - Grupo 1 - Zona D - Primera Rueda,2021,otro,M16,masculino,primera,primera,urba:serie:2021031,6,15,15,,,,,falta,ninguna
2021032,urba:2021032,Menores de 16 - Grupo 1 - Zona D - Segunda Rueda,2021,otro,M16,masculino,segunda,segunda,urba:serie:2021031,8,27,27,,,,,falta,ninguna
2021033,urba:2021033,Menores de 16 - Grupo 1 - Zona E,2021,otro,M16,masculino,unica,unica,,7,21,21,,,,,falta,ninguna
2021034,urba:2021034,Menores de 16 - Grupo 2 - Zona A - Primera Rueda,2021,otro,M16,masculino,primera,primera,urba:serie:2021034,8,28,28,,,,,falta,ninguna
2021035,urba:2021035,Menores de 16 - Grupo 2 - Zona A - Segunda Rueda,2021,otro,M16,masculino,segunda,segunda,urba:serie:2021034,8,28,28,,,,,falta,ninguna
2021036,urba:2021036,Menores de 16 - Grupo 2 - Zona A - Equipos B - Primera Rueda,2021,otro,M16,masculino,primera,primera,urba:serie:2021036,8,28,28,,,,,falta,ninguna
2021037,urba:2021037,Menores de 16 - Grupo 2 - Zona A - Equipos B - Segunda Rueda,2021,otro,M16,masculino,segunda,segunda,urba:serie:2021036,8,28,28,,,,,falta,ninguna
2021038,urba:2021038,Menores de 16 - Grupo 2 - Zona B - Primera Rueda,2021,otro,M16,masculino,primera,primera,urba:serie:2021038,7,21,21,,,,,falta,ninguna
2021039,urba:2021039,Menores de 16 - Grupo 2 - Zona B - Segunda Rueda,2021,otro,M16,masculino,segunda,segunda,urba:serie:2021038,8,31,31,,,,,falta,ninguna
2021040,urba:2021040,Menores de 16 - Grupo 2 - Zona B - Equipos B - Primera Rueda,2021,otro,M16,masculino,primera,primera,urba:serie:2021040,7,21,21,,,,,falta,ninguna
2021041,urba:2021041,Menores de 16 - Grupo 2 - Zona B - Equipos B - Segunda Rueda,2021,otro,M16,masculino,segunda,segunda,urba:serie:2021040,8,24,24,,,,,falta,ninguna
2021042,urba:2021042,Menores de 16 - Grupo 2 - Zona C - Primera Rueda,2021,otro,M16,masculino,primera,primera,urba:serie:2021042,6,15,15,,,,,falta,ninguna
2021043,urba:2021043,Menores de 16 - Grupo 2 - Zona C - Segunda Rueda,2021,otro,M16,masculino,segunda,segunda,urba:serie:2021042,8,28,28,,,,,falta,ninguna
2021044,urba:2021044,Menores de 16 - Grupo 2 - Zona C - Equipos B - Primera Rueda,2021,otro,M16,masculino,primera,primera,urba:serie:2021044,6,15,15,,,,,falta,ninguna
2021045,urba:2021045,Menores de 16 - Grupo 2 - Zona C - Equipos B - Segunda Rueda,2021,otro,M16,masculino,segunda,segunda,urba:serie:2021044,8,27,27,,,,,falta,ninguna
2021046,urba:2021046,Menores de 16 - Grupo 2 - Zona D - Primera Rueda,2021,otro,M16,masculino,primera,primera,urba:serie:2021046,7,21,21,,,,,falta,ninguna
2021047,urba:2021047,Menores de 16 - Grupo 2 - Zona D - Segunda Rueda,2021,otro,M16,masculino,segunda,segunda,urba:serie:2021046,10,33,33,,,,,falta,ninguna
2021048,urba:2021048,Menores de 16 - Grupo 2 - Zona D - Equipos B - Primera Rueda,2021,otro,M16,masculino,primera,primera,urba:serie:2021048,7,21,21,,,,,falta,ninguna
2021049,urba:2021049,Menores de 16 - Grupo 2 - Zona D - Equipos B - Segunda Rueda,2021,otro,M16,masculino,segunda,segunda,urba:serie:2021048,10,29,29,,,,,falta,ninguna
2021050,urba:2021050,Menores de 17 - Grupo 1 - Formativa A - Segunda Rueda,2021,Formativo,M17,masculino,segunda,segunda,,9,24,24,,,,,falta,ninguna
2021051,urba:2021051,Menores de 17 - Grupo 1 - Zona A - Primera Rueda,2021,otro,M17,masculino,primera,primera,urba:serie:2021051,9,27,27,,,,,falta,ninguna
2021052,urba:2021052,Menores de 17 - Grupo 1 - Zona A - Segunda Rueda,2021,otro,M17,masculino,segunda,segunda,urba:serie:2021051,6,15,15,,,,,falta,ninguna
2021053,urba:2021053,Menores de 17 - Grupo 1 - Zona B - Primera Rueda,2021,otro,M17,masculino,primera,primera,urba:serie:2021053,6,14,14,,,,,falta,ninguna
2021054,urba:2021054,Menores de 17 - Grupo 1 - Zona B - Segunda Rueda,2021,otro,M17,masculino,segunda,segunda,urba:serie:2021053,6,14,14,,,,,falta,ninguna
2021055,urba:2021055,Menores de 17 - Grupo 2 - Zona A - Primera Rueda,2021,otro,M17,masculino,primera,primera,urba:serie:2021055,9,28,28,,,,,falta,ninguna
2021056,urba:2021056,Menores de 17 - Grupo 2 - Zona A - Segunda Rueda,2021,otro,M17,masculino,segunda,segunda,urba:serie:2021055,8,27,27,,,,,falta,ninguna
2021057,urba:2021057,Menores de 17 - Grupo 2 - Zona A - Equipos B - Primera Rueda,2021,otro,M17,masculino,primera,primera,urba:serie:2021057,9,27,27,,,,,falta,ninguna
2021058,urba:2021058,Menores de 17 - Grupo 2 - Zona A - Equipos B - Segunda Rueda,2021,otro,M17,masculino,segunda,segunda,urba:serie:2021057,8,27,27,,,,,falta,ninguna
2021059,urba:2021059,Menores de 17 - Grupo 2 - Zona B - Primera Rueda,2021,otro,M17,masculino,primera,primera,urba:serie:2021059,9,28,28,,,,,falta,ninguna
2021060,urba:2021060,Menores de 17 - Grupo 2 - Zona B - Segunda Rueda,2021,otro,M17,masculino,segunda,segunda,urba:serie:2021059,8,28,28,,,,,falta,ninguna
2021061,urba:2021061,Menores de 17 - Grupo 2 - Zona B - Equipos B - Primera Rueda,2021,otro,M17,masculino,primera,primera,urba:serie:2021061,9,28,28,,,,,falta,ninguna
2021062,urba:2021062,Menores de 17 - Grupo 2 - Zona B - Equipos B - Segunda Rueda,2021,otro,M17,masculino,segunda,segunda,urba:serie:2021061,8,21,21,,,,,falta,ninguna
2021063,urba:2021063,Menores de 17 - Grupo 2 - Zona C - Primera Rueda,2021,otro,M17,masculino,primera,primera,urba:serie:2021063,6,13,13,,,,,falta,ninguna
2021064,urba:2021064,Menores de 17 - Grupo 2 - Zona C - Segunda Rueda,2021,otro,M17,masculino,segunda,segunda,urba:serie:2021063,6,15,15,,,,,falta,ninguna
2021065,urba:2021065,Menores de 17 - Grupo 2 - Zona C - Equipos B - Primera Rueda,2021,otro,M17,masculino,primera,primera,urba:serie:2021065,6,13,13,,,,,falta,ninguna
2021066,urba:2021066,Menores de 17 - Grupo 2 - Zona C - Equipos B - Segunda Rueda,2021,otro,M17,masculino,segunda,segunda,urba:serie:2021065,6,17,17,,,,,falta,ninguna
2021067,urba:2021067,Menores de 18 - Grupo 1 - Formativa A - Primera Rueda,2021,Formativo,M18,masculino,primera,primera,urba:serie:2021067,5,10,10,,,,,falta,ninguna
2021068,urba:2021068,Menores de 18 - Grupo 1 - Formativa A - Segunda Rueda,2021,Formativo,M18,masculino,segunda,segunda,urba:serie:2021067,10,30,30,,,,,falta,ninguna
2021069,urba:2021069,Menores de 18 - Grupo 1 - Formativa B,2021,Formativo,M18,masculino,unica,unica,,6,14,14,,,,,falta,ninguna
2021070,urba:2021070,Menores de 18 - Grupo 1 - Zona A - Primera Rueda,2021,otro,M18,masculino,primera,primera,urba:serie:2021070,8,28,28,,,,,falta,ninguna
2021071,urba:2021071,Menores de 18 - Grupo 1 - Zona A - Segunda Rueda,2021,otro,M18,masculino,segunda,segunda,urba:serie:2021070,8,28,28,,,,,falta,ninguna
2021072,urba:2021072,Menores de 18 - Grupo 1 - Zona B - Primera Rueda,2021,otro,M18,masculino,primera,primera,urba:serie:2021072,8,28,28,,,,,falta,ninguna
2021073,urba:2021073,Menores de 18 - Grupo 1 - Zona B - Segunda Rueda,2021,otro,M18,masculino,segunda,segunda,urba:serie:2021072,7,20,20,,,,,falta,ninguna
2021074,urba:2021074,Menores de 18 - Grupo 1 - Zona C - Primera Rueda,2021,otro,M18,masculino,primera,primera,urba:serie:2021074,8,28,28,,,,,falta,ninguna
2021075,urba:2021075,Menores de 18 - Grupo 1 - Zona C - Segunda Rueda,2021,otro,M18,masculino,segunda,segunda,urba:serie:2021074,5,10,10,,,,,falta,ninguna
2021076,urba:2021076,Menores de 18 - Grupo 2 - Zona A - Primera Rueda,2021,otro,M18,masculino,primera,primera,urba:serie:2021076,6,15,15,,,,,falta,ninguna
2021077,urba:2021077,Menores de 18 - Grupo 2 - Zona A - Segunda Rueda,2021,otro,M18,masculino,segunda,segunda,urba:serie:2021076,8,28,28,,,,,falta,ninguna
2021078,urba:2021078,Menores de 18 - Grupo 2 - Zona A - Equipos B - Primera Rueda,2021,otro,M18,masculino,primera,primera,urba:serie:2021078,6,14,14,,,,,falta,ninguna
2021079,urba:2021079,Menores de 18 - Grupo 2 - Zona A - Equipos B - Segunda Rueda,2021,otro,M18,masculino,segunda,segunda,urba:serie:2021078,8,26,26,,,,,falta,ninguna
2021080,urba:2021080,Menores de 18 - Grupo 2 - Zona B - Primera Rueda,2021,otro,M18,masculino,primera,primera,urba:serie:2021080,7,21,21,,,,,falta,ninguna
2021081,urba:2021081,Menores de 18 - Grupo 2 - Zona B - Segunda Rueda,2021,otro,M18,masculino,segunda,segunda,urba:serie:2021080,8,27,27,,,,,falta,ninguna
2021082,urba:2021082,Menores de 18 - Grupo 2 - Zona B - Equipos B - Primera Rueda,2021,otro,M18,masculino,primera,primera,urba:serie:2021082,7,21,21,,,,,falta,ninguna
2021083,urba:2021083,Menores de 18 - Grupo 2 - Zona B - Equipos B - Segunda Rueda,2021,otro,M18,masculino,segunda,segunda,urba:serie:2021082,8,25,25,,,,,falta,ninguna
2021084,urba:2021084,Menores de 18 - Grupo 2 - Zona C - Primera Rueda,2021,otro,M18,masculino,primera,primera,urba:serie:2021084,10,35,35,,,,,falta,ninguna
2021085,urba:2021085,Menores de 18 - Grupo 2 - Zona C - Segunda Rueda,2021,otro,M18,masculino,segunda,segunda,urba:serie:2021084,8,28,28,,,,,falta,ninguna
2021086,urba:2021086,Menores de 18 - Grupo 2 - Zona C - Equipos B - Primera Rueda,2021,otro,M18,masculino,primera,primera,urba:serie:2021086,10,35,35,,,,,falta,ninguna
2021087,urba:2021087,Menores de 18 - Grupo 2 - Zona C - Equipos B - Segunda Rueda,2021,otro,M18,masculino,segunda,segunda,urba:serie:2021086,8,27,27,,,,,falta,ninguna
2021088,urba:2021088,Menores de 18 - Grupo 2 - Zona D - Primera Rueda,2021,otro,M18,masculino,primera,primera,urba:serie:2021088,9,28,28,,,,,falta,ninguna
2021089,urba:2021089,Menores de 18 - Grupo 2 - Zona D - Segunda Rueda,2021,otro,M18,masculino,segunda,segunda,urba:serie:2021088,8,28,28,,,,,falta,ninguna
2021090,urba:2021090,Menores de 18 - Grupo 2 - Zona D - Equipos B - Primera Rueda,2021,otro,M18,masculino,primera,primera,urba:serie:2021090,9,28,28,,,,,falta,ninguna
2021091,urba:2021091,Menores de 18 - Grupo 2 - Zona D - Equipos B - Segunda Rueda,2021,otro,M18,masculino,segunda,segunda,urba:serie:2021090,8,28,28,,,,,falta,ninguna
2021092,urba:2021092,Menores de 18 - Grupo 2 - Zona E - Primera Rueda,2021,otro,M18,masculino,primera,primera,urba:serie:2021092,17,35,35,,,,,falta,ninguna
2021093,urba:2021093,Menores de 18 - Grupo 2 - Zona E - Segunda Rueda,2021,otro,M18,masculino,segunda,segunda,urba:serie:2021092,8,28,28,,,,,falta,ninguna
2021094,urba:2021094,Menores de 18 - Grupo 2 - Zona E - Equipos B - Primera Rueda,2021,otro,M18,masculino,primera,primera,urba:serie:2021094,7,1,1,,,,,falta,ninguna
2021095,urba:2021095,Menores de 18 - Grupo 2 - Zona E - Equipos B - Segunda Rueda,2021,otro,M18,masculino,segunda,segunda,urba:serie:2021094,8,27,27,,,,,falta,ninguna
2021096,urba:2021096,Menores de 18 - Grupo 2 - Zona F - Segunda Rueda,2021,otro,M18,masculino,segunda,segunda,,7,21,21,,,,,falta,ninguna
2021097,urba:2021097,Menores de 18 - Grupo 2 - Zona F - Equipos B - Segunda Rueda,2021,otro,M18,masculino,segunda,segunda,,7,21,21,,,,,falta,ninguna
2021098,urba:2021098,Menores de 20 - Grupo 1 - Zona A - Primera Rueda,2021,otro,M20,masculino,primera,primera,urba:serie:2021098,7,21,21,,,,,falta,ninguna
2021099,urba:2021099,Menores de 20 - Grupo 1 - Zona A - Segunda Rueda,2021,otro,M20,masculino,segunda,segunda,urba:serie:2021098,11,35,35,,,,,falta,ninguna
2021100,urba:2021100,Menores de 20 - Grupo 1 - Zona B,2021,otro,M20,masculino,unica,unica,,6,15,15,,,,,falta,ninguna
2021101,urba:2021101,Menores de 20 - Grupo 1 - Zona C,2021,otro,M20,masculino,unica,unica,,5,10,10,,,,,falta,ninguna
2021102,urba:2021102,Menores de 20 - Grupo 2 - Zona A - Primera Rueda,2021,otro,M20,masculino,primera,primera,urba:serie:2021102,8,28,28,,,,,falta,ninguna
2021103,urba:2021103,Menores de 20 - Grupo 2 - Zona A - Segunda Rueda,2021,otro,M20,masculino,segunda,segunda,urba:serie:2021102,8,28,28,,,,,falta,ninguna
2021104,urba:2021104,Menores de 20 - Grupo 2 - Zona A - Equipos B - Primera Rueda,2021,otro,M20,masculino,primera,primera,urba:serie:2021104,8,28,28,,,,,falta,ninguna
2021105,urba:2021105,Menores de 20 - Grupo 2 - Zona A - Equipos B - Segunda Rueda,2021,otro,M20,masculino,segunda,segunda,urba:serie:2021104,8,27,27,,,,,falta,ninguna
2021106,urba:2021106,Menores de 20 - Grupo 2 - Zona B - Primera Rueda,2021,otro,M20,masculino,primera,primera,urba:serie:2021106,8,28,28,,,,,falta,ninguna
2021107,urba:2021107,Menores de 20 - Grupo 2 - Zona B - Segunda Rueda,2021,otro,M20,masculino,segunda,segunda,urba:serie:2021106,8,28,28,,,,,falta,ninguna
2021108,urba:2021108,Menores de 20 - Grupo 2 - Zona B - Equipos B - Primera Rueda,2021,otro,M20,masculino,primera,primera,urba:serie:2021108,8,28,28,,,,,falta,ninguna
2021109,urba:2021109,Menores de 20 - Grupo 2 - Zona B - Equipos B - Segunda Rueda,2021,otro,M20,masculino,segunda,segunda,urba:serie:2021108,8,24,24,,,,,falta,ninguna
2021110,urba:2021110,Menores de 20 - Grupo 2 - Zona C - Primera Rueda,2021,otro,M20,masculino,primera,primera,urba:serie:2021110,7,21,21,,,,,falta,ninguna
2021111,urba:2021111,Menores de 20 - Grupo 2 - Zona C - Segunda Rueda,2021,otro,M20,masculino,segunda,segunda,urba:serie:2021110,8,28,28,,,,,falta,ninguna
2021112,urba:2021112,Menores de 20 - Grupo 2 - Zona C - Equipos B - Primera Rueda,2021,otro,M20,masculino,primera,primera,urba:serie:2021112,7,21,21,,,,,falta,ninguna
2021113,urba:2021113,Menores de 20 - Grupo 2 - Zona C - Equipos B - Segunda Rueda,2021,otro,M20,masculino,segunda,segunda,urba:serie:2021112,8,27,27,,,,,falta,ninguna
2021114,urba:2021114,Primera A - Superior,2021,Primera A,mayores,masculino,unica,unica,,14,94,94,,,,,falta,ninguna
2021115,urba:2021115,Primera A - Preintermedia B,2021,Primera A,mayores,masculino,unica,unica,,7,21,21,,,,,falta,ninguna
2021116,urba:2021116,Primera B - Superior,2021,Primera B,mayores,masculino,unica,unica,,14,94,94,,,,,falta,ninguna
2021117,urba:2021117,Primera B - Intermedia,2021,Primera B,mayores,masculino,unica,unica,,14,91,91,,,,,falta,ninguna
2021118,urba:2021118,Primera B - Preintermedia A,2021,Primera B,mayores,masculino,unica,unica,,12,66,66,,,,,falta,ninguna
2021119,urba:2021119,Primera C - Superior,2021,Primera C,mayores,masculino,unica,unica,,14,94,94,,,,,falta,ninguna
2021120,urba:2021120,Primera C - Intermedia,2021,Primera C,mayores,masculino,unica,unica,,14,91,91,,,,,falta,ninguna
2021121,urba:2021121,Segunda,2021,Segunda,mayores,masculino,unica,unica,,14,94,94,,,,,falta,ninguna
2021122,urba:2021122,Tercera - Superior,2021,Tercera,mayores,masculino,unica,unica,,12,69,69,,,,,falta,ninguna
2021123,urba:2021123,Tercera - Intermedia,2021,Tercera,mayores,masculino,unica,unica,,10,43,43,,,,,falta,ninguna
2021124,urba:2021124,Top 12 - Superior,2021,Top 12,mayores,masculino,unica,unica,,12,66,66,,,,,falta,ninguna
2021125,urba:2021125,Top 12 - Intermedia - Clasificación,2021,Top 12,mayores,masculino,unica,unica,,12,69,69,,,,,falta,ninguna
2021126,urba:2021126,Top 12 - Intermedia - Zona A - Segunda Rueda,2021,Top 12,mayores,masculino,segunda,segunda,,6,15,15,,,,,falta,ninguna
2021127,urba:2021127,Top 12 - Intermedia - Zona B - Segunda Rueda,2021,Top 12,mayores,masculino,segunda,segunda,,6,15,15,,,,,falta,ninguna
2021128,urba:2021128,Top 12 - Preintermedia - Clasificación,2021,Top 12,mayores,masculino,unica,unica,,12,66,66,,,,,falta,ninguna
2021129,urba:2021129,Top 12 - Preintermedia - Semifinal,2021,Top 12,mayores,masculino,unica,unica,,6,16,16,,,,,falta,ninguna
2021130,urba:2021130,Top 12 - PreIntermedia - Zona A - Segunda Rueda,2021,Top 12,mayores,masculino,segunda,segunda,,6,15,15,,,,,falta,ninguna
2021131,urba:2021131,Top 12 - PreIntermedia - Zona B - Segunda Rueda,2021,Top 12,mayores,masculino,segunda,segunda,,11,55,55,,,,,falta,ninguna
2021132,urba:2021132,Top 12 - Preintermedia B - Clasificación,2021,Top 12,mayores,masculino,unica,unica,,5,9,9,,,,,falta,ninguna
2021133,urba:2021133,Top 12 - PreIntermedia B - Zona A - Segunda Rueda,2021,Top 12,mayores,masculino,segunda,segunda,,6,15,15,,,,,falta,ninguna
2021134,urba:2021134,Top 12 - PreIntermedia B - Zona B - Segunda Rueda,2021,Top 12,mayores,masculino,segunda,segunda,,6,16,16,,,,,falta,ninguna
2021135,urba:2021135,Top 12 - Superior - Zona A - Segunda Rueda,2021,Top 12,mayores,masculino,segunda,segunda,,6,15,15,,,,,falta,ninguna
2021136,urba:2021136,Top 12 - Superior - Zona B - Segunda Rueda,2021,Top 12,mayores,masculino,segunda,segunda,,4,6,6,,,,,falta,ninguna
2021137,urba:2021137,Universitario - Campeonato A - Segunda Rueda,2021,Universitario,mayores,masculino,segunda,segunda,,4,6,6,,,,,falta,ninguna
2021138,urba:2021138,Universitario - Campeonato B - Segunda Rueda,2021,Universitario,mayores,masculino,segunda,segunda,,5,5,5,,,,,falta,ninguna
2021139,urba:2021139,Universitario - Desarrollo - Segunda Rueda,2021,Desarrollo,mayores,masculino,segunda,segunda,,7,21,21,,,,,falta,ninguna
2021140,urba:2021140,Universitario - Zona A,2021,Universitario,mayores,masculino,unica,unica,,6,15,15,,,,,falta,ninguna
2021141,urba:2021141,Universitario - Zona B,2021,Universitario,mayores,masculino,unica,unica,,0,0,0,,,,,falta,ninguna
2022001,urba:2022001,Desarrollo - Intermedia - Clasificación,2022,Desarrollo,mayores,masculino,unica,unica,,10,88,88,,,,,falta,ninguna
2022002,urba:2022002,Desarrollo - Intermedia - Torneo final A,2022,Desarrollo,mayores,masculino,unica,unica,,5,10,10,,,,,falta,ninguna
2022003,urba:2022003,Desarrollo - Intermedia - Torneo final B,2022,Desarrollo,mayores,masculino,unica,unica,,5,6,6,,,,,falta,ninguna
2022004,urba:2022004,Desarrollo - Superior - Clasificación,2022,Desarrollo,mayores,masculino,unica,unica,,10,89,89,,,,,falta,ninguna
2022005,urba:2022005,Desarrollo - Superior - Torneo final A,2022,Desarrollo,mayores,masculino,unica,unica,,5,10,10,,,,,falta,ninguna
2022006,urba:2022006,Desarrollo - Superior - Torneo final B,2022,Desarrollo,mayores,masculino,unica,unica,,5,10,10,,,,,falta,ninguna
2022007,urba:2022007,Empresarial - Campeonato - Clasificación,2022,Empresarial,mayores,masculino,unica,unica,,9,36,36,,,,,falta,ninguna
2022008,urba:2022008,Empresarial - Campeonato - Revancha A,2022,Empresarial,mayores,masculino,unica,unica,,5,10,10,,,,,falta,ninguna
2022009,urba:2022009,Empresarial - Campeonato - Revancha B,2022,Empresarial,mayores,masculino,unica,unica,,4,6,6,,,,,falta,ninguna
2022010,urba:2022010,Empresarial - Desarrollo,2022,Desarrollo,mayores,masculino,unica,unica,,13,77,77,,,,,falta,ninguna
2022011,urba:2022011,Femenino - Campeonato 12 - Clasificación,2022,otro,mayores,femenino,unica,unica,,6,30,30,,,,,falta,ninguna
2022012,urba:2022012,Femenino - Campeonato 12 - Revancha,2022,otro,mayores,femenino,unica,unica,,6,15,15,,,,,falta,ninguna
2022013,urba:2022013,Femenino - Seven - Clasificación,2022,otro,mayores,femenino,unica,unica,,8,56,56,,,,,falta,ninguna
2022014,urba:2022014,Femenino - Seven - Revancha A,2022,otro,mayores,femenino,unica,unica,,4,6,6,,,,,falta,ninguna
2022015,urba:2022015,Femenino - Seven - Revancha B,2022,otro,mayores,femenino,unica,unica,,4,6,6,,,,,falta,ninguna
2022016,urba:2022016,Femenino - Ten,2022,otro,mayores,femenino,unica,unica,,10,90,90,,,,,falta,ninguna
2022017,urba:2022017,Menores de 15 - Grupo 1 - Formativa - Segunda Rueda,2022,Formativo,M15,masculino,segunda,segunda,,14,77,77,,,,,falta,ninguna
2022018,urba:2022018,Menores de 15 - Grupo 1 - Formativa A,2022,Formativo,M15,masculino,unica,unica,,13,64,64,,,,,falta,ninguna
2022019,urba:2022019,Menores de 15 - Grupo 1 - Zona A - Primera Rueda,2022,otro,M15,masculino,primera,primera,urba:serie:2022019,12,66,66,,,,,falta,ninguna
2022020,urba:2022020,Menores de 15 - Grupo 1 - Zona A - Segunda Rueda,2022,otro,M15,masculino,segunda,segunda,urba:serie:2022019,11,53,53,,,,,falta,ninguna
2022021,urba:2022021,Menores de 15 - Grupo 1 - Zona B - Primera Rueda,2022,otro,M15,masculino,primera,primera,urba:serie:2022021,11,55,55,,,,,falta,ninguna
2022022,urba:2022022,Menores de 15 - Grupo 1 - Zona B - Segunda Rueda,2022,otro,M15,masculino,segunda,segunda,urba:serie:2022021,11,55,55,,,,,falta,ninguna
2022023,urba:2022023,Menores de 15 - Grupo 1 - Zona C - Primera Rueda,2022,otro,M15,masculino,primera,primera,urba:serie:2022023,11,55,55,,,,,falta,ninguna
2022024,urba:2022024,Menores de 15 - Grupo 1 - Zona C - Segunda Rueda,2022,otro,M15,masculino,segunda,segunda,urba:serie:2022023,11,53,53,,,,,falta,ninguna
2022025,urba:2022025,Menores de 15 - Grupo 2 - Zona A - Primera Rueda,2022,otro,M15,masculino,primera,primera,urba:serie:2022025,12,66,66,,,,,falta,ninguna
2022026,urba:2022026,Menores de 15 - Grupo 2 - Zona A - Equipos B - Primera Rueda,2022,otro,M15,masculino,primera,primera,urba:serie:2022026,12,66,66,,,,,falta,ninguna
2022027,urba:2022027,Menores de 15 - Grupo 2 - Zona A - Equipos B - Segunda Rueda,2022,otro,M15,masculino,segunda,segunda,urba:serie:2022026,10,45,45,,,,,falta,ninguna
2022028,urba:2022028,Menores de 15 - Grupo 2 - Zona A - Segunda Rueda,2022,otro,M15,masculino,segunda,segunda,urba:serie:2022025,10,45,45,,,,,falta,ninguna
2022029,urba:2022029,Menores de 15 - Grupo 2 - Zona B - Primera Rueda,2022,otro,M15,masculino,primera,primera,urba:serie:2022029,13,77,77,,,,,falta,ninguna
2022030,urba:2022030,Menores de 15 - Grupo 2 - Zona B - Equipos B - Primera Rueda,2022,otro,M15,masculino,primera,primera,urba:serie:2022030,13,77,77,,,,,falta,ninguna
2022031,urba:2022031,Menores de 15 - Grupo 2 - Zona B - Equipos B - Segunda Rueda,2022,otro,M15,masculino,segunda,segunda,urba:serie:2022030,10,45,45,,,,,falta,ninguna
2022032,urba:2022032,Menores de 15 - Grupo 2 - Zona B - Segunda Rueda,2022,otro,M15,masculino,segunda,segunda,urba:serie:2022029,10,45,45,,,,,falta,ninguna
2022033,urba:2022033,Menores de 15 - Grupo 2 - Zona C - Equipos B - Segunda Rueda,2022,otro,M15,masculino,segunda,segunda,,10,44,44,,,,,falta,ninguna
2022034,urba:2022034,Menores de 15 - Grupo 2 - Zona C - Segunda Rueda,2022,otro,M15,masculino,segunda,segunda,,10,45,45,,,,,falta,ninguna
2022035,urba:2022035,Menores de 16 - Grupo 1 - Desarrollo - Segunda Rueda,2022,Desarrollo,M16,masculino,segunda,segunda,,10,45,45,,,,,falta,ninguna
2022036,urba:2022036,Menores de 16 - Grupo 1 - Formativa - Primera Rueda,2022,Formativo,M16,masculino,primera,primera,urba:serie:2022036,9,35,35,,,,,falta,ninguna
2022037,urba:2022037,Menores de 16 - Grupo 1 - Formativa - Segunda Rueda,2022,Formativo,M16,masculino,segunda,segunda,urba:serie:2022036,13,62,62,,,,,falta,ninguna
2022038,urba:2022038,Menores de 16 - Grupo 1 - Ganadores - Segunda Rueda,2022,otro,M16,masculino,segunda,segunda,,11,54,54,,,,,falta,ninguna
2022039,urba:2022039,Menores de 16 - Grupo 1 - Zona A,2022,otro,M16,masculino,unica,unica,,12,66,66,,,,,falta,ninguna
2022040,urba:2022040,Menores de 16 - Grupo 1 - Zona B,2022,otro,M16,masculino,unica,unica,,13,77,77,,,,,falta,ninguna
2022041,urba:2022041,Menores de 16 - Grupo 2 - Desarrollo - Equipos B - Segunda Rueda,2022,Desarrollo,M16,masculino,segunda,segunda,,11,55,55,,,,,falta,ninguna
2022042,urba:2022042,Menores de 16 - Grupo 2 - Desarrollo - Segunda Rueda,2022,Desarrollo,M16,masculino,segunda,segunda,,11,55,55,,,,,falta,ninguna
2022043,urba:2022043,Menores de 16 - Grupo 2 - Ganadores - Equipos B - Segunda Rueda,2022,otro,M16,masculino,segunda,segunda,,11,55,55,,,,,falta,ninguna
2022044,urba:2022044,Menores de 16 - Grupo 2 - Ganadores - Segunda Rueda,2022,otro,M16,masculino,segunda,segunda,,11,55,55,,,,,falta,ninguna
2022045,urba:2022045,Menores de 16 - Grupo 2 - Intermedia - Equipos B - Segunda Rueda,2022,Intermedia,M16,masculino,segunda,segunda,,12,66,66,,,,,falta,ninguna
2022046,urba:2022046,Menores de 16 - Grupo 2 - Intermedia - Segunda Rueda,2022,Intermedia,M16,masculino,segunda,segunda,,12,66,66,,,,,falta,ninguna
2022047,urba:2022047,Menores de 16 - Grupo 2 - Zona A - Equipos A,2022,otro,M16,masculino,unica,unica,,11,55,55,,,,,falta,ninguna
2022048,urba:2022048,Menores de 16 - Grupo 2 - Zona A - Equipos B,2022,otro,M16,masculino,unica,unica,,11,55,55,,,,,falta,ninguna
2022049,urba:2022049,Menores de 16 - Grupo 2 - Zona B - Equipos A,2022,otro,M16,masculino,unica,unica,,11,55,55,,,,,falta,ninguna
2022050,urba:2022050,Menores de 16 - Grupo 2 - Zona B - Equipos B,2022,otro,M16,masculino,unica,unica,,11,55,55,,,,,falta,ninguna
2022051,urba:2022051,Menores de 16 - Grupo 2 - Zona C - Equipos A,2022,otro,M16,masculino,unica,unica,,9,36,36,,,,,falta,ninguna
2022052,urba:2022052,Menores de 16 - Grupo 2 - Zona C - Equipos B,2022,otro,M16,masculino,unica,unica,,9,36,36,,,,,falta,ninguna
2022053,urba:2022053,Menores de 17 - Grupo 1 - Desarrollo - Segunda Rueda,2022,Desarrollo,M17,masculino,segunda,segunda,,10,44,44,,,,,falta,ninguna
2022054,urba:2022054,Menores de 17 - Grupo 1 - Formativa A - Primera Rueda,2022,Formativo,M17,masculino,primera,primera,urba:serie:2022054,11,49,49,,,,,falta,ninguna
2022055,urba:2022055,Menores de 17 - Grupo 1 - Formativa A - Segunda Rueda,2022,Formativo,M17,masculino,segunda,segunda,urba:serie:2022054,9,35,35,,,,,falta,ninguna
2022056,urba:2022056,Menores de 17 - Grupo 1 - Formativa B - Primera Rueda,2022,Formativo,M17,masculino,primera,primera,urba:serie:2022056,12,65,65,,,,,falta,ninguna
2022057,urba:2022057,Menores de 17 - Grupo 1 - Formativa B - Segunda Rueda,2022,Formativo,M17,masculino,segunda,segunda,urba:serie:2022056,10,43,43,,,,,falta,ninguna
2022058,urba:2022058,Menores de 17 - Grupo 1 - Ganadores - Segunda Rueda,2022,otro,M17,masculino,segunda,segunda,,12,63,63,,,,,falta,ninguna
2022059,urba:2022059,Menores de 17 - Grupo 1 - Intermedia - Segunda Rueda,2022,Intermedia,M17,masculino,segunda,segunda,,11,51,51,,,,,falta,ninguna
2022060,urba:2022060,Menores de 17 - Grupo 1 - Zona A,2022,otro,M17,masculino,unica,unica,,11,55,55,,,,,falta,ninguna
2022061,urba:2022061,Menores de 17 - Grupo 1 - Zona B,2022,otro,M17,masculino,unica,unica,,11,54,54,,,,,falta,ninguna
2022062,urba:2022062,Menores de 17 - Grupo 1 - Zona C,2022,otro,M17,masculino,unica,unica,,12,65,65,,,,,falta,ninguna
2022063,urba:2022063,Menores de 17 - Grupo 2 - Desarrollo - Equipos B - Segunda rueda,2022,Desarrollo,M17,masculino,segunda,segunda,,10,43,43,,,,,falta,ninguna
2022064,urba:2022064,Menores de 17 - Grupo 2 - Desarrollo - Segunda rueda,2022,Desarrollo,M17,masculino,segunda,segunda,,10,43,43,,,,,falta,ninguna
2022065,urba:2022065,Menores de 17 - Grupo 2 - Ganadores - Equipos B - Segunda rueda,2022,otro,M17,masculino,segunda,segunda,,12,66,66,,,,,falta,ninguna
2022066,urba:2022066,Menores de 17 - Grupo 2 - Ganadores - Segunda rueda,2022,otro,M17,masculino,segunda,segunda,,12,66,66,,,,,falta,ninguna
2022067,urba:2022067,Menores de 17 - Grupo 2 - Intermedia - Equipos B - Segunda rueda,2022,Intermedia,M17,masculino,segunda,segunda,,12,65,65,,,,,falta,ninguna
2022068,urba:2022068,Menores de 17 - Grupo 2 - Intermedia - Segunda rueda,2022,Intermedia,M17,masculino,segunda,segunda,,12,65,65,,,,,falta,ninguna
2022069,urba:2022069,Menores de 17 - Grupo 2 - Zona A - Equipos A,2022,otro,M17,masculino,unica,unica,,10,45,45,,,,,falta,ninguna
2022070,urba:2022070,Menores de 17 - Grupo 2 - Zona A - Equipos B,2022,otro,M17,masculino,unica,unica,,10,45,45,,,,,falta,ninguna
2022071,urba:2022071,Menores de 17 - Grupo 2 - Zona B - Equipos A,2022,otro,M17,masculino,unica,unica,,10,45,45,,,,,falta,ninguna
2022072,urba:2022072,Menores de 17 - Grupo 2 - Zona B - Equipos B,2022,otro,M17,masculino,unica,unica,,10,45,45,,,,,falta,ninguna
2022073,urba:2022073,Menores de 17 - Grupo 2 - Zona C - Equipos A,2022,otro,M17,masculino,unica,unica,,10,45,45,,,,,falta,ninguna
2022074,urba:2022074,Menores de 17 - Grupo 2 - Zona C - Equipos B,2022,otro,M17,masculino,unica,unica,,10,45,45,,,,,falta,ninguna
2022075,urba:2022075,Menores de 19 - Grupo 1 - Desarrollo - Segunda rueda,2022,Desarrollo,M19,masculino,segunda,segunda,,10,42,42,,,,,falta,ninguna
2022076,urba:2022076,Menores de 19 - Grupo 1 - Formativa A - Primera Rueda,2022,Formativo,M19,masculino,primera,primera,urba:serie:2022076,9,36,36,,,,,falta,ninguna
2022077,urba:2022077,Menores de 19 - Grupo 1 - Formativa A - Segunda rueda,2022,Formativo,M19,masculino,segunda,segunda,urba:serie:2022076,9,34,34,,,,,falta,ninguna
2022078,urba:2022078,Menores de 19 - Grupo 1 - Formativa B - Primera Rueda,2022,Formativo,M19,masculino,primera,primera,urba:serie:2022078,10,43,43,,,,,falta,ninguna
2022079,urba:2022079,Menores de 19 - Grupo 1 - Formativa B - Segunda rueda,2022,Formativo,M19,masculino,segunda,segunda,urba:serie:2022078,8,28,28,,,,,falta,ninguna
2022080,urba:2022080,Menores de 19 - Grupo 1 - Ganadores - Segunda rueda,2022,otro,M19,masculino,segunda,segunda,,11,55,55,,,,,falta,ninguna
2022081,urba:2022081,Menores de 19 - Grupo 1 - Intermedia - Segunda rueda,2022,Intermedia,M19,masculino,segunda,segunda,,11,50,50,,,,,falta,ninguna
2022082,urba:2022082,Menores de 19 - Grupo 1 - Zona A,2022,otro,M19,masculino,unica,unica,,11,54,54,,,,,falta,ninguna
2022083,urba:2022083,Menores de 19 - Grupo 1 - Zona B,2022,otro,M19,masculino,unica,unica,,10,43,43,,,,,falta,ninguna
2022084,urba:2022084,Menores de 19 - Grupo 1 - Zona C,2022,otro,M19,masculino,unica,unica,,10,45,45,,,,,falta,ninguna
2022085,urba:2022085,Menores de 19 - Grupo 2 - Desarrollo - Equipos B - Segunda rueda,2022,Desarrollo,M19,masculino,segunda,segunda,,11,55,55,,,,,falta,ninguna
2022086,urba:2022086,Menores de 19 - Grupo 2 - Desarrollo - Segunda rueda,2022,Desarrollo,M19,masculino,segunda,segunda,,11,55,55,,,,,falta,ninguna
2022087,urba:2022087,Menores de 19 - Grupo 2 - Ganadores - Equipos B - Segunda rueda,2022,otro,M19,masculino,segunda,segunda,,0,0,0,,,,,falta,ninguna
2022088,urba:2022088,Menores de 19 - Grupo 2 - Intermedia - Equipos B - Segunda rueda,2022,Intermedia,M19,masculino,segunda,segunda,,12,65,65,,,,,falta,ninguna
2022089,urba:2022089,Menores de 19 - Grupo 2 - Intermedia - Segunda rueda,2022,Intermedia,M19,masculino,segunda,segunda,,12,65,65,,,,,falta,ninguna
2022090,urba:2022090,Menores de 19 - Grupo 2 - Nivel 1 - Ganadores - Equipos B - Segunda rueda,2022,otro,M19,masculino,segunda,segunda,,12,66,66,,,,,falta,ninguna
2022091,urba:2022091,Menores de 19 - Grupo 2 - Nivel 1 - Ganadores - Segunda rueda,2022,otro,M19,masculino,segunda,segunda,,12,66,66,,,,,falta,ninguna
2022092,urba:2022092,Menores de 19 - Grupo 2 - Nivel 2 - Ganadores - Equipos B - Segunda rueda,2022,otro,M19,masculino,segunda,segunda,,11,53,53,,,,,falta,ninguna
2022093,urba:2022093,Menores de 19 - Grupo 2 - Nivel 2 - Ganadores - Segunda rueda,2022,otro,M19,masculino,segunda,segunda,,11,53,53,,,,,falta,ninguna
2022094,urba:2022094,Menores de 19 - Grupo 2 - Zona A - Equipos A,2022,otro,M19,masculino,unica,unica,,12,66,66,,,,,falta,ninguna
2022095,urba:2022095,Menores de 19 - Grupo 2 - Zona A - Equipos B,2022,otro,M19,masculino,unica,unica,,12,66,66,,,,,falta,ninguna
2022096,urba:2022096,Menores de 19 - Grupo 2 - Zona B - Equipos A,2022,otro,M19,masculino,unica,unica,,12,66,66,,,,,falta,ninguna
2022097,urba:2022097,Menores de 19 - Grupo 2 - Zona B - Equipos B,2022,otro,M19,masculino,unica,unica,,12,66,66,,,,,falta,ninguna
2022098,urba:2022098,Menores de 19 - Grupo 2 - Zona C - Equipos A,2022,otro,M19,masculino,unica,unica,,11,55,55,,,,,falta,ninguna
2022099,urba:2022099,Menores de 19 - Grupo 2 - Zona C - Equipos B,2022,otro,M19,masculino,unica,unica,,11,55,55,,,,,falta,ninguna
2022100,urba:2022100,Menores de 19 - Grupo 2 - Zona D - Equipos A,2022,otro,M19,masculino,unica,unica,,10,45,45,,,,,falta,ninguna
2022101,urba:2022101,Menores de 19 - Grupo 2 - Zona D - Equipos B,2022,otro,M19,masculino,unica,unica,,10,45,45,,,,,falta,ninguna
2022102,urba:2022102,Primera A - Intermedia,2022,Primera A,mayores,masculino,unica,unica,,14,182,182,,,,,falta,ninguna
2022103,urba:2022103,Primera A - Preintermedia A,2022,Primera A,mayores,masculino,unica,unica,,14,182,182,,,,,falta,ninguna
2022104,urba:2022104,Primera A - Preintermedia B,2022,Primera A,mayores,masculino,unica,unica,,13,156,156,,,,,falta,ninguna
2022105,urba:2022105,Primera A - Superior,2022,Primera A,mayores,masculino,unica,unica,,14,0,0,,,,,falta,ninguna
2022106,urba:2022106,Primera B - Intermedia,2022,Primera B,mayores,masculino,unica,unica,,14,182,182,,,,,falta,ninguna
2022107,urba:2022107,Primera B - Preintermedia A,2022,Primera B,mayores,masculino,unica,unica,,14,182,182,,,,,falta,ninguna
2022108,urba:2022108,Primera B - Preintermedia B,2022,Primera B,mayores,masculino,unica,unica,,8,39,39,,,,,falta,ninguna
2022109,urba:2022109,Primera B - Superior,2022,Primera B,mayores,masculino,unica,unica,,14,0,0,,,,,falta,ninguna
2022110,urba:2022110,Primera C - Intermedia,2022,Primera C,mayores,masculino,unica,unica,,14,182,182,,,,,falta,ninguna
2022111,urba:2022111,Primera C - Preintermedia,2022,Primera C,mayores,masculino,unica,unica,,14,180,180,,,,,falta,ninguna
2022112,urba:2022112,Primera C - Superior,2022,Primera C,mayores,masculino,unica,unica,,14,182,182,,,,,falta,ninguna
2022113,urba:2022113,Segunda - Intermedia,2022,Segunda,mayores,masculino,unica,unica,,14,182,182,,,,,falta,ninguna
2022114,urba:2022114,Segunda - Superior,2022,Segunda,mayores,masculino,unica,unica,,14,182,182,,,,,falta,ninguna
2022115,urba:2022115,Tercera - Intermedia,2022,Tercera,mayores,masculino,unica,unica,,11,110,110,,,,,falta,ninguna
2022116,urba:2022116,Tercera - Superior,2022,Tercera,mayores,masculino,unica,unica,,11,110,110,,,,,falta,ninguna
2022117,urba:2022117,Top 13 - Intermedia - Clasificación,2022,Top 13,mayores,masculino,unica,unica,,13,156,156,,,,,falta,ninguna
2022118,urba:2022118,Top 13 - Intermedia - Final,2022,Top 13,mayores,masculino,unica,unica,,2,1,1,,,,,falta,ninguna
2022119,urba:2022119,Top 13 - Intermedia - Semifinal,2022,Top 13,mayores,masculino,unica,unica,,4,2,2,,,,,falta,ninguna
2022120,urba:2022120,Top 13 - Preintermedia A,2022,Top 13,mayores,masculino,unica,unica,,13,156,156,,,,,falta,ninguna
2022121,urba:2022121,Top 13 - Preintermedia A - Final,2022,Top 13,mayores,masculino,unica,unica,,2,1,1,,,,,falta,ninguna
2022122,urba:2022122,Top 13 - Preintermedia A - Semifinal,2022,Top 13,mayores,masculino,unica,unica,,4,2,2,,,,,falta,ninguna
2022123,urba:2022123,Top 13 - Preintermedia B,2022,Top 13,mayores,masculino,unica,unica,,13,156,156,,,,,falta,ninguna
2022124,urba:2022124,Top 13 - Preintermedia B - Final,2022,Top 13,mayores,masculino,unica,unica,,2,1,1,,,,,falta,ninguna
2022125,urba:2022125,Top 13 - Preintermedia B - Semifinal,2022,Top 13,mayores,masculino,unica,unica,,4,2,2,,,,,falta,ninguna
2022126,urba:2022126,Top 13 - Preintermedia C,2022,Top 13,mayores,masculino,unica,unica,,13,156,156,,,,,falta,ninguna
2022127,urba:2022127,Top 13 - Preintermedia C - Final,2022,Top 13,mayores,masculino,unica,unica,,2,1,1,,,,,falta,ninguna
2022128,urba:2022128,Top 13 - Preintermedia C - Semifinal,2022,Top 13,mayores,masculino,unica,unica,,4,2,2,,,,,falta,ninguna
2022129,urba:2022129,Top 13 - Preintermedia D,2022,Top 13,mayores,masculino,unica,unica,,14,182,182,,,,,falta,ninguna
2022130,urba:2022130,Top 13 - Preintermedia D - Final,2022,Top 13,mayores,masculino,unica,unica,,2,1,1,,,,,falta,ninguna
2022131,urba:2022131,Top 13 - Preintermedia D - Semifinal,2022,Top 13,mayores,masculino,unica,unica,,4,2,2,,,,,falta,ninguna
2022132,urba:2022132,Top 13 - Superior - Clasificación,2022,Top 13,mayores,masculino,unica,unica,,13,156,156,,,,,falta,ninguna
2022133,urba:2022133,Top 13 - Superior - Final,2022,Top 13,mayores,masculino,unica,unica,,2,1,1,,,,,falta,ninguna
2022134,urba:2022134,Top 13 - Superior - Semifinal,2022,Top 13,mayores,masculino,unica,unica,,4,2,2,,,,,falta,ninguna
2022135,urba:2022135,Universitario - Campeonato - Clasificación,2022,Universitario,mayores,masculino,unica,unica,,6,30,30,,,,,falta,ninguna
2022136,urba:2022136,Universitario - Campeonato - Revancha,2022,Universitario,mayores,masculino,unica,unica,,6,15,15,,,,,falta,ninguna
2022137,urba:2022137,Universitario - Campeonato - Semifinal,2022,Universitario,mayores,masculino,unica,unica,,4,0,0,,,,,falta,ninguna
2022138,urba:2022138,Universitario - Campeonato - Zona A - Rueda final,2022,Universitario,mayores,masculino,otro,otro,,3,3,3,,,,,falta,ninguna
2022139,urba:2022139,Universitario - Campeonato - Zona B - Rueda final,2022,Universitario,mayores,masculino,otro,otro,,3,3,3,,,,,falta,ninguna
2022140,urba:2022140,Universitario - Desarrollo - Clasificación,2022,Desarrollo,mayores,masculino,unica,unica,,8,53,53,,,,,falta,ninguna
2022141,urba:2022141,Universitario - Desarrollo - Semifinal,2022,Desarrollo,mayores,masculino,unica,unica,,4,0,0,,,,,falta,ninguna
2023001,urba:2023001,Desarrollo - Intermedia,2023,Desarrollo,mayores,masculino,unica,unica,,10,90,90,,,,,falta,ninguna
2023002,urba:2023002,Desarrollo - Preintermedia,2023,Desarrollo,mayores,masculino,unica,unica,,12,117,117,,,,,falta,ninguna
2023003,urba:2023003,Desarrollo - Superior,2023,Desarrollo,mayores,masculino,unica,unica,,11,110,110,,,,,falta,ninguna
2023004,urba:2023004,Empresarial - Campeonato,2023,Empresarial,mayores,masculino,unica,unica,,8,42,42,,,,,falta,ninguna
2023005,urba:2023005,Empresarial - Desarrollo A,2023,Desarrollo,mayores,masculino,unica,unica,,7,21,21,,,,,falta,ninguna
2023006,urba:2023006,Empresarial - Desarrollo B,2023,Desarrollo,mayores,masculino,unica,unica,,7,21,21,,,,,falta,ninguna
2023007,urba:2023007,Empresarial - Intermedia,2023,Empresarial,mayores,masculino,unica,unica,,6,29,29,,,,,falta,ninguna
2023008,urba:2023008,Empresarial - Segunda División,2023,Empresarial,mayores,masculino,unica,unica,,8,28,28,,,,,falta,ninguna
2023009,urba:2023009,Empresarial - Tercera División,2023,Tercera,mayores,masculino,unica,unica,,6,15,15,,,,,falta,ninguna
2023010,urba:2023010,Femenino - Campeonato 12 - Zona A,2023,otro,mayores,femenino,unica,unica,,6,15,15,,,,,falta,ninguna
2023011,urba:2023011,Femenino - Campeonato 12 - Zona B,2023,otro,mayores,femenino,unica,unica,,6,15,15,,,,,falta,ninguna
2023012,urba:2023012,Femenino - Desarrollo,2023,Desarrollo,mayores,femenino,unica,unica,,4,6,6,,,,,falta,ninguna
2023013,urba:2023013,Femenino - Intermedia,2023,Intermedia,mayores,femenino,unica,unica,,4,6,6,,,,,falta,ninguna
2023014,urba:2023014,Femenino - Ten - Primera rueda,2023,otro,mayores,femenino,primera,primera,urba:serie:2023014,13,77,77,,,,,falta,ninguna
2023015,urba:2023015,Femenino - Ten - Revancha,2023,otro,mayores,femenino,unica,unica,,5,9,9,,,,,falta,ninguna
2023016,urba:2023016,Femenino - Ten - Segunda rueda,2023,otro,mayores,femenino,segunda,segunda,urba:serie:2023014,6,15,15,,,,,falta,ninguna
2023017,urba:2023017,Femenino - Top 4,2023,otro,mayores,femenino,unica,unica,,4,6,6,,,,,falta,ninguna
2023018,urba:2023018,Menores de 15 - Grupo 1 - Formativa A,2023,Formativo,M15,masculino,unica,primera,urba:serie:2023018,14,76,76,,,,,falta,ninguna
2023019,urba:2023019,Menores de 15 - Grupo 1 - Formativa A - Segunda Rueda,2023,Formativo,M15,masculino,segunda,segunda,urba:serie:2023018,8,24,24,,,,,falta,ninguna
2023020,urba:2023020,Menores de 15 - Grupo 1 - Formativa B,2023,Formativo,M15,masculino,unica,primera,urba:serie:2023020,14,76,76,,,,,falta,ninguna
2023021,urba:2023021,Menores de 15 - Grupo 1 - Formativa B - Segunda Rueda,2023,Formativo,M15,masculino,segunda,segunda,urba:serie:2023020,8,28,28,,,,,falta,ninguna
2023022,urba:2023022,Menores de 15 - Grupo 1 - Formativa C - Segunda Rueda,2023,Formativo,M15,masculino,segunda,segunda,,11,54,54,,,,,falta,ninguna
2023023,urba:2023023,Menores de 15 - Grupo 1 - Zona A,2023,otro,M15,masculino,unica,unica,,10,45,45,,,,,falta,ninguna
2023024,urba:2023024,Menores de 15 - Grupo 1 - Zona B,2023,otro,M15,masculino,unica,primera,urba:serie:2023024,9,36,36,,,,,falta,ninguna
2023025,urba:2023025,Menores de 15 - Grupo 1 - Zona B - Segunda Rueda,2023,otro,M15,masculino,segunda,segunda,urba:serie:2023024,13,66,66,,,,,falta,ninguna
2023026,urba:2023026,Menores de 15 - Grupo 1 - Zona C,2023,otro,M15,masculino,unica,unica,,10,45,45,,,,,falta,ninguna
2023027,urba:2023027,Menores de 15 - Grupo 2 - Zona A,2023,otro,M15,masculino,unica,primera,urba:serie:2023027,10,45,45,,,,,falta,ninguna
2023028,urba:2023028,Menores de 15 - Grupo 2 - Zona A - Equipos B,2023,otro,M15,masculino,unica,primera,urba:serie:2023028,10,45,45,,,,,falta,ninguna
2023029,urba:2023029,Menores de 15 - Grupo 2 - Zona A - Equipos B - Segunda Rueda,2023,otro,M15,masculino,segunda,segunda,urba:serie:2023028,12,66,66,,,,,falta,ninguna
2023030,urba:2023030,Menores de 15 - Grupo 2 - Zona A - Segunda Rueda,2023,otro,M15,masculino,segunda,segunda,urba:serie:2023027,12,66,66,,,,,falta,ninguna
2023031,urba:2023031,Menores de 15 - Grupo 2 - Zona B,2023,otro,M15,masculino,unica,primera,urba:serie:2023031,10,45,45,,,,,falta,ninguna
2023032,urba:2023032,Menores de 15 - Grupo 2 - Zona B - Equipos B,2023,otro,M15,masculino,unica,primera,urba:serie:2023032,10,45,45,,,,,falta,ninguna
2023033,urba:2023033,Menores de 15 - Grupo 2 - Zona B - Equipos B - Segunda Rueda,2023,otro,M15,masculino,segunda,segunda,urba:serie:2023032,12,66,66,,,,,falta,ninguna
2023034,urba:2023034,Menores de 15 - Grupo 2 - Zona B - Segunda Rueda,2023,otro,M15,masculino,segunda,segunda,urba:serie:2023031,12,66,66,,,,,falta,ninguna
2023035,urba:2023035,Menores de 15 - Grupo 2 - Zona C - Equipos B,2023,otro,M15,masculino,unica,primera,urba:serie:2023035,11,55,55,,,,,falta,ninguna
2023036,urba:2023036,Menores de 15 - Grupo 2 - Zona C - Equipos B - Segunda Rueda,2023,otro,M15,masculino,segunda,segunda,urba:serie:2023035,14,76,76,,,,,falta,ninguna
2023037,urba:2023037,Menores de 15 - Grupo 2 - Zona C - Segunda Rueda,2023,otro,M15,masculino,segunda,segunda,,14,152,152,,,,,falta,ninguna
2023038,urba:2023038,Menores de 16 - Grupo 1 - Desarrollo - Segunda Rueda,2023,Desarrollo,M16,masculino,segunda,segunda,,11,55,55,,,,,falta,ninguna
2023039,urba:2023039,Menores de 16 - Grupo 1 - Formativa A,2023,Formativo,M16,masculino,unica,primera,urba:serie:2023039,11,55,55,,,,,falta,ninguna
2023040,urba:2023040,Menores de 16 - Grupo 1 - Formativa A - Segunda Rueda,2023,Formativo,M16,masculino,segunda,segunda,urba:serie:2023039,10,42,42,,,,,falta,ninguna
2023041,urba:2023041,Menores de 16 - Grupo 1 - Formativa B,2023,Formativo,M16,masculino,unica,primera,urba:serie:2023041,11,53,53,,,,,falta,ninguna
2023042,urba:2023042,Menores de 16 - Grupo 1 - Formativa B - Segunda Rueda,2023,Formativo,M16,masculino,segunda,segunda,urba:serie:2023041,7,21,21,,,,,falta,ninguna
2023043,urba:2023043,Menores de 16 - Grupo 1 - Ganadores - Segunda Rueda,2023,otro,M16,masculino,segunda,segunda,,12,64,64,,,,,falta,ninguna
2023044,urba:2023044,Menores de 16 - Grupo 1 - Zona A,2023,otro,M16,masculino,unica,unica,,11,55,55,,,,,falta,ninguna
2023045,urba:2023045,Menores de 16 - Grupo 1 - Zona B,2023,otro,M16,masculino,unica,unica,,12,66,66,,,,,falta,ninguna
2023046,urba:2023046,Menores de 16 - Grupo 2 - Nivel 1 - Ganadores - Equipos B - Segunda Rueda,2023,otro,M16,masculino,segunda,segunda,,12,66,66,,,,,falta,ninguna
2023047,urba:2023047,Menores de 16 - Grupo 2 - Nivel 1 - Ganadores - Segunda Rueda,2023,otro,M16,masculino,segunda,segunda,,12,66,66,,,,,falta,ninguna
2023048,urba:2023048,Menores de 16 - Grupo 2 - Nivel 1 - Intermedia - Segunda Rueda,2023,Intermedia,M16,masculino,segunda,segunda,,11,55,55,,,,,falta,ninguna
2023049,urba:2023049,Menores de 16 - Grupo 2 - Nivel 2 - Ganadores - Equipos B - Segunda Rueda,2023,otro,M16,masculino,segunda,segunda,,11,54,54,,,,,falta,ninguna
2023050,urba:2023050,Menores de 16 - Grupo 2 - Zona A,2023,otro,M16,masculino,unica,unica,,11,55,55,,,,,falta,ninguna
2023051,urba:2023051,Menores de 16 - Grupo 2 - Zona A - Equipos B,2023,otro,M16,masculino,unica,unica,,11,55,55,,,,,falta,ninguna
2023052,urba:2023052,Menores de 16 - Grupo 2 - Zona B,2023,otro,M16,masculino,unica,unica,,11,55,55,,,,,falta,ninguna
2023053,urba:2023053,Menores de 16 - Grupo 2 - Zona B - Equipos B,2023,otro,M16,masculino,unica,unica,,11,55,55,,,,,falta,ninguna
2023054,urba:2023054,Menores de 16 - Grupo 2 - Zona C,2023,otro,M16,masculino,unica,unica,,9,36,36,,,,,falta,ninguna
2023055,urba:2023055,Menores de 17 - Grupo 1 - Desarrollo - Segunda Rueda,2023,Desarrollo,M17,masculino,segunda,segunda,,12,62,62,,,,,falta,ninguna
2023056,urba:2023056,Menores de 17 - Grupo 1 - Formativa A,2023,Formativo,M17,masculino,unica,primera,urba:serie:2023056,9,36,36,,,,,falta,ninguna
2023057,urba:2023057,Menores de 17 - Grupo 1 - Formativa A - Segunda Rueda,2023,Formativo,M17,masculino,segunda,segunda,urba:serie:2023056,10,43,43,,,,,falta,ninguna
2023058,urba:2023058,Menores de 17 - Grupo 1 - Formativa B,2023,Formativo,M17,masculino,unica,primera,urba:serie:2023058,9,34,34,,,,,falta,ninguna
2023059,urba:2023059,Menores de 17 - Grupo 1 - Formativa B - Segunda Rueda,2023,Formativo,M17,masculino,segunda,segunda,urba:serie:2023058,9,36,36,,,,,falta,ninguna
2023060,urba:2023060,Menores de 17 - Grupo 1 - Ganadores - Segunda Rueda,2023,otro,M17,masculino,segunda,segunda,,12,64,64,,,,,falta,ninguna
2023061,urba:2023061,Menores de 17 - Grupo 1 - Intermedia - Segunda Rueda,2023,Intermedia,M17,masculino,segunda,segunda,,11,52,52,,,,,falta,ninguna
2023062,urba:2023062,Menores de 17 - Grupo 1 - Zona B,2023,otro,M17,masculino,unica,unica,,11,54,54,,,,,falta,ninguna
2023063,urba:2023063,Menores de 17 - Grupo 1 - Zona C,2023,otro,M17,masculino,unica,unica,,12,65,65,,,,,falta,ninguna
2023064,urba:2023064,Menores de 17 - Grupo 2 - Nivel 1 - Ganadores - Equipos B - Segunda Rueda,2023,otro,M17,masculino,segunda,segunda,,12,65,65,,,,,falta,ninguna
2023065,urba:2023065,Menores de 17 - Grupo 2 - Nivel 1 - Ganadores - Segunda Rueda,2023,otro,M17,masculino,segunda,segunda,,12,65,65,,,,,falta,ninguna
2023066,urba:2023066,Menores de 17 - Grupo 2 - Nivel 1 - Intermedia - Equipos B - Segunda Rueda,2023,Intermedia,M17,masculino,segunda,segunda,,11,54,54,,,,,falta,ninguna
2023067,urba:2023067,Menores de 17 - Grupo 2 - Nivel 1 - Intermedia - Segunda Rueda,2023,Intermedia,M17,masculino,segunda,segunda,,11,54,54,,,,,falta,ninguna
2023068,urba:2023068,Menores de 17 - Grupo 2 - Nivel 2 - Ganadores - Equipos B - Segunda Rueda,2023,otro,M17,masculino,segunda,segunda,,10,43,43,,,,,falta,ninguna
2023069,urba:2023069,Menores de 17 - Grupo 2 - Nivel 2 - Ganadores - Segunda Rueda,2023,otro,M17,masculino,segunda,segunda,,10,44,44,,,,,falta,ninguna
2023070,urba:2023070,Menores de 17 - Grupo 2 - Zona A,2023,otro,M17,masculino,unica,unica,,12,66,66,,,,,falta,ninguna
2023071,urba:2023071,Menores de 17 - Grupo 2 - Zona A - Equipos B,2023,otro,M17,masculino,unica,unica,,12,66,66,,,,,falta,ninguna
2023072,urba:2023072,Menores de 17 - Grupo 2 - Zona B,2023,otro,M17,masculino,unica,unica,,12,66,66,,,,,falta,ninguna
2023073,urba:2023073,Menores de 17 - Grupo 2 - Zona B - Equipos B,2023,otro,M17,masculino,unica,unica,,12,66,66,,,,,falta,ninguna
2023074,urba:2023074,Menores de 17 - Grupo 2 - Zona C,2023,otro,M17,masculino,unica,unica,,10,45,45,,,,,falta,ninguna
2023075,urba:2023075,Menores de 17 - Grupo 2 - Zona C - Equipos B,2023,otro,M17,masculino,unica,unica,,10,45,45,,,,,falta,ninguna
2023076,urba:2023076,Menores de 19 - Grupo 1 - Desarrollo - Segunda Rueda,2023,Desarrollo,M19,masculino,segunda,segunda,,8,27,27,,,,,falta,ninguna
2023077,urba:2023077,Menores de 19 - Grupo 1 - Formativa A,2023,Formativo,M19,masculino,unica,primera,urba:serie:2023077,11,45,45,,,,,falta,ninguna
2023078,urba:2023078,Menores de 19 - Grupo 1 - Formativa A - Segunda Rueda,2023,Formativo,M19,masculino,segunda,segunda,urba:serie:2023077,11,54,54,,,,,falta,ninguna
2023079,urba:2023079,Menores de 19 - Grupo 1 - Formativa B,2023,Formativo,M19,masculino,unica,primera,urba:serie:2023079,9,36,36,,,,,falta,ninguna
2023080,urba:2023080,Menores de 19 - Grupo 1 - Formativa B - Segunda Rueda,2023,Formativo,M19,masculino,segunda,segunda,urba:serie:2023079,8,24,24,,,,,falta,ninguna
2023081,urba:2023081,Menores de 19 - Grupo 1 - Formativa C,2023,Formativo,M19,masculino,unica,primera,urba:serie:2023081,10,44,44,,,,,falta,ninguna
2023082,urba:2023082,Menores de 19 - Grupo 1 - Formativa C - Segunda Rueda,2023,Formativo,M19,masculino,segunda,segunda,urba:serie:2023081,9,30,30,,,,,falta,ninguna
2023083,urba:2023083,Menores de 19 - Grupo 1 - Ganadores - Segunda Rueda,2023,otro,M19,masculino,segunda,segunda,,10,45,45,,,,,falta,ninguna
2023084,urba:2023084,Menores de 19 - Grupo 1 - Intermedia - Segunda Rueda,2023,Intermedia,M19,masculino,segunda,segunda,,9,36,36,,,,,falta,ninguna
2023085,urba:2023085,Menores de 19 - Grupo 1 - Zona A,2023,otro,M19,masculino,unica,unica,,10,45,45,,,,,falta,ninguna
2023086,urba:2023086,Menores de 19 - Grupo 1 - Zona B,2023,otro,M19,masculino,unica,unica,,10,45,45,,,,,falta,ninguna
2023087,urba:2023087,Menores de 19 - Grupo 1 - Zona C,2023,otro,M19,masculino,unica,unica,,11,55,55,,,,,falta,ninguna
2023088,urba:2023088,Menores de 19 - Grupo 2 - Nivel 1 - Ganadores - Equipos B - Segunda Rueda,2023,otro,M19,masculino,segunda,segunda,,12,66,66,,,,,falta,ninguna
2023089,urba:2023089,Menores de 19 - Grupo 2 - Nivel 1 - Ganadores - Segunda Rueda,2023,otro,M19,masculino,segunda,segunda,,12,66,66,,,,,falta,ninguna
2023090,urba:2023090,Menores de 19 - Grupo 2 - Nivel 1 - Intermedia - Equipos B - Segunda Rueda,2023,Intermedia,M19,masculino,segunda,segunda,,11,54,54,,,,,falta,ninguna
2023091,urba:2023091,Menores de 19 - Grupo 2 - Nivel 1 - Intermedia - Segunda Rueda,2023,Intermedia,M19,masculino,segunda,segunda,,11,55,55,,,,,falta,ninguna
2023092,urba:2023092,Menores de 19 - Grupo 2 - Nivel 2 - Desarrollo - Equipos B - Segunda Rueda,2023,Desarrollo,M19,masculino,segunda,segunda,,11,54,54,,,,,falta,ninguna
2023093,urba:2023093,Menores de 19 - Grupo 2 - Nivel 2 - Desarrollo - Segunda Rueda,2023,Desarrollo,M19,masculino,segunda,segunda,,11,54,54,,,,,falta,ninguna
2023094,urba:2023094,Menores de 19 - Grupo 2 - Nivel 2 - Ganadores - Equipos B - Segunda Rueda,2023,otro,M19,masculino,segunda,segunda,,11,53,53,,,,,falta,ninguna
2023095,urba:2023095,Menores de 19 - Grupo 2 - Nivel 2 - Ganadores - Segunda Rueda,2023,otro,M19,masculino,segunda,segunda,,11,55,55,,,,,falta,ninguna
2023096,urba:2023096,Menores de 19 - Grupo 2 - Zona A,2023,otro,M19,masculino,unica,unica,,11,55,55,,,,,falta,ninguna
2023097,urba:2023097,Menores de 19 - Grupo 2 - Zona A - Equipos B,2023,otro,M19,masculino,unica,unica,,11,55,55,,,,,falta,ninguna
2023098,urba:2023098,Menores de 19 - Grupo 2 - Zona B,2023,otro,M19,masculino,unica,unica,,11,55,55,,,,,falta,ninguna
2023099,urba:2023099,Menores de 19 - Grupo 2 - Zona B - Equipos B,2023,otro,M19,masculino,unica,unica,,11,55,55,,,,,falta,ninguna
2023100,urba:2023100,Menores de 19 - Grupo 2 - Zona C,2023,otro,M19,masculino,unica,unica,,10,45,45,,,,,falta,ninguna
2023101,urba:2023101,Menores de 19 - Grupo 2 - Zona C - Equipos B,2023,otro,M19,masculino,unica,unica,,10,45,45,,,,,falta,ninguna
2023102,urba:2023102,Menores de 19 - Grupo 2 - Zona D,2023,otro,M19,masculino,unica,unica,,10,45,45,,,,,falta,ninguna
2023103,urba:2023103,Primera A - Intermedia,2023,Primera A,mayores,masculino,unica,unica,,14,182,182,,,,,falta,ninguna
2023104,urba:2023104,Primera A - Preintermedia A,2023,Primera A,mayores,masculino,unica,unica,,14,182,182,,,,,falta,ninguna
2023105,urba:2023105,Primera A - Preintermedia B,2023,Primera A,mayores,masculino,unica,unica,,13,156,156,,,,,falta,ninguna
2023106,urba:2023106,Primera A - Preintermedia C,2023,Primera A,mayores,masculino,unica,unica,,11,108,108,,,,,falta,ninguna
2023107,urba:2023107,Primera A - Superior,2023,Primera A,mayores,masculino,unica,unica,,14,182,182,,,,,falta,ninguna
2023108,urba:2023108,Primera B - Intermedia,2023,Primera B,mayores,masculino,unica,unica,,14,182,182,,,,,falta,ninguna
2023109,urba:2023109,Primera B - Preintermedia A,2023,Primera B,mayores,masculino,unica,unica,,14,182,182,,,,,falta,ninguna
2023110,urba:2023110,Primera B - Preintermedia B,2023,Primera B,mayores,masculino,unica,unica,,11,110,110,,,,,falta,ninguna
2023111,urba:2023111,Primera B - Superior,2023,Primera B,mayores,masculino,unica,unica,,14,182,182,,,,,falta,ninguna
2023112,urba:2023112,Primera C - Intermedia,2023,Primera C,mayores,masculino,unica,unica,,14,182,182,,,,,falta,ninguna
2023113,urba:2023113,Primera C - Preintermedia A,2023,Primera C,mayores,masculino,unica,unica,,14,182,182,,,,,falta,ninguna
2023114,urba:2023114,Primera C - Superior,2023,Primera C,mayores,masculino,unica,unica,,14,182,182,,,,,falta,ninguna
2023115,urba:2023115,Segunda - Intermedia,2023,Segunda,mayores,masculino,unica,unica,,14,182,182,,,,,falta,ninguna
2023116,urba:2023116,Segunda - Superior,2023,Segunda,mayores,masculino,unica,unica,,14,181,181,,,,,falta,ninguna
2023117,urba:2023117,Tercera - Intermedia,2023,Tercera,mayores,masculino,unica,unica,,11,110,110,,,,,falta,ninguna
2023118,urba:2023118,Tercera - Superior,2023,Tercera,mayores,masculino,unica,unica,,12,132,132,,,,,falta,ninguna
2023119,urba:2023119,Top 12 - Intermedia,2023,Top 12,mayores,masculino,unica,unica,,12,132,132,,,,,falta,ninguna
2023120,urba:2023120,Top 12 - Preintermedia A,2023,Top 12,mayores,masculino,unica,unica,,12,132,132,,,,,falta,ninguna
2023121,urba:2023121,Top 12 - Preintermedia B,2023,Top 12,mayores,masculino,unica,unica,,12,132,132,,,,,falta,ninguna
2023122,urba:2023122,Top 12 - Preintermedia C,2023,Top 12,mayores,masculino,unica,unica,,12,132,132,,,,,falta,ninguna
2023123,urba:2023123,Top 12 - Preintermedia D,2023,Top 12,mayores,masculino,unica,unica,,12,132,132,,,,,falta,ninguna
2023124,urba:2023124,Top 12 - Superior,2023,Top 12,mayores,masculino,unica,unica,,12,132,132,,,,,falta,ninguna
2023125,urba:2023125,Universitario - Campeonato,2023,Universitario,mayores,masculino,unica,primera,urba:serie:2023125,13,78,78,,,,,falta,ninguna
2023126,urba:2023126,Universitario - Campeonato - Segunda rueda,2023,Universitario,mayores,masculino,segunda,segunda,urba:serie:2023125,6,15,15,,,,,falta,ninguna
2023127,urba:2023127,Universitario - Desarrollo,2023,Desarrollo,mayores,masculino,unica,unica,,8,28,28,,,,,falta,ninguna
202401,urba:202401,TOP 12 - Superior,2024,Top 12,mayores,masculino,unica,unica,,12,136,135,,,,,falta,ninguna
202402,urba:202402,TOP 12 - Intermedia,2024,Top 12,mayores,masculino,unica,unica,,12,135,135,,,,,falta,ninguna
202403,urba:202403,TOP 12 - PreIntermedia A,2024,Top 12,mayores,masculino,unica,unica,,12,135,135,,,,,falta,ninguna
202404,urba:202404,TOP 12 - PreIntermedia B,2024,Top 12,mayores,masculino,unica,unica,,12,135,135,,,,,falta,ninguna
202405,urba:202405,TOP 12 - PreIntermedia C,2024,Top 12,mayores,masculino,unica,unica,,12,135,135,,,,,falta,ninguna
202406,urba:202406,TOP 12 - PreIntermedia D,2024,Top 12,mayores,masculino,unica,unica,,11,135,135,,,,,falta,ninguna
202407,urba:202407,Primera A - Superior,2024,Primera A,mayores,masculino,unica,unica,,14,185,185,,,,,falta,ninguna
202408,urba:202408,Primera A - Intermedia,2024,Primera A,mayores,masculino,unica,unica,,14,185,185,,,,,falta,ninguna
202409,urba:202409,Primera A - PreIntermedia A,2024,Primera A,mayores,masculino,unica,unica,,14,185,185,,,,,falta,ninguna
202410,urba:202410,Primera A - PreIntermedia B,2024,Primera A,mayores,masculino,unica,unica,,14,185,185,,,,,falta,ninguna
202411,urba:202411,Primera A - PreIntermedia C,2024,Primera A,mayores,masculino,unica,unica,,13,185,184,,,,,falta,ninguna
202412,urba:202412,Primera B - Superior,2024,Primera B,mayores,masculino,unica,unica,,14,185,185,,,,,falta,ninguna
202413,urba:202413,Primera B - Intermedia,2024,Primera B,mayores,masculino,unica,unica,,14,185,185,,,,,falta,ninguna
202414,urba:202414,Primera B - PreIntermedia A,2024,Primera B,mayores,masculino,unica,unica,,14,185,185,,,,,falta,ninguna
202415,urba:202415,Primera B - PreIntermedia B,2024,Primera B,mayores,masculino,unica,unica,,14,185,185,,,,,falta,ninguna
202416,urba:202416,Primera C - Superior,2024,Primera C,mayores,masculino,unica,unica,,14,185,185,,,,,falta,ninguna
202417,urba:202417,Primera C - Intermedia,2024,Primera C,mayores,masculino,unica,unica,,14,185,185,,,,,falta,ninguna
202418,urba:202418,Primera C - PreIntermedia A,2024,Primera C,mayores,masculino,unica,unica,,14,185,185,,,,,falta,ninguna
202419,urba:202419,Segunda - Superior,2024,Segunda,mayores,masculino,unica,unica,,14,185,185,,,,,falta,ninguna
202420,urba:202420,Segunda - Intermedia,2024,Segunda,mayores,masculino,unica,unica,,14,182,182,,,,,falta,ninguna
202421,urba:202421,Tercera - Superior,2024,Tercera,mayores,masculino,unica,unica,,12,135,135,,,,,falta,ninguna
202422,urba:202422,Tercera - Intermedia,2024,Tercera,mayores,masculino,unica,unica,,12,132,132,,,,,falta,ninguna
202423,urba:202423,Desarrollo - Superior,2024,Desarrollo,mayores,masculino,unica,unica,,11,132,132,,,,,falta,ninguna
202424,urba:202424,Desarrollo - Intermedia,2024,Desarrollo,mayores,masculino,unica,unica,,11,132,131,,,,,falta,ninguna
202426,urba:202426,Universitario - Campeonato,2024,Universitario,mayores,masculino,unica,unica,,8,28,28,,,,,falta,ninguna
202428,urba:202428,Femenino - Campeonato 12,2024,otro,mayores,femenino,unica,unica,,17,153,153,,,,,falta,ninguna
202442,urba:202442,Formativo - Primera Rueda - Desarrollo,2024,Desarrollo,mayores,masculino,primera,primera,urba:serie:202442,9,45,45,,,,,falta,ninguna
202444,urba:202444,TOP 12 - Menores de 22,2024,Top 12,M22,masculino,unica,unica,,12,135,135,,,,,falta,ninguna
202445,urba:202445,Primera A - PreIntermedia Desarrollo,2024,Primera A,mayores,masculino,unica,unica,,12,135,135,,,,,falta,ninguna
202451,urba:202451,Juveniles - Primera rueda - M19 - Grupo II - Nivel 1 - Zona A,2024,otro,M19,masculino,primera,primera,,11,66,66,,,,,falta,ninguna
202452,urba:202452,Juveniles - Primera rueda - M19 - Grupo II - Nivel 1 - Zona A Equipos B,2024,otro,M19,masculino,primera,primera,,11,66,66,,,,,falta,ninguna
202453,urba:202453,Juveniles - Primera rueda - M19 - Grupo II - Nivel 1 - Zona B,2024,otro,M19,masculino,primera,primera,,12,66,66,,,,,falta,ninguna
202454,urba:202454,Juveniles - Primera rueda - M19 - Grupo II - Nivel 1 - Zona B Equipos B,2024,otro,M19,masculino,primera,primera,,12,66,66,,,,,falta,ninguna
202455,urba:202455,Juveniles - Primera rueda - M19 - Grupo II - Nivel 2 - Zona C,2024,otro,M19,masculino,primera,primera,,12,66,66,,,,,falta,ninguna
202456,urba:202456,Juveniles - Primera rueda - M19 - Grupo II - Nivel 2 - Zona C Equipos B,2024,otro,M19,masculino,primera,primera,,12,66,66,,,,,falta,ninguna
202457,urba:202457,Juveniles - Primera rueda - M19 - Grupo II - Nivel 2 - Zona D,2024,otro,M19,masculino,primera,primera,,11,66,66,,,,,falta,ninguna
202458,urba:202458,Juveniles - Primera rueda - M19 - Grupo II - Nivel 2 - Zona D Equipos B,2024,otro,M19,masculino,primera,primera,,11,66,66,,,,,falta,ninguna
202459,urba:202459,Juveniles - Primera rueda - M19 - Grupo I - Zona A,2024,otro,M19,masculino,primera,primera,,11,66,66,,,,,falta,ninguna
202460,urba:202460,Juveniles - Primera rueda - M19 - Grupo I - Zona B,2024,otro,M19,masculino,primera,primera,,11,66,66,,,,,falta,ninguna
202461,urba:202461,Juveniles - Primera rueda - M19 - Grupo I - Zona C,2024,otro,M19,masculino,primera,primera,,11,66,66,,,,,falta,ninguna
202462,urba:202462,Juveniles - Primera rueda - M19 - Formativa A,2024,Formativo,M19,masculino,primera,primera,urba:serie:202462,12,66,66,,,,,falta,ninguna
202463,urba:202463,Juveniles - Primera rueda - M19 - Formativa B,2024,Formativo,M19,masculino,primera,primera,urba:serie:202463,12,66,64,,,,,falta,ninguna
202464,urba:202464,Juveniles - Primera rueda - M19 - Formativa C,2024,Formativo,M19,masculino,primera,primera,urba:serie:202464,12,66,66,,,,,falta,ninguna
202465,urba:202465,Juveniles - Primera rueda - M17 - Grupo II - Nivel 1 - Zona A,2024,otro,M17,masculino,primera,primera,,12,66,66,,,,,falta,ninguna
202466,urba:202466,Juveniles - Primera rueda - M17 - Grupo II - Nivel 1 - Zona A Equipos B,2024,otro,M17,masculino,primera,primera,,12,66,66,,,,,falta,ninguna
202467,urba:202467,Juveniles - Primera rueda - M17 - Grupo II - Nivel 1 - Zona B,2024,otro,M17,masculino,primera,primera,,12,66,66,,,,,falta,ninguna
202468,urba:202468,Juveniles - Primera rueda - M17 - Grupo II - Nivel 1 - Zona B Equipos B,2024,otro,M17,masculino,primera,primera,,12,66,66,,,,,falta,ninguna
202469,urba:202469,Juveniles - Primera rueda - M17 - Grupo II - Nivel 2 - Zona C,2024,otro,M17,masculino,primera,primera,,11,66,66,,,,,falta,ninguna
202470,urba:202470,Juveniles - Primera rueda - M17 - Grupo II - Nivel 2 - Zona C Equipos B,2024,otro,M17,masculino,primera,primera,,11,66,66,,,,,falta,ninguna
202471,urba:202471,Juveniles - Primera rueda - M17 - Grupo I - Zona A,2024,otro,M17,masculino,primera,primera,,12,66,66,,,,,falta,ninguna
202472,urba:202472,Juveniles - Primera rueda - M17 - Grupo I - Zona B,2024,otro,M17,masculino,primera,primera,,11,66,66,,,,,falta,ninguna
202473,urba:202473,Juveniles - Primera rueda - M17 - Formativa A,2024,Formativo,M17,masculino,primera,primera,urba:serie:202473,12,66,66,,,,,falta,ninguna
202474,urba:202474,Juveniles - Primera rueda - M17 - Formativa B,2024,Formativo,M17,masculino,primera,primera,urba:serie:202474,11,66,66,,,,,falta,ninguna
202475,urba:202475,Juveniles - Primera rueda - M17 - Formativa C,2024,Formativo,M17,masculino,primera,primera,,10,66,66,,,,,falta,ninguna
202476,urba:202476,Juveniles - Primera rueda - M16 - Grupo II - Nivel 1 - Zona A,2024,otro,M16,masculino,primera,primera,,12,66,66,,,,,falta,ninguna
202477,urba:202477,Juveniles - Primera rueda - M16 - Grupo II - Nivel 1 - Zona A Equipos B,2024,otro,M16,masculino,primera,primera,,12,66,66,,,,,falta,ninguna
202478,urba:202478,Juveniles - Primera rueda - M16 - Grupo II - Nivel 1 - Zona B,2024,otro,M16,masculino,primera,primera,,11,66,66,,,,,falta,ninguna
202479,urba:202479,Juveniles - Primera rueda - M16 - Grupo II - Nivel 1 - Zona B Equipos B,2024,otro,M16,masculino,primera,primera,,11,66,66,,,,,falta,ninguna
202480,urba:202480,Juveniles - Primera rueda - M16 - Grupo II - Nivel 2 - Zona C,2024,otro,M16,masculino,primera,primera,,12,66,66,,,,,falta,ninguna
202481,urba:202481,Juveniles - Primera rueda - M16 - Grupo II - Nivel 2 - Zona C Equipos B,2024,otro,M16,masculino,primera,primera,,12,66,66,,,,,falta,ninguna
202482,urba:202482,Juveniles - Primera rueda - M16 - Grupo I - Zona A,2024,otro,M16,masculino,primera,primera,,13,77,77,,,,,falta,ninguna
202483,urba:202483,Juveniles - Primera rueda - M16 - Grupo I - Zona B,2024,otro,M16,masculino,primera,primera,,13,77,77,,,,,falta,ninguna
202484,urba:202484,Juveniles - Primera rueda - M16 - Formativa A,2024,Formativo,M16,masculino,primera,primera,urba:serie:202484,14,77,77,,,,,falta,ninguna
202485,urba:202485,Juveniles - Primera rueda - M16 - Formativa B,2024,Formativo,M16,masculino,primera,primera,urba:serie:202485,13,77,77,,,,,falta,ninguna
202486,urba:202486,Juveniles - Primera rueda - M15 - Grupo II - Zona A,2024,otro,M15,masculino,primera,primera,,11,66,66,,,,,falta,ninguna
202487,urba:202487,Juveniles - Primera rueda - M15 - Grupo II - Zona A Equipos B,2024,otro,M15,masculino,primera,primera,,11,66,66,,,,,falta,ninguna
202488,urba:202488,Juveniles - Primera rueda - M15 - Grupo II - Zona B,2024,otro,M15,masculino,primera,primera,,11,66,66,,,,,falta,ninguna
202489,urba:202489,Juveniles - Primera rueda - M15 - Grupo II - Zona B Equipos B,2024,otro,M15,masculino,primera,primera,,11,66,66,,,,,falta,ninguna
202490,urba:202490,Juveniles - Primera rueda - M15 - Grupo II - Zona C,2024,otro,M15,masculino,primera,primera,,10,66,66,,,,,falta,ninguna
202491,urba:202491,Juveniles - Primera rueda - M15 - Grupo II - Zona C Equipos B,2024,otro,M15,masculino,primera,primera,,10,66,66,,,,,falta,ninguna
202492,urba:202492,Juveniles - Primera rueda - M15 - Grupo I - Zona A,2024,otro,M15,masculino,primera,primera,,9,66,66,,,,,falta,ninguna
202493,urba:202493,Juveniles - Primera rueda - M15 - Grupo I - Zona B,2024,otro,M15,masculino,primera,primera,,10,66,66,,,,,falta,ninguna
202494,urba:202494,Juveniles - Primera rueda - M15 - Grupo I - Zona C,2024,otro,M15,masculino,primera,primera,,10,66,66,,,,,falta,ninguna
202495,urba:202495,Juveniles - Primera rueda - M15 - Formativa A,2024,Formativo,M15,masculino,primera,primera,urba:serie:202495,9,66,66,,,,,falta,ninguna
202496,urba:202496,Juveniles - Primera rueda - M15 - Formativa B,2024,Formativo,M15,masculino,primera,primera,urba:serie:202496,11,66,66,,,,,falta,ninguna
202497,urba:202497,Universitario - Desarrollo,2024,Desarrollo,mayores,masculino,unica,unica,,6,15,15,,,,,falta,ninguna
202498,urba:202498,Formativo - Primera Rueda - Campeonato,2024,Formativo,mayores,masculino,primera,primera,urba:serie:202498,9,45,45,,,,,falta,ninguna
202499,urba:202499,Universitario - Top 8,2024,Universitario,mayores,masculino,unica,unica,,8,29,28,,,,,falta,ninguna
202500,urba:202500,Universitario - Formativo,2024,Universitario,mayores,masculino,unica,unica,,7,22,21,,,,,falta,ninguna
202501,urba:202501,Juveniles - Segunda Rueda - M19 - Grupo ll - Nivel 1 - Ganadores,2024,otro,M19,masculino,segunda,segunda,,12,66,66,,,,,falta,ninguna
202502,urba:202502,Juveniles - Segunda Rueda - M19 - Grupo ll - Nivel 1 - Ganadores Equipos B,2024,otro,M19,masculino,segunda,segunda,,12,66,66,,,,,falta,ninguna
202503,urba:202503,Juveniles - Segunda Rueda - M19 - Grupo ll - Nivel 1 - Intermedia,2024,Intermedia,M19,masculino,segunda,segunda,,12,66,66,,,,,falta,ninguna
202504,urba:202504,Juveniles - Segunda Rueda - M19 - Grupo ll - Nivel 1 - Intermedia Equipos B,2024,Intermedia,M19,masculino,segunda,segunda,,12,66,66,,,,,falta,ninguna
202505,urba:202505,Juveniles - Segunda Rueda - M19 - Grupo ll - Nivel 2 - Ganadores,2024,otro,M19,masculino,segunda,segunda,,12,66,66,,,,,falta,ninguna
202506,urba:202506,Juveniles - Segunda Rueda - M19 - Grupo ll - Nivel 2 - Ganadores Equipos B,2024,otro,M19,masculino,segunda,segunda,,12,66,66,,,,,falta,ninguna
202507,urba:202507,Juveniles - Segunda Rueda - M19 - Grupo ll - Nivel 2 - Desarrollo,2024,Desarrollo,M19,masculino,segunda,segunda,,12,66,66,,,,,falta,ninguna
202508,urba:202508,Juveniles - Segunda Rueda - M19 - Grupo ll - Nivel 2 - Desarrollo Equipos B,2024,Desarrollo,M19,masculino,segunda,segunda,,12,66,65,,,,,falta,ninguna
202509,urba:202509,Juveniles - Segunda Rueda - M19 - Grupo l - Ganadores,2024,otro,M19,masculino,segunda,segunda,,12,66,66,,,,,falta,ninguna
202510,urba:202510,Juveniles - Segunda Rueda - M19 - Grupo l - Intermedia,2024,Intermedia,M19,masculino,segunda,segunda,,11,66,66,,,,,falta,ninguna
202511,urba:202511,Juveniles - Segunda Rueda - M19 - Grupo l - Desarrollo,2024,Desarrollo,M19,masculino,segunda,segunda,,9,66,66,,,,,falta,ninguna
202512,urba:202512,Juveniles - Segunda Rueda - M19 - Formativa A,2024,Formativo,M19,masculino,segunda,segunda,urba:serie:202462,12,66,66,,,,,falta,ninguna
202513,urba:202513,Juveniles - Segunda Rueda - M19 - Formativa B,2024,Formativo,M19,masculino,segunda,segunda,urba:serie:202463,10,66,66,,,,,falta,ninguna
202514,urba:202514,Juveniles - Segunda Rueda - M19 - Formativa C,2024,Formativo,M19,masculino,segunda,segunda,urba:serie:202464,9,66,66,,,,,falta,ninguna
202515,urba:202515,Juveniles - Segunda Rueda - M17 - Grupo ll - Nivel 1 - Ganadores,2024,otro,M17,masculino,segunda,segunda,,12,66,66,,,,,falta,ninguna
202516,urba:202516,Juveniles - Segunda Rueda - M17 - Grupo ll - Nivel 1 - Ganadores Equipos B,2024,otro,M17,masculino,segunda,segunda,,12,66,66,,,,,falta,ninguna
202517,urba:202517,Juveniles - Segunda Rueda - M17 - Grupo ll - Nivel 1 - Intermedia,2024,Intermedia,M17,masculino,segunda,segunda,,12,66,66,,,,,falta,ninguna
202518,urba:202518,Juveniles - Segunda Rueda - M17 - Grupo ll - Nivel 1 - Intermedia Equipos B,2024,Intermedia,M17,masculino,segunda,segunda,,12,66,66,,,,,falta,ninguna
202519,urba:202519,Juveniles - Segunda Rueda - M17 - Grupo ll - Nivel 2 - Ganadores,2024,otro,M17,masculino,segunda,segunda,,12,66,66,,,,,falta,ninguna
202520,urba:202520,Juveniles - Segunda Rueda - M17 - Grupo ll - Nivel 2 - Ganadores Equipos B,2024,otro,M17,masculino,segunda,segunda,,12,66,66,,,,,falta,ninguna
202521,urba:202521,Juveniles - Segunda Rueda - M17 - Grupo l - Ganadores,2024,otro,M17,masculino,segunda,segunda,,14,77,77,,,,,falta,ninguna
202522,urba:202522,Juveniles - Segunda Rueda - M17 - Grupo l - Desarrollo,2024,Desarrollo,M17,masculino,segunda,segunda,,14,77,77,,,,,falta,ninguna
202523,urba:202523,Juveniles - Segunda Rueda - M17 - Formativa A,2024,Formativo,M17,masculino,segunda,segunda,urba:serie:202473,11,66,66,,,,,falta,ninguna
202524,urba:202524,Juveniles - Segunda Rueda - M17 - Formativa B,2024,Formativo,M17,masculino,segunda,segunda,urba:serie:202474,10,66,66,,,,,falta,ninguna
202525,urba:202525,Juveniles - Segunda Rueda - M16 - Grupo ll - Nivel 1 - Ganadores,2024,otro,M16,masculino,segunda,segunda,,12,66,66,,,,,falta,ninguna
202526,urba:202526,Juveniles - Segunda Rueda - M16 - Grupo ll - Nivel 1 - Ganadores Equipos B,2024,otro,M16,masculino,segunda,segunda,,12,66,66,,,,,falta,ninguna
202527,urba:202527,Juveniles - Segunda Rueda - M16 - Grupo ll - Nivel 1 - Intermedia,2024,Intermedia,M16,masculino,segunda,segunda,,12,66,66,,,,,falta,ninguna
202528,urba:202528,Juveniles - Segunda Rueda - M16 - Grupo ll - Nivel 1 - Intermedia Equipos B,2024,Intermedia,M16,masculino,segunda,segunda,,12,66,66,,,,,falta,ninguna
202529,urba:202529,Juveniles - Segunda Rueda - M16 - Grupo ll - Nivel 2 - Ganadores,2024,otro,M16,masculino,segunda,segunda,,14,77,77,,,,,falta,ninguna
202530,urba:202530,Juveniles - Segunda Rueda - M16 - Grupo ll - Nivel 2 - Ganadores Equipos B,2024,otro,M16,masculino,segunda,segunda,,14,77,77,,,,,falta,ninguna
202531,urba:202531,Juveniles - Segunda Rueda - M16 - Grupo l - Ganadores,2024,otro,M16,masculino,segunda,segunda,,12,66,66,,,,,falta,ninguna
202532,urba:202532,Juveniles - Segunda Rueda - M16 - Grupo l - Desarrollo,2024,Desarrollo,M16,masculino,segunda,segunda,,12,66,66,,,,,falta,ninguna
202533,urba:202533,Juveniles - Segunda Rueda - M16 - Formativa A,2024,Formativo,M16,masculino,segunda,segunda,urba:serie:202484,12,66,66,,,,,falta,ninguna
202534,urba:202534,Juveniles - Segunda Rueda - M16 - Formativa B,2024,Formativo,M16,masculino,segunda,segunda,urba:serie:202485,11,66,66,,,,,falta,ninguna
202535,urba:202535,Juveniles - Segunda Rueda - M15 - Grupo ll - Ganadores A,2024,otro,M15,masculino,segunda,segunda,,12,66,66,,,,,falta,ninguna
202536,urba:202536,Juveniles - Segunda Rueda - M15 - Grupo ll - Ganadores A Equipos B,2024,otro,M15,masculino,segunda,segunda,,12,66,66,,,,,falta,ninguna
202537,urba:202537,Juveniles - Segunda Rueda - M15 - Grupo ll - Ganadores B,2024,otro,M15,masculino,segunda,segunda,,12,66,66,,,,,falta,ninguna
202538,urba:202538,Juveniles - Segunda Rueda - M15 - Grupo ll - Ganadores B Equipos B,2024,otro,M15,masculino,segunda,segunda,,12,66,66,,,,,falta,ninguna
202539,urba:202539,Juveniles - Segunda Rueda - M15 - Formativa A,2024,Formativo,M15,masculino,segunda,segunda,urba:serie:202495,9,66,66,,,,,falta,ninguna
202540,urba:202540,Juveniles - Segunda Rueda - M15 - Formativa B,2024,Formativo,M15,masculino,segunda,segunda,urba:serie:202496,7,28,28,,,,,falta,ninguna
202541,urba:202541,Juveniles - Segunda Rueda - M15 - Grupo l - Ganadores,2024,otro,M15,masculino,segunda,segunda,,14,77,77,,,,,falta,ninguna
202542,urba:202542,Juveniles - Segunda Rueda - M15 - Grupo l - Desarrollo,2024,Desarrollo,M15,masculino,segunda,segunda,,13,77,77,,,,,falta,ninguna
202543,urba:202543,Juveniles - Segunda Rueda - M15 - Grupo ll - Desarrollo,2024,Desarrollo,M15,masculino,segunda,segunda,,14,77,77,,,,,falta,ninguna
202544,urba:202544,Juveniles - Segunda Rueda - M15 - Grupo ll - Desarrollo Equipos B,2024,Desarrollo,M15,masculino,segunda,segunda,,14,77,77,,,,,falta,ninguna
202545,urba:202545,Formativo - Segunda Rueda - Campeonato,2024,Formativo,mayores,masculino,segunda,segunda,urba:serie:202498,5,15,15,,,,,falta,ninguna
202546,urba:202546,Formativo - Segunda Rueda - Permanencia,2024,Formativo,mayores,masculino,segunda,segunda,,4,6,6,,,,,falta,ninguna
202547,urba:202547,Formativo - Segunda Rueda - Ascenso,2024,Formativo,mayores,masculino,segunda,segunda,,5,15,15,,,,,falta,ninguna
202548,urba:202548,Formativo - Segunda Rueda - Desarrollo,2024,Desarrollo,mayores,masculino,segunda,segunda,urba:serie:202442,4,6,6,,,,,falta,ninguna
2025001,urba:2025001,TOP 12 - Superior,2025,Top 12,mayores,masculino,unica,unica,,12,135,135,,,,,falta,ninguna
2025002,urba:2025002,TOP 12 - Intermedia,2025,Top 12,mayores,masculino,unica,unica,,12,135,135,,,,,falta,ninguna
2025003,urba:2025003,TOP 12 - PreIntermedia A,2025,Top 12,mayores,masculino,unica,unica,,12,135,135,,,,,falta,ninguna
2025004,urba:2025004,TOP 12 - PreIntermedia B,2025,Top 12,mayores,masculino,unica,unica,,12,135,135,,,,,falta,ninguna
2025005,urba:2025005,TOP 12 - PreIntermedia C,2025,Top 12,mayores,masculino,unica,unica,,12,135,135,,,,,falta,ninguna
2025006,urba:2025006,TOP 12 - PreIntermedia D,2025,Top 12,mayores,masculino,unica,unica,,12,135,135,,,,,falta,ninguna
2025007,urba:2025007,TOP 12 - Menores de 22,2025,Top 12,M22,masculino,unica,unica,,12,136,136,,,,,falta,ninguna
2025008,urba:2025008,Primera A - Superior,2025,Primera A,mayores,masculino,unica,unica,,14,182,182,,,,,falta,ninguna
2025009,urba:2025009,Primera A - Intermedia,2025,Primera A,mayores,masculino,unica,unica,,14,185,185,,,,,falta,ninguna
2025010,urba:2025010,Primera A - PreIntermedia A,2025,Primera A,mayores,masculino,unica,unica,,14,185,185,,,,,falta,ninguna
2025011,urba:2025011,Primera A - PreIntermedia B,2025,Primera A,mayores,masculino,unica,unica,,14,185,185,,,,,falta,ninguna
2025012,urba:2025012,Primera A - PreIntermedia C,2025,Primera A,mayores,masculino,unica,unica,,13,185,184,,,,,falta,ninguna
2025013,urba:2025013,Primera B - Superior,2025,Primera B,mayores,masculino,unica,unica,,14,182,182,,,,,falta,ninguna
2025014,urba:2025014,Primera B - Intermedia,2025,Primera B,mayores,masculino,unica,unica,,14,185,185,,,,,falta,ninguna
2025015,urba:2025015,Primera B - PreIntermedia A,2025,Primera B,mayores,masculino,unica,unica,,14,185,185,,,,,falta,ninguna
2025016,urba:2025016,Primera B - PreIntermedia B,2025,Primera B,mayores,masculino,unica,unica,,13,185,185,,,,,falta,ninguna
2025017,urba:2025017,Primera C - Superior,2025,Primera C,mayores,masculino,unica,unica,,14,182,182,,,,,falta,ninguna
2025018,urba:2025018,Primera C - Intermedia,2025,Primera C,mayores,masculino,unica,unica,,14,185,185,,,,,falta,ninguna
2025019,urba:2025019,Primera C - PreIntermedia A,2025,Primera C,mayores,masculino,unica,unica,,14,185,185,,,,,falta,ninguna
2025020,urba:2025020,Segunda - Superior,2025,Segunda,mayores,masculino,unica,unica,,14,182,182,,,,,falta,ninguna
2025021,urba:2025021,Segunda - Intermedia,2025,Segunda,mayores,masculino,unica,unica,,14,182,182,,,,,falta,ninguna
2025022,urba:2025022,Tercera - Superior,2025,Tercera,mayores,masculino,unica,unica,,12,132,132,,,,,falta,ninguna
2025023,urba:2025023,Tercera - Intermedia,2025,Tercera,mayores,masculino,unica,unica,,12,132,132,,,,,falta,ninguna
2025024,urba:2025024,Desarrollo - Superior,2025,Desarrollo,mayores,masculino,unica,unica,,11,132,132,,,,,falta,ninguna
2025025,urba:2025025,Desarrollo - Intermedia,2025,Desarrollo,mayores,masculino,unica,unica,,11,132,132,,,,,falta,ninguna
2025026,urba:2025026,Primera A -  Pre-Desarrollo,2025,Primera A,mayores,masculino,unica,unica,,10,182,182,,,,,falta,ninguna
2025045,urba:2025045,TOP 12 - PreIntermedia E,2025,Top 12,mayores,masculino,unica,unica,,12,135,135,,,,,falta,ninguna
2025046,urba:2025046,Primera A - PreIntermedia D,2025,Primera A,mayores,masculino,unica,unica,,12,185,185,,,,,falta,ninguna
2025047,urba:2025047,Femenino - Top 7,2025,otro,mayores,femenino,unica,unica,,9,74,74,,,,,falta,ninguna
2025048,urba:2025048,Femenino - Primera  B,2025,Primera B,mayores,femenino,unica,unica,,9,91,91,,,,,falta,ninguna
2025051,urba:2025051,Juveniles - Primera rueda - M 19 - Nivel 1 - Grupo II - Zona A,2025,otro,M19,masculino,primera,primera,,12,66,66,,,,,falta,ninguna
2025052,urba:2025052,Juveniles - Primera rueda - M 19 - Nivel 1 - Grupo II - Zona A Eq B,2025,otro,M19,masculino,primera,primera,,12,66,66,,,,,falta,ninguna
2025053,urba:2025053,Juveniles - Primera rueda - M 19 - Nivel 1 - Grupo II - Zona B,2025,otro,M19,masculino,primera,primera,,12,66,66,,,,,falta,ninguna
2025054,urba:2025054,Juveniles - Primera rueda - M 19 - Nivel 1 - Grupo II - Zona B Eq B,2025,otro,M19,masculino,primera,primera,,12,66,66,,,,,falta,ninguna
2025055,urba:2025055,Juveniles - Primera rueda - M 19 - Nivel 2 - Grupo II - Zona C,2025,otro,M19,masculino,primera,primera,,11,66,66,,,,,falta,ninguna
2025056,urba:2025056,Juveniles - Primera rueda - M 19 - Nivel 2 - Grupo II - Zona C Eq B,2025,otro,M19,masculino,primera,primera,,11,66,66,,,,,falta,ninguna
2025057,urba:2025057,Juveniles - Primera rueda - M 19 - Nivel 2 - Grupo II - Zona D,2025,otro,M19,masculino,primera,primera,,11,66,66,,,,,falta,ninguna
2025058,urba:2025058,Juveniles - Primera rueda - M 19 - Nivel 2 - Grupo II - Zona D Eq B,2025,otro,M19,masculino,primera,primera,,11,66,66,,,,,falta,ninguna
2025059,urba:2025059,Juveniles - Primera rueda - M 19 - Grupo II - Desarrollo,2025,Desarrollo,M19,masculino,primera,primera,urba:serie:2025059,12,66,66,,,,,falta,ninguna
2025060,urba:2025060,Juveniles - Primera rueda - M 19 - Grupo II - Desarrollo Eq B,2025,Desarrollo,M19,masculino,primera,primera,urba:serie:2025060,12,66,66,,,,,falta,ninguna
2025061,urba:2025061,Juveniles - Primera rueda - M 19 - Grupo I - Zona A,2025,otro,M19,masculino,primera,primera,,11,66,66,,,,,falta,ninguna
2025062,urba:2025062,Juveniles - Primera rueda - M 19 - Grupo I - Zona B,2025,otro,M19,masculino,primera,primera,,11,66,66,,,,,falta,ninguna
2025063,urba:2025063,Juveniles - Primera rueda - M 19 - Formativa - Zona A,2025,Formativo,M19,masculino,primera,primera,urba:serie:2025063,12,66,66,,,,,falta,ninguna
2025064,urba:2025064,Juveniles - Primera rueda - M 19 - Formativa - Zona B,2025,Formativo,M19,masculino,primera,primera,urba:serie:2025064,12,66,66,,,,,falta,ninguna
2025065,urba:2025065,Juveniles - Primera rueda - M 19 - Formativa - Zona C,2025,Formativo,M19,masculino,primera,primera,urba:serie:2025065,10,66,66,,,,,falta,ninguna
2025066,urba:2025066,Juveniles - Primera rueda - M 17 - Nivel 1 - Grupo II - Zona A,2025,otro,M17,masculino,primera,primera,,12,66,66,,,,,falta,ninguna
2025067,urba:2025067,Juveniles - Primera rueda - M 17 - Nivel 1 - Grupo II - Zona A Eq B,2025,otro,M17,masculino,primera,primera,,12,66,66,,,,,falta,ninguna
2025068,urba:2025068,Juveniles - Primera rueda - M 17 - Nivel 1 - Grupo II - Zona B,2025,otro,M17,masculino,primera,primera,,12,66,66,,,,,falta,ninguna
2025069,urba:2025069,Juveniles - Primera rueda - M 17 - Nivel 1 - Grupo II - Zona B Eq B,2025,otro,M17,masculino,primera,primera,,12,66,65,,,,,falta,ninguna
2025070,urba:2025070,Juveniles - Primera rueda - M 17 - Nivel 2 - Grupo II - Zona C,2025,otro,M17,masculino,primera,primera,,12,66,66,,,,,falta,ninguna
2025071,urba:2025071,Juveniles - Primera rueda - M 17 - Nivel 2 - Grupo II - Zona C Eq B,2025,otro,M17,masculino,primera,primera,,12,66,66,,,,,falta,ninguna
2025072,urba:2025072,Juveniles - Primera rueda - M 17 - Grupo I - Zona A,2025,otro,M17,masculino,primera,primera,,11,66,66,,,,,falta,ninguna
2025073,urba:2025073,Juveniles - Primera rueda - M 17 - Grupo I - Zona B,2025,otro,M17,masculino,primera,primera,,11,66,66,,,,,falta,ninguna
2025074,urba:2025074,Juveniles - Primera rueda - M 17 - Grupo I - Zona C,2025,otro,M17,masculino,primera,primera,,7,66,66,,,,,falta,ninguna
2025075,urba:2025075,Juveniles - Primera rueda - M 17 - Formativa - Zona A,2025,Formativo,M17,masculino,primera,primera,urba:serie:2025075,8,66,66,,,,,falta,ninguna
2025076,urba:2025076,Juveniles - Primera rueda - M 17 - Formativa - Zona B,2025,Formativo,M17,masculino,primera,primera,urba:serie:2025076,8,66,66,,,,,falta,ninguna
2025077,urba:2025077,Juveniles - Primera rueda - M 17 - Formativa - Zona C,2025,Formativo,M17,masculino,primera,primera,urba:serie:2025077,8,66,66,,,,,falta,ninguna
2025078,urba:2025078,Juveniles - Primera rueda - M 17 - Formativa - Zona D,2025,Formativo,M17,masculino,primera,primera,,9,66,66,,,,,falta,ninguna
2025079,urba:2025079,Juveniles - Primera rueda - M 16 - Nivel 1 - Grupo II - Zona A,2025,otro,M16,masculino,primera,primera,,13,91,91,,,,,falta,ninguna
2025080,urba:2025080,Juveniles - Primera rueda - M 16 - Nivel 1 - Grupo II - Zona A Eq B,2025,otro,M16,masculino,primera,primera,,13,91,91,,,,,falta,ninguna
2025081,urba:2025081,Juveniles - Primera rueda - M 16 - Nivel 1 - Grupo II - Zona B,2025,otro,M16,masculino,primera,primera,,13,91,91,,,,,falta,ninguna
2025082,urba:2025082,Juveniles - Primera rueda - M 16 - Nivel 1 - Grupo II - Zona B Eq B,2025,otro,M16,masculino,primera,primera,,13,91,91,,,,,falta,ninguna
2025083,urba:2025083,Juveniles - Primera rueda - M 16 - Nivel 2 - Grupo II - Zona C,2025,otro,M16,masculino,primera,primera,,13,91,91,,,,,falta,ninguna
2025084,urba:2025084,Juveniles - Primera rueda - M 16 - Nivel 2 - Grupo II - Zona C Eq B,2025,otro,M16,masculino,primera,primera,,13,91,91,,,,,falta,ninguna
2025085,urba:2025085,Juveniles - Primera rueda - M 16 - Grupo I - Zona A,2025,otro,M16,masculino,primera,primera,,11,66,66,,,,,falta,ninguna
2025086,urba:2025086,Juveniles - Primera rueda - M 16 - Grupo I - Zona B,2025,otro,M16,masculino,primera,primera,,10,66,66,,,,,falta,ninguna
2025087,urba:2025087,Juveniles - Primera rueda - M 16 - Formativa - Zona A,2025,Formativo,M16,masculino,primera,primera,,13,91,91,,,,,falta,ninguna
2025088,urba:2025088,Juveniles - Primera rueda - M 16 - Formativa - Zona B,2025,Formativo,M16,masculino,primera,primera,,10,91,91,,,,,falta,ninguna
2025089,urba:2025089,Juveniles - Primera rueda - M 15 - Nivel 1 - Grupo II - Zona A,2025,otro,M15,masculino,primera,primera,,14,91,91,,,,,falta,ninguna
2025090,urba:2025090,Juveniles - Primera rueda - M 15 - Nivel 1 - Grupo II - Zona A Eq B,2025,otro,M15,masculino,primera,primera,,14,91,91,,,,,falta,ninguna
2025091,urba:2025091,Juveniles - Primera rueda - M 15 - Nivel 1 - Grupo II - Zona B,2025,otro,M15,masculino,primera,primera,,14,91,91,,,,,falta,ninguna
2025092,urba:2025092,Juveniles - Primera rueda - M 15 - Nivel 1 - Grupo II - Zona B Eq B,2025,otro,M15,masculino,primera,primera,,14,91,91,,,,,falta,ninguna
2025093,urba:2025093,Juveniles - Primera rueda - M 15 - Nivel 2 - Grupo II - Zona C,2025,otro,M15,masculino,primera,primera,,13,91,91,,,,,falta,ninguna
2025094,urba:2025094,Juveniles - Primera rueda - M 15 - Nivel 2 - Grupo II - Zona C Eq B,2025,otro,M15,masculino,primera,primera,,13,91,91,,,,,falta,ninguna
2025095,urba:2025095,Juveniles - Primera rueda - M 15 - Grupo I - Zona A,2025,otro,M15,masculino,primera,primera,urba:serie:2025095,10,66,66,,,,,falta,ninguna
2025096,urba:2025096,Juveniles - Primera rueda - M 15 - Grupo I - Zona B,2025,otro,M15,masculino,primera,primera,urba:serie:2025096,10,66,66,,,,,falta,ninguna
2025097,urba:2025097,Juveniles - Primera rueda - M 15 - Formativa - Zona A,2025,Formativo,M15,masculino,primera,primera,,11,91,91,,,,,falta,ninguna
2025098,urba:2025098,Juveniles - Primera rueda - M 15 - Formativa - Zona B,2025,Formativo,M15,masculino,primera,primera,,15,104,104,,,,,falta,ninguna
2025101,urba:2025101,Formativo - Primera Rueda - Campeonato A,2025,Formativo,mayores,masculino,primera,primera,,5,30,30,,,,,falta,ninguna
2025102,urba:2025102,Formativo - Primera Rueda - Campeonato B,2025,Formativo,mayores,masculino,primera,primera,,5,30,30,,,,,falta,ninguna
2025103,urba:2025103,Formativo - Primera Rueda - Desarrollo A,2025,Desarrollo,mayores,masculino,primera,primera,,6,30,30,,,,,falta,ninguna
2025104,urba:2025104,Formativo - Primera Rueda - Desarrollo B,2025,Desarrollo,mayores,masculino,primera,primera,,5,30,30,,,,,falta,ninguna
2025105,urba:2025105,Universitario - Top 8,2025,Universitario,mayores,masculino,unica,unica,,8,56,56,,,,,falta,ninguna
2025106,urba:2025106,Universitario - Primera  B,2025,Primera B,mayores,masculino,unica,unica,,7,56,56,,,,,falta,ninguna
2025111,urba:2025111,Juveniles - Segunda rueda - M 19 - Nivel 1 - Grupo II - Ganadores,2025,otro,M19,masculino,segunda,segunda,,12,66,66,,,,,falta,ninguna
2025112,urba:2025112,Juveniles - Segunda rueda - M 19 - Nivel 1 - Grupo II - Ganadores eq B,2025,otro,M19,masculino,segunda,segunda,,12,66,66,,,,,falta,ninguna
2025113,urba:2025113,Juveniles - Segunda rueda - M 19 - Nivel 1 - Grupo II - Intermedia,2025,Intermedia,M19,masculino,segunda,segunda,,12,66,66,,,,,falta,ninguna
2025114,urba:2025114,Juveniles - Segunda rueda - M 19 - Nivel 1 - Grupo II - Intermedia eq B,2025,Intermedia,M19,masculino,segunda,segunda,,12,66,66,,,,,falta,ninguna
2025115,urba:2025115,Juveniles - Segunda rueda - M 19 - Nivel 2 - Grupo II - Ganadores,2025,otro,M19,masculino,segunda,segunda,,12,66,66,,,,,falta,ninguna
2025116,urba:2025116,Juveniles - Segunda rueda - M 19 - Nivel 2 - Grupo II - Ganadores eq B,2025,otro,M19,masculino,segunda,segunda,,12,66,66,,,,,falta,ninguna
2025117,urba:2025117,Juveniles - Segunda rueda - M 19 - Nivel 2 - Grupo II - Intermedia,2025,Intermedia,M19,masculino,segunda,segunda,,11,66,66,,,,,falta,ninguna
2025118,urba:2025118,Juveniles - Segunda rueda - M 19 - Nivel 2 - Grupo II - Intermedia eq B,2025,Intermedia,M19,masculino,segunda,segunda,,11,66,66,,,,,falta,ninguna
2025119,urba:2025119,Juveniles - Segunda rueda - M 19 - Grupo II - Desarrollo,2025,Desarrollo,M19,masculino,segunda,segunda,urba:serie:2025059,11,66,66,,,,,falta,ninguna
2025120,urba:2025120,Juveniles - Segunda rueda - M 19 - Grupo II - Desarrollo eq B,2025,Desarrollo,M19,masculino,segunda,segunda,urba:serie:2025060,11,66,66,,,,,falta,ninguna
2025121,urba:2025121,Juveniles - Segunda rueda - M 19 - Grupo I - Ganadores,2025,otro,M19,masculino,segunda,segunda,,12,66,66,,,,,falta,ninguna
2025122,urba:2025122,Juveniles - Segunda rueda - M 19 - Grupo I - Desarrollo,2025,Desarrollo,M19,masculino,segunda,segunda,,10,66,66,,,,,falta,ninguna
2025123,urba:2025123,Juveniles - Segunda rueda - M 19 - Formativa - Zona A,2025,Formativo,M19,masculino,segunda,segunda,urba:serie:2025063,11,66,66,,,,,falta,ninguna
2025124,urba:2025124,Juveniles - Segunda rueda - M 19 - Formativa - Zona B,2025,Formativo,M19,masculino,segunda,segunda,urba:serie:2025064,9,66,66,,,,,falta,ninguna
2025125,urba:2025125,Juveniles - Segunda rueda - M 19 - Formativa - Zona C,2025,Formativo,M19,masculino,segunda,segunda,urba:serie:2025065,10,66,66,,,,,falta,ninguna
2025126,urba:2025126,Juveniles - Segunda rueda - M 17 - Nivel 1 - Grupo II - Ganadores,2025,otro,M17,masculino,segunda,segunda,,12,66,66,,,,,falta,ninguna
2025127,urba:2025127,Juveniles - Segunda rueda - M 17 - Nivel 1 - Grupo II - Ganadores eq B,2025,otro,M17,masculino,segunda,segunda,,12,66,66,,,,,falta,ninguna
2025128,urba:2025128,Juveniles - Segunda rueda - M 17 - Nivel 1 - Grupo II - Intermedia,2025,Intermedia,M17,masculino,segunda,segunda,,12,66,66,,,,,falta,ninguna
2025129,urba:2025129,Juveniles - Segunda rueda - M 17 - Nivel 1 - Grupo II - Intermedia eq B,2025,Intermedia,M17,masculino,segunda,segunda,,12,66,66,,,,,falta,ninguna
2025130,urba:2025130,Juveniles - Segunda rueda - M 17 - Nivel 2 - Grupo II - Desarrollo,2025,Desarrollo,M17,masculino,segunda,segunda,,14,91,91,,,,,falta,ninguna
2025131,urba:2025131,Juveniles - Segunda rueda - M 17 - Nivel 2 - Grupo II - Desarrollo eq B,2025,Desarrollo,M17,masculino,segunda,segunda,,14,91,91,,,,,falta,ninguna
2025132,urba:2025132,Juveniles - Segunda rueda - M 17 - Grupo I - Ganadores,2025,otro,M17,masculino,segunda,segunda,,13,91,91,,,,,falta,ninguna
2025133,urba:2025133,Juveniles - Segunda rueda - M 17 - Grupo I - Desarrollo,2025,Desarrollo,M17,masculino,segunda,segunda,,13,91,91,,,,,falta,ninguna
2025134,urba:2025134,Juveniles - Segunda rueda - M 17 - Formativa - Zona A,2025,Formativo,M17,masculino,segunda,segunda,urba:serie:2025075,10,66,66,,,,,falta,ninguna
2025135,urba:2025135,Juveniles - Segunda rueda - M 17 - Formativa - Zona B,2025,Formativo,M17,masculino,segunda,segunda,urba:serie:2025076,10,66,66,,,,,falta,ninguna
2025136,urba:2025136,Juveniles - Segunda rueda - M 17 - Formativa - Zona C,2025,Formativo,M17,masculino,segunda,segunda,urba:serie:2025077,12,66,66,,,,,falta,ninguna
2025137,urba:2025137,Juveniles - Segunda rueda - M 16 - Nivel 1 - Grupo II - Ganadores,2025,otro,M16,masculino,segunda,segunda,,12,66,66,,,,,falta,ninguna
2025138,urba:2025138,Juveniles - Segunda rueda - M 16 - Nivel 1 - Grupo II - Ganadores eq B,2025,otro,M16,masculino,segunda,segunda,,12,66,66,,,,,falta,ninguna
2025139,urba:2025139,Juveniles - Segunda rueda - M 16 - Nivel 1 - Grupo II - Intermedia,2025,Intermedia,M16,masculino,segunda,segunda,,12,66,66,,,,,falta,ninguna
2025140,urba:2025140,Juveniles - Segunda rueda - M 16 - Nivel 1 - Grupo II - Intermedia eq B,2025,Intermedia,M16,masculino,segunda,segunda,,12,66,66,,,,,falta,ninguna
2025141,urba:2025141,Juveniles - Segunda rueda - M 16 - Nivel 2 - Grupo II - Desarrollo,2025,Desarrollo,M16,masculino,segunda,segunda,,16,96,96,,,,,falta,ninguna
2025142,urba:2025142,Juveniles - Segunda rueda - M 16 - Nivel 2 - Grupo II - Desarrollo eq B,2025,Desarrollo,M16,masculino,segunda,segunda,,16,96,96,,,,,falta,ninguna
2025143,urba:2025143,Juveniles - Segunda rueda - M 16 - Grupo I - Ganadores,2025,otro,M16,masculino,segunda,segunda,,11,66,66,,,,,falta,ninguna
2025144,urba:2025144,Juveniles - Segunda rueda - M 16 - Grupo I - Desarrollo,2025,Desarrollo,M16,masculino,segunda,segunda,,11,66,66,,,,,falta,ninguna
2025145,urba:2025145,Juveniles - Segunda rueda - M 16 - Grupo I - Formativa A,2025,Formativo,M16,masculino,segunda,segunda,,12,66,66,,,,,falta,ninguna
2025146,urba:2025146,Juveniles - Segunda rueda - M 16 - Grupo I - Formativa B,2025,Formativo,M16,masculino,segunda,segunda,,11,66,66,,,,,falta,ninguna
2025147,urba:2025147,Juveniles - Segunda rueda - M 15 - Grupo II - Zona A,2025,otro,M15,masculino,segunda,segunda,,12,66,66,,,,,falta,ninguna
2025148,urba:2025148,Juveniles - Segunda rueda - M 15 - Grupo II - Zona A eq B,2025,otro,M15,masculino,segunda,segunda,,12,66,66,,,,,falta,ninguna
2025149,urba:2025149,Juveniles - Segunda rueda - M 15 - Grupo II - Zona B,2025,otro,M15,masculino,segunda,segunda,,12,66,66,,,,,falta,ninguna
2025150,urba:2025150,Juveniles - Segunda rueda - M 15 - Grupo II - Zona B eq B,2025,otro,M15,masculino,segunda,segunda,,12,66,66,,,,,falta,ninguna
2025151,urba:2025151,Juveniles - Segunda rueda - M 15 - Grupo II - Zona C,2025,otro,M15,masculino,segunda,segunda,,12,66,66,,,,,falta,ninguna
2025152,urba:2025152,Juveniles - Segunda rueda - M 15 - Grupo II - Zona C eq B,2025,otro,M15,masculino,segunda,segunda,,12,66,66,,,,,falta,ninguna
2025153,urba:2025153,Juveniles - Segunda rueda - M 15 - Grupo II - Zona Desarrollo,2025,Desarrollo,M15,masculino,segunda,segunda,,11,66,66,,,,,falta,ninguna
2025154,urba:2025154,Juveniles - Segunda rueda - M 15 - Grupo II - Zona Desarrollo eq B,2025,Desarrollo,M15,masculino,segunda,segunda,,11,66,66,,,,,falta,ninguna
2025155,urba:2025155,Juveniles - Segunda rueda - M 15 - Grupo I - Zona A,2025,otro,M15,masculino,segunda,segunda,urba:serie:2025095,11,66,66,,,,,falta,ninguna
2025156,urba:2025156,Juveniles - Segunda rueda - M 15 - Grupo I - Zona B,2025,otro,M15,masculino,segunda,segunda,urba:serie:2025096,11,66,66,,,,,falta,ninguna
2025157,urba:2025157,Juveniles - Segunda rueda - M 15 - Grupo I - Formativa A,2025,Formativo,M15,masculino,segunda,segunda,,10,66,66,,,,,falta,ninguna
2025158,urba:2025158,Juveniles - Segunda rueda - M 15 - Grupo I - Formativa B,2025,Formativo,M15,masculino,segunda,segunda,,11,66,66,,,,,falta,ninguna
2025159,urba:2025159,Formativo - Rueda Final - Desarrollo B,2025,Desarrollo,mayores,masculino,otro,otro,,5,15,15,,,,,falta,ninguna
2025160,urba:2025160,Formativo - Rueda Final - Campeonato B,2025,Formativo,mayores,masculino,otro,otro,,5,15,15,,,,,falta,ninguna
2025161,urba:2025161,Formativo - Rueda Final - Desarrollo A,2025,Desarrollo,mayores,masculino,otro,otro,,6,15,15,,,,,falta,ninguna
2025162,urba:2025162,Formativo - Rueda Final - Campeonato A,2025,Formativo,mayores,masculino,otro,otro,,4,15,15,,,,,falta,ninguna
2025163,urba:2025163,TOP 12 - Play Off,2025,Top 12,mayores,masculino,unica,unica,,4,3,3,,,,,falta,ninguna
2025164,urba:2025164,Primera A - Play Off,2025,Primera A,mayores,masculino,unica,unica,,4,3,3,,,,,falta,ninguna
2025165,urba:2025165,Primera B - Play Off,2025,Primera B,mayores,masculino,unica,unica,,4,3,3,,,,,falta,ninguna
2025166,urba:2025166,Primera C - Play Off,2025,Primera C,mayores,masculino,unica,unica,,4,3,3,,,,,falta,ninguna
2025167,urba:2025167,Segunda - Play Off,2025,Segunda,mayores,masculino,unica,unica,,4,3,3,,,,,falta,ninguna
2025176,urba:2025176,TOP 14 - Superior,2026,Top 14,mayores,masculino,unica,unica,,14,182,119,d29703d0-125c-44a1-ab38-137450935a6e,Top 14 de la URBA,urba:2025176,tournaments.season_id,ambiguo,parcial
2025177,urba:2025177,PRIMERA A - Superior,2026,Primera A,mayores,masculino,unica,unica,,14,182,112,e5c74c61-ff94-4091-9773-ec7303088fdc,"Primera ""A"" de la URBA",urba:2025177,tournaments.season_id,ambiguo,parcial
2025178,urba:2025178,PRIMERA B - Superior,2026,Primera B,mayores,masculino,unica,unica,,14,182,112,797e1b94-6397-4d73-a676-c166e40be5a9,"Primera ""B"" de la URBA",urba:2025178,tournaments.season_id,ambiguo,parcial
2025179,urba:2025179,PRIMERA C - Superior,2026,Primera C,mayores,masculino,unica,unica,,14,182,112,d1c0af07-36ee-4234-8678-53fef1931e4f,"Primera ""C"" de la URBA",urba:2025179,tournaments.season_id,ambiguo,parcial
2025180,urba:2025180,SEGUNDA - Superior,2026,Segunda,mayores,masculino,unica,unica,,14,182,112,6c91c204-f5d7-4d10-9f10-0b3171c5501b,URBA: SEGUNDA - Superior,urba:2025180,tournaments.season_id,ambiguo,parcial
2025181,urba:2025181,TERCERA - Superior,2026,Tercera,mayores,masculino,unica,unica,,11,132,78,1c4af912-d157-4c93-afd3-8dac0a4539b4,URBA: TERCERA - Superior,urba:2025181,tournaments.season_id,ambiguo,parcial
2025182,urba:2025182,DESARROLLO - Superior,2026,Desarrollo,mayores,masculino,unica,unica,,10,90,65,e0e20e06-8c98-4804-9edc-2cc978b7da56,URBA: DESARROLLO - Superior,urba:2025182,tournaments.season_id,ambiguo,parcial
2025184,urba:2025184,TOP 14 - Intermedia,2026,Top 14,mayores,masculino,unica,unica,,14,182,119,94181521-3f03-4e83-a213-0e6d4ba27431,URBA: TOP 14 - Intermedia,urba:2025184,tournaments.season_id,ambiguo,parcial
2025185,urba:2025185,TOP 14 - Preintermedia,2026,Top 14,mayores,masculino,unica,unica,,14,182,119,630092a4-f13c-4f15-8beb-0292188beaac | ce92f348-7003-4938-946e-afda17778c20 | 01623c55-81ed-4aff-a2cd-122783667053 | 9edc5dcd-14d8-4e49-9c05-1a4c07578079 | 343b3cd7-a953-4a2a-b3c0-330930e03028 | 19342429-858e-4375-b105-f22cd5fb35c9,URBA: TOP 14 - Preintermedia C | URBA: TOP 14 - Preintermedia F | URBA: TOP 14 - Preintermedia E | URBA: TOP 14 - Preintermedia B | URBA: TOP 14 - Preintermedia | URBA: TOP 14 - Preintermedia D,urba:2025197,tournaments.season_id,ambiguo,parcial
2025186,urba:2025186,TOP 14 - Preintermedia B,2026,Top 14,mayores,masculino,unica,unica,,14,182,119,630092a4-f13c-4f15-8beb-0292188beaac | ce92f348-7003-4938-946e-afda17778c20 | 01623c55-81ed-4aff-a2cd-122783667053 | 9edc5dcd-14d8-4e49-9c05-1a4c07578079 | 343b3cd7-a953-4a2a-b3c0-330930e03028 | 19342429-858e-4375-b105-f22cd5fb35c9,URBA: TOP 14 - Preintermedia C | URBA: TOP 14 - Preintermedia F | URBA: TOP 14 - Preintermedia E | URBA: TOP 14 - Preintermedia B | URBA: TOP 14 - Preintermedia | URBA: TOP 14 - Preintermedia D,urba:2025197,tournaments.season_id,ambiguo,parcial
2025187,urba:2025187,PRIMERA A - Intermedia,2026,Primera A,mayores,masculino,unica,unica,,14,182,112,279813a1-fb6d-40c9-a0c4-1f032eb5929c | a3cc760a-c6e7-40d3-96f7-8a4718c1bb36 | b0a7b76a-0d48-47fd-bb9a-96ba3737f3ee,URBA: PRIMERA A - Intermedia | URBA: PRIMERA B - Intermedia | URBA: PRIMERA C - Intermedia,urba:2025187,tournaments.season_id,ambiguo,parcial
2025188,urba:2025188,PRIMERA A - Preintermedia,2026,Primera A,mayores,masculino,unica,unica,,14,182,112,8af98c33-d8fb-40f3-a08c-0440261b024c | 574ab200-ac35-4ac8-b056-f452ae265fd0 | fc46ffd3-4adf-4d2c-9c6d-faa64ad54c80 | 62e7f6e4-b96e-4463-a60d-e256b16f7eae | c21d05c7-7841-4935-8a66-183ce42da3fa | c8260e51-f92a-487c-8731-5772afbd32ac | e561f690-5d7d-443c-aae5-df8156fa96a5 | 38a70777-9964-4d63-a008-c26b757ddb49 | b4c78e78-4210-4820-85e4-0a6a0032ad7f,URBA: PRIMERA B - Preintermedia C | URBA: PRIMERA A - Preintermedia B | URBA: PRIMERA C - Preintermedia B | URBA: PRIMERA A - Preintermedia C | URBA: PRIMERA A - Preintermedia | URBA: PRIMERA A - Preintermedia D | URBA: PRIMERA C - Preintermedia | URBA: PRIMERA B - Preintermedia | URBA: PRIMERA B - Preintermedia B,urba:2025204,tournaments.season_id,ambiguo,parcial
2025189,urba:2025189,PRIMERA A - Preintermedia B,2026,Primera A,mayores,masculino,unica,unica,,14,182,112,8af98c33-d8fb-40f3-a08c-0440261b024c | 574ab200-ac35-4ac8-b056-f452ae265fd0 | fc46ffd3-4adf-4d2c-9c6d-faa64ad54c80 | 62e7f6e4-b96e-4463-a60d-e256b16f7eae | c21d05c7-7841-4935-8a66-183ce42da3fa | c8260e51-f92a-487c-8731-5772afbd32ac | e561f690-5d7d-443c-aae5-df8156fa96a5 | 38a70777-9964-4d63-a008-c26b757ddb49 | b4c78e78-4210-4820-85e4-0a6a0032ad7f,URBA: PRIMERA B - Preintermedia C | URBA: PRIMERA A - Preintermedia B | URBA: PRIMERA C - Preintermedia B | URBA: PRIMERA A - Preintermedia C | URBA: PRIMERA A - Preintermedia | URBA: PRIMERA A - Preintermedia D | URBA: PRIMERA C - Preintermedia | URBA: PRIMERA B - Preintermedia | URBA: PRIMERA B - Preintermedia B,urba:2025204,tournaments.season_id,ambiguo,parcial
2025190,urba:2025190,PRIMERA B - Intermedia,2026,Primera B,mayores,masculino,unica,unica,,14,182,112,279813a1-fb6d-40c9-a0c4-1f032eb5929c | a3cc760a-c6e7-40d3-96f7-8a4718c1bb36 | b0a7b76a-0d48-47fd-bb9a-96ba3737f3ee,URBA: PRIMERA A - Intermedia | URBA: PRIMERA B - Intermedia | URBA: PRIMERA C - Intermedia,urba:2025187,tournaments.season_id,ambiguo,parcial
2025191,urba:2025191,PRIMERA B - Preintermedia,2026,Primera B,mayores,masculino,unica,unica,,14,182,112,8af98c33-d8fb-40f3-a08c-0440261b024c | 574ab200-ac35-4ac8-b056-f452ae265fd0 | fc46ffd3-4adf-4d2c-9c6d-faa64ad54c80 | 62e7f6e4-b96e-4463-a60d-e256b16f7eae | c21d05c7-7841-4935-8a66-183ce42da3fa | c8260e51-f92a-487c-8731-5772afbd32ac | e561f690-5d7d-443c-aae5-df8156fa96a5 | 38a70777-9964-4d63-a008-c26b757ddb49 | b4c78e78-4210-4820-85e4-0a6a0032ad7f,URBA: PRIMERA B - Preintermedia C | URBA: PRIMERA A - Preintermedia B | URBA: PRIMERA C - Preintermedia B | URBA: PRIMERA A - Preintermedia C | URBA: PRIMERA A - Preintermedia | URBA: PRIMERA A - Preintermedia D | URBA: PRIMERA C - Preintermedia | URBA: PRIMERA B - Preintermedia | URBA: PRIMERA B - Preintermedia B,urba:2025204,tournaments.season_id,ambiguo,parcial
2025192,urba:2025192,PRIMERA B - Preintermedia B,2026,Primera B,mayores,masculino,unica,unica,,14,182,112,8af98c33-d8fb-40f3-a08c-0440261b024c | 574ab200-ac35-4ac8-b056-f452ae265fd0 | fc46ffd3-4adf-4d2c-9c6d-faa64ad54c80 | 62e7f6e4-b96e-4463-a60d-e256b16f7eae | c21d05c7-7841-4935-8a66-183ce42da3fa | c8260e51-f92a-487c-8731-5772afbd32ac | e561f690-5d7d-443c-aae5-df8156fa96a5 | 38a70777-9964-4d63-a008-c26b757ddb49 | b4c78e78-4210-4820-85e4-0a6a0032ad7f,URBA: PRIMERA B - Preintermedia C | URBA: PRIMERA A - Preintermedia B | URBA: PRIMERA C - Preintermedia B | URBA: PRIMERA A - Preintermedia C | URBA: PRIMERA A - Preintermedia | URBA: PRIMERA A - Preintermedia D | URBA: PRIMERA C - Preintermedia | URBA: PRIMERA B - Preintermedia | URBA: PRIMERA B - Preintermedia B,urba:2025204,tournaments.season_id,ambiguo,parcial
2025193,urba:2025193,PRIMERA C - Intermedia,2026,Primera C,mayores,masculino,unica,unica,,14,182,112,279813a1-fb6d-40c9-a0c4-1f032eb5929c | a3cc760a-c6e7-40d3-96f7-8a4718c1bb36 | b0a7b76a-0d48-47fd-bb9a-96ba3737f3ee,URBA: PRIMERA A - Intermedia | URBA: PRIMERA B - Intermedia | URBA: PRIMERA C - Intermedia,urba:2025187,tournaments.season_id,ambiguo,parcial
2025195,urba:2025195,PRIMERA C - Preintermedia,2026,Primera C,mayores,masculino,unica,unica,,14,182,112,8af98c33-d8fb-40f3-a08c-0440261b024c | 574ab200-ac35-4ac8-b056-f452ae265fd0 | fc46ffd3-4adf-4d2c-9c6d-faa64ad54c80 | 62e7f6e4-b96e-4463-a60d-e256b16f7eae | c21d05c7-7841-4935-8a66-183ce42da3fa | c8260e51-f92a-487c-8731-5772afbd32ac | e561f690-5d7d-443c-aae5-df8156fa96a5 | 38a70777-9964-4d63-a008-c26b757ddb49 | b4c78e78-4210-4820-85e4-0a6a0032ad7f,URBA: PRIMERA B - Preintermedia C | URBA: PRIMERA A - Preintermedia B | URBA: PRIMERA C - Preintermedia B | URBA: PRIMERA A - Preintermedia C | URBA: PRIMERA A - Preintermedia | URBA: PRIMERA A - Preintermedia D | URBA: PRIMERA C - Preintermedia | URBA: PRIMERA B - Preintermedia | URBA: PRIMERA B - Preintermedia B,urba:2025204,tournaments.season_id,ambiguo,parcial
2025196,urba:2025196,SEGUNDA - Intermedia,2026,Segunda,mayores,masculino,unica,unica,,14,182,112,dc340195-93a9-4a17-a58d-d154deb8f5d4,URBA: SEGUNDA - Intermedia,urba:2025196,tournaments.season_id,ambiguo,parcial
2025197,urba:2025197,TOP 14 - Preintermedia C,2026,Top 14,mayores,masculino,unica,unica,,14,182,119,630092a4-f13c-4f15-8beb-0292188beaac | ce92f348-7003-4938-946e-afda17778c20 | 01623c55-81ed-4aff-a2cd-122783667053 | 9edc5dcd-14d8-4e49-9c05-1a4c07578079 | 343b3cd7-a953-4a2a-b3c0-330930e03028 | 19342429-858e-4375-b105-f22cd5fb35c9,URBA: TOP 14 - Preintermedia C | URBA: TOP 14 - Preintermedia F | URBA: TOP 14 - Preintermedia E | URBA: TOP 14 - Preintermedia B | URBA: TOP 14 - Preintermedia | URBA: TOP 14 - Preintermedia D,urba:2025197,tournaments.season_id,ambiguo,parcial
2025198,urba:2025198,TOP 14 - Preintermedia D,2026,Top 14,mayores,masculino,unica,unica,,14,182,119,630092a4-f13c-4f15-8beb-0292188beaac | ce92f348-7003-4938-946e-afda17778c20 | 01623c55-81ed-4aff-a2cd-122783667053 | 9edc5dcd-14d8-4e49-9c05-1a4c07578079 | 343b3cd7-a953-4a2a-b3c0-330930e03028 | 19342429-858e-4375-b105-f22cd5fb35c9,URBA: TOP 14 - Preintermedia C | URBA: TOP 14 - Preintermedia F | URBA: TOP 14 - Preintermedia E | URBA: TOP 14 - Preintermedia B | URBA: TOP 14 - Preintermedia | URBA: TOP 14 - Preintermedia D,urba:2025197,tournaments.season_id,ambiguo,parcial
2025199,urba:2025199,TERCERA - Intermedia,2026,Tercera,mayores,masculino,unica,unica,,11,132,78,1a270e0c-30f9-48a6-af96-f610bb2a377f,URBA: TERCERA - Intermedia,urba:2025199,tournaments.season_id,ambiguo,parcial
2025200,urba:2025200,TOP 14 - Preintermedia E,2026,Top 14,mayores,masculino,unica,unica,,12,182,119,630092a4-f13c-4f15-8beb-0292188beaac | ce92f348-7003-4938-946e-afda17778c20 | 01623c55-81ed-4aff-a2cd-122783667053 | 9edc5dcd-14d8-4e49-9c05-1a4c07578079 | 343b3cd7-a953-4a2a-b3c0-330930e03028 | 19342429-858e-4375-b105-f22cd5fb35c9,URBA: TOP 14 - Preintermedia C | URBA: TOP 14 - Preintermedia F | URBA: TOP 14 - Preintermedia E | URBA: TOP 14 - Preintermedia B | URBA: TOP 14 - Preintermedia | URBA: TOP 14 - Preintermedia D,urba:2025197,tournaments.season_id,ambiguo,parcial
2025201,urba:2025201,TOP 14 - Preintermedia F,2026,Top 14,mayores,masculino,unica,unica,,13,182,119,630092a4-f13c-4f15-8beb-0292188beaac | ce92f348-7003-4938-946e-afda17778c20 | 01623c55-81ed-4aff-a2cd-122783667053 | 9edc5dcd-14d8-4e49-9c05-1a4c07578079 | 343b3cd7-a953-4a2a-b3c0-330930e03028 | 19342429-858e-4375-b105-f22cd5fb35c9,URBA: TOP 14 - Preintermedia C | URBA: TOP 14 - Preintermedia F | URBA: TOP 14 - Preintermedia E | URBA: TOP 14 - Preintermedia B | URBA: TOP 14 - Preintermedia | URBA: TOP 14 - Preintermedia D,urba:2025197,tournaments.season_id,ambiguo,parcial
2025202,urba:2025202,PRIMERA A - Preintermedia C,2026,Primera A,mayores,masculino,unica,unica,,14,182,112,8af98c33-d8fb-40f3-a08c-0440261b024c | 574ab200-ac35-4ac8-b056-f452ae265fd0 | fc46ffd3-4adf-4d2c-9c6d-faa64ad54c80 | 62e7f6e4-b96e-4463-a60d-e256b16f7eae | c21d05c7-7841-4935-8a66-183ce42da3fa | c8260e51-f92a-487c-8731-5772afbd32ac | e561f690-5d7d-443c-aae5-df8156fa96a5 | 38a70777-9964-4d63-a008-c26b757ddb49 | b4c78e78-4210-4820-85e4-0a6a0032ad7f,URBA: PRIMERA B - Preintermedia C | URBA: PRIMERA A - Preintermedia B | URBA: PRIMERA C - Preintermedia B | URBA: PRIMERA A - Preintermedia C | URBA: PRIMERA A - Preintermedia | URBA: PRIMERA A - Preintermedia D | URBA: PRIMERA C - Preintermedia | URBA: PRIMERA B - Preintermedia | URBA: PRIMERA B - Preintermedia B,urba:2025204,tournaments.season_id,ambiguo,parcial
2025203,urba:2025203,PRIMERA A - Preintermedia D,2026,Primera A,mayores,masculino,unica,unica,,14,182,112,8af98c33-d8fb-40f3-a08c-0440261b024c | 574ab200-ac35-4ac8-b056-f452ae265fd0 | fc46ffd3-4adf-4d2c-9c6d-faa64ad54c80 | 62e7f6e4-b96e-4463-a60d-e256b16f7eae | c21d05c7-7841-4935-8a66-183ce42da3fa | c8260e51-f92a-487c-8731-5772afbd32ac | e561f690-5d7d-443c-aae5-df8156fa96a5 | 38a70777-9964-4d63-a008-c26b757ddb49 | b4c78e78-4210-4820-85e4-0a6a0032ad7f,URBA: PRIMERA B - Preintermedia C | URBA: PRIMERA A - Preintermedia B | URBA: PRIMERA C - Preintermedia B | URBA: PRIMERA A - Preintermedia C | URBA: PRIMERA A - Preintermedia | URBA: PRIMERA A - Preintermedia D | URBA: PRIMERA C - Preintermedia | URBA: PRIMERA B - Preintermedia | URBA: PRIMERA B - Preintermedia B,urba:2025204,tournaments.season_id,ambiguo,parcial
2025204,urba:2025204,PRIMERA B - Preintermedia C,2026,Primera B,mayores,masculino,unica,unica,,8,182,112,8af98c33-d8fb-40f3-a08c-0440261b024c | 574ab200-ac35-4ac8-b056-f452ae265fd0 | fc46ffd3-4adf-4d2c-9c6d-faa64ad54c80 | 62e7f6e4-b96e-4463-a60d-e256b16f7eae | c21d05c7-7841-4935-8a66-183ce42da3fa | c8260e51-f92a-487c-8731-5772afbd32ac | e561f690-5d7d-443c-aae5-df8156fa96a5 | 38a70777-9964-4d63-a008-c26b757ddb49 | b4c78e78-4210-4820-85e4-0a6a0032ad7f,URBA: PRIMERA B - Preintermedia C | URBA: PRIMERA A - Preintermedia B | URBA: PRIMERA C - Preintermedia B | URBA: PRIMERA A - Preintermedia C | URBA: PRIMERA A - Preintermedia | URBA: PRIMERA A - Preintermedia D | URBA: PRIMERA C - Preintermedia | URBA: PRIMERA B - Preintermedia | URBA: PRIMERA B - Preintermedia B,urba:2025204,tournaments.season_id,ambiguo,parcial
2025205,urba:2025205,PRIMERA C - Preintermedia B,2026,Primera C,mayores,masculino,unica,unica,,10,182,112,8af98c33-d8fb-40f3-a08c-0440261b024c | 574ab200-ac35-4ac8-b056-f452ae265fd0 | fc46ffd3-4adf-4d2c-9c6d-faa64ad54c80 | 62e7f6e4-b96e-4463-a60d-e256b16f7eae | c21d05c7-7841-4935-8a66-183ce42da3fa | c8260e51-f92a-487c-8731-5772afbd32ac | e561f690-5d7d-443c-aae5-df8156fa96a5 | 38a70777-9964-4d63-a008-c26b757ddb49 | b4c78e78-4210-4820-85e4-0a6a0032ad7f,URBA: PRIMERA B - Preintermedia C | URBA: PRIMERA A - Preintermedia B | URBA: PRIMERA C - Preintermedia B | URBA: PRIMERA A - Preintermedia C | URBA: PRIMERA A - Preintermedia | URBA: PRIMERA A - Preintermedia D | URBA: PRIMERA C - Preintermedia | URBA: PRIMERA B - Preintermedia | URBA: PRIMERA B - Preintermedia B,urba:2025204,tournaments.season_id,ambiguo,parcial
2025206,urba:2025206,TOP 14 - Menores de 22,2026,Top 14,M22,masculino,unica,unica,,14,182,119,211a1790-0af0-4ae0-bd80-83aa36dd4ed6,URBA: TOP 14 - Menores de 22,urba:2025206,tournaments.season_id,ambiguo,parcial
2025207,urba:2025207,DESARROLLO - Intermedia,2026,Desarrollo,mayores,masculino,unica,unica,,10,90,65,2554d14f-105f-468d-99eb-0af2dd28545d,URBA: DESARROLLO - Intermedia,urba:2025207,tournaments.season_id,ambiguo,parcial
2025208,urba:2025208,FEMENINO - TOP 9,2026,Top 9,mayores,femenino,unica,unica,,9,90,51,45bfef25-ec3f-4990-b6f5-e6ea7b3e3dd5,URBA: FEMENINO - TOP 9,urba:2025208,tournaments.season_id,ambiguo,parcial
2025209,urba:2025209,FEMENINO - Primera División,2026,Primera División,mayores,femenino,unica,unica,,9,45,35,2559cecb-53ea-47e9-9494-1de3a0396b9c,URBA: FEMENINO - Primera División,urba:2025209,tournaments.season_id,ambiguo,parcial
2025210,urba:2025210,FEMENINO - Segunda División,2026,Segunda División,mayores,femenino,unica,unica,,9,45,35,a0d68826-4074-4722-bf77-89b83cdf3556,URBA: FEMENINO - Segunda División,urba:2025210,tournaments.season_id,ambiguo,parcial
2025212,urba:2025212,Rugby Universitario - Campeonato,2026,Universitario,mayores,masculino,unica,unica,,14,91,69,5a1e4524-4b82-432c-b999-d6f7d7618361,URBA: Rugby Universitario - Campeonato,urba:2025212,tournaments.season_id,ambiguo,parcial
2025265,urba:2025265,Rugby Formativo - Campeonato,2026,Formativo,mayores,masculino,unica,unica,,10,45,40,184e6396-68b3-409a-ae54-8ffc1c629aef,URBA: Rugby Formativo - Campeonato,urba:2025265,tournaments.season_id,ambiguo,parcial
2025266,urba:2025266,Rugby Formativo - Primera Division,2026,Formativo,mayores,masculino,unica,unica,,7,56,32,7be07a00-59a8-43fe-a8e3-50fbc0ac1c12,URBA: Rugby Formativo - Primera Division,urba:2025266,tournaments.season_id,ambiguo,parcial
2025213,urba:2025213,Menores de 19 - Primera Rueda - G2 NIVEL 1 A,2026,otro,M19,masculino,primera,primera,,12,66,66,ad6dc9e8-d59c-4f1a-8b39-afd10e0f52f8 | 31ecf7ea-34c6-4762-bd9e-d5622bf3451d | 04a1c83c-0402-44f6-9395-d304d7a0048f | dc3aabb1-eb23-4c8d-bef0-f493f095aae7 | e64d9edd-e238-42e7-915f-1dc45153c1fa | 8b5434f8-41d4-4d9d-8c5d-44fe96399f42 | a21a7906-8869-45d2-8cc6-2b354b8ec1db | cb596849-59dc-4a39-8bb5-4ed7ed800c71 | ffa1c355-ad06-4b46-8749-4c3bb8312de6 | 65437c72-15f0-44c9-a534-840ec5c83299 | d0790837-67b9-4a56-8d8f-2b04497a6e8c | 3f11580a-b23e-4ac2-b8e2-7471ad24290e | 8a3729de-9694-49a6-90e2-67a80e4b0940 | b9f03d3c-0896-41c9-8651-b99e02f21ee2 | 2569bc21-8026-4a57-99a8-398ee7aef33e | 6814d5b9-c845-4e05-bb2e-0db0e9a64355 | 8018994b-15be-4582-a054-ecaae431e60d | b68ceaef-298e-4c63-9964-c9a95ba43822,"URBA: Menores de 19 - Primera Rueda - G2 NIVEL 2 C Eq B | URBA: Menores de 19 - Primera Rueda - G2 NIVEL 1 A Eq B | URBA: Menores de 19 - Primera Rueda - G2 NIVEL 1 B Eq B | URBA: Menores de 19 - Segunda Rueda - G2 Nivel 1 Ganadores Eq B | URBA: Menores de 19 - Segunda Rueda - G2 Nivel 2 Intermedia Eq B | URBA: Menores de 19 - Segunda Rueda - G2 Nivel 1 Ganadores | URBA: Menores de 19 - Primera Rueda - G2 NIVEL 2 Desarrollo | URBA: Menores de 19 - Primera Rueda - G2 NIVEL 2 D | URBA: Menores de 19 - Segunda Rueda - G2 Nivel 1 Intermedia Eq B | URBA: Menores de 19 - Primera Rueda - G2 NIVEL 2 C | URBA: Menores de 19 - Primera Rueda - G2 NIVEL 2 D Eq B | URBA: Menores de 19 - Primera Rueda - G2 NIVEL 2 Desarrollo Eq B | URBA: Menores de 19 - Segunda Rueda - G2 Nivel 2 Intermedia | URBA: Menores de 19 - Segunda Rueda - G2 Nivel 2 Ganadores | URBA: Menores de 19 - Segunda Rueda - G2 Nivel 2 Ganadores Eq B | URBA: Menores de 19 - Segunda Rueda - G2 Nivel 1 Intermedia | URBA: MENORES DE 19 - G2 NIVEL 1 ""B"" | URBA: MENORES DE 19 - G2 NIVEL 1 ""A""",urba:2025218,tournaments.season_id,ambiguo,parcial
2025214,urba:2025214,Menores de 19 - Primera Rueda - G2 NIVEL 1 A Eq B,2026,otro,M19,masculino,primera,primera,,12,66,66,ad6dc9e8-d59c-4f1a-8b39-afd10e0f52f8 | 31ecf7ea-34c6-4762-bd9e-d5622bf3451d | 04a1c83c-0402-44f6-9395-d304d7a0048f | dc3aabb1-eb23-4c8d-bef0-f493f095aae7 | e64d9edd-e238-42e7-915f-1dc45153c1fa | 8b5434f8-41d4-4d9d-8c5d-44fe96399f42 | a21a7906-8869-45d2-8cc6-2b354b8ec1db | cb596849-59dc-4a39-8bb5-4ed7ed800c71 | ffa1c355-ad06-4b46-8749-4c3bb8312de6 | 65437c72-15f0-44c9-a534-840ec5c83299 | d0790837-67b9-4a56-8d8f-2b04497a6e8c | 3f11580a-b23e-4ac2-b8e2-7471ad24290e | 8a3729de-9694-49a6-90e2-67a80e4b0940 | b9f03d3c-0896-41c9-8651-b99e02f21ee2 | 2569bc21-8026-4a57-99a8-398ee7aef33e | 6814d5b9-c845-4e05-bb2e-0db0e9a64355 | 8018994b-15be-4582-a054-ecaae431e60d | b68ceaef-298e-4c63-9964-c9a95ba43822,"URBA: Menores de 19 - Primera Rueda - G2 NIVEL 2 C Eq B | URBA: Menores de 19 - Primera Rueda - G2 NIVEL 1 A Eq B | URBA: Menores de 19 - Primera Rueda - G2 NIVEL 1 B Eq B | URBA: Menores de 19 - Segunda Rueda - G2 Nivel 1 Ganadores Eq B | URBA: Menores de 19 - Segunda Rueda - G2 Nivel 2 Intermedia Eq B | URBA: Menores de 19 - Segunda Rueda - G2 Nivel 1 Ganadores | URBA: Menores de 19 - Primera Rueda - G2 NIVEL 2 Desarrollo | URBA: Menores de 19 - Primera Rueda - G2 NIVEL 2 D | URBA: Menores de 19 - Segunda Rueda - G2 Nivel 1 Intermedia Eq B | URBA: Menores de 19 - Primera Rueda - G2 NIVEL 2 C | URBA: Menores de 19 - Primera Rueda - G2 NIVEL 2 D Eq B | URBA: Menores de 19 - Primera Rueda - G2 NIVEL 2 Desarrollo Eq B | URBA: Menores de 19 - Segunda Rueda - G2 Nivel 2 Intermedia | URBA: Menores de 19 - Segunda Rueda - G2 Nivel 2 Ganadores | URBA: Menores de 19 - Segunda Rueda - G2 Nivel 2 Ganadores Eq B | URBA: Menores de 19 - Segunda Rueda - G2 Nivel 1 Intermedia | URBA: MENORES DE 19 - G2 NIVEL 1 ""B"" | URBA: MENORES DE 19 - G2 NIVEL 1 ""A""",urba:2025218,tournaments.season_id,ambiguo,parcial
2025215,urba:2025215,Menores de 19 - Primera Rueda - G2 NIVEL 1 B,2026,otro,M19,masculino,primera,primera,,12,66,66,ad6dc9e8-d59c-4f1a-8b39-afd10e0f52f8 | 31ecf7ea-34c6-4762-bd9e-d5622bf3451d | 04a1c83c-0402-44f6-9395-d304d7a0048f | dc3aabb1-eb23-4c8d-bef0-f493f095aae7 | e64d9edd-e238-42e7-915f-1dc45153c1fa | 8b5434f8-41d4-4d9d-8c5d-44fe96399f42 | a21a7906-8869-45d2-8cc6-2b354b8ec1db | cb596849-59dc-4a39-8bb5-4ed7ed800c71 | ffa1c355-ad06-4b46-8749-4c3bb8312de6 | 65437c72-15f0-44c9-a534-840ec5c83299 | d0790837-67b9-4a56-8d8f-2b04497a6e8c | 3f11580a-b23e-4ac2-b8e2-7471ad24290e | 8a3729de-9694-49a6-90e2-67a80e4b0940 | b9f03d3c-0896-41c9-8651-b99e02f21ee2 | 2569bc21-8026-4a57-99a8-398ee7aef33e | 6814d5b9-c845-4e05-bb2e-0db0e9a64355 | 8018994b-15be-4582-a054-ecaae431e60d | b68ceaef-298e-4c63-9964-c9a95ba43822,"URBA: Menores de 19 - Primera Rueda - G2 NIVEL 2 C Eq B | URBA: Menores de 19 - Primera Rueda - G2 NIVEL 1 A Eq B | URBA: Menores de 19 - Primera Rueda - G2 NIVEL 1 B Eq B | URBA: Menores de 19 - Segunda Rueda - G2 Nivel 1 Ganadores Eq B | URBA: Menores de 19 - Segunda Rueda - G2 Nivel 2 Intermedia Eq B | URBA: Menores de 19 - Segunda Rueda - G2 Nivel 1 Ganadores | URBA: Menores de 19 - Primera Rueda - G2 NIVEL 2 Desarrollo | URBA: Menores de 19 - Primera Rueda - G2 NIVEL 2 D | URBA: Menores de 19 - Segunda Rueda - G2 Nivel 1 Intermedia Eq B | URBA: Menores de 19 - Primera Rueda - G2 NIVEL 2 C | URBA: Menores de 19 - Primera Rueda - G2 NIVEL 2 D Eq B | URBA: Menores de 19 - Primera Rueda - G2 NIVEL 2 Desarrollo Eq B | URBA: Menores de 19 - Segunda Rueda - G2 Nivel 2 Intermedia | URBA: Menores de 19 - Segunda Rueda - G2 Nivel 2 Ganadores | URBA: Menores de 19 - Segunda Rueda - G2 Nivel 2 Ganadores Eq B | URBA: Menores de 19 - Segunda Rueda - G2 Nivel 1 Intermedia | URBA: MENORES DE 19 - G2 NIVEL 1 ""B"" | URBA: MENORES DE 19 - G2 NIVEL 1 ""A""",urba:2025218,tournaments.season_id,ambiguo,parcial
2025216,urba:2025216,Menores de 19 - Primera Rueda - G2 NIVEL 1 B Eq B,2026,otro,M19,masculino,primera,primera,,12,66,66,ad6dc9e8-d59c-4f1a-8b39-afd10e0f52f8 | 31ecf7ea-34c6-4762-bd9e-d5622bf3451d | 04a1c83c-0402-44f6-9395-d304d7a0048f | dc3aabb1-eb23-4c8d-bef0-f493f095aae7 | e64d9edd-e238-42e7-915f-1dc45153c1fa | 8b5434f8-41d4-4d9d-8c5d-44fe96399f42 | a21a7906-8869-45d2-8cc6-2b354b8ec1db | cb596849-59dc-4a39-8bb5-4ed7ed800c71 | ffa1c355-ad06-4b46-8749-4c3bb8312de6 | 65437c72-15f0-44c9-a534-840ec5c83299 | d0790837-67b9-4a56-8d8f-2b04497a6e8c | 3f11580a-b23e-4ac2-b8e2-7471ad24290e | 8a3729de-9694-49a6-90e2-67a80e4b0940 | b9f03d3c-0896-41c9-8651-b99e02f21ee2 | 2569bc21-8026-4a57-99a8-398ee7aef33e | 6814d5b9-c845-4e05-bb2e-0db0e9a64355 | 8018994b-15be-4582-a054-ecaae431e60d | b68ceaef-298e-4c63-9964-c9a95ba43822,"URBA: Menores de 19 - Primera Rueda - G2 NIVEL 2 C Eq B | URBA: Menores de 19 - Primera Rueda - G2 NIVEL 1 A Eq B | URBA: Menores de 19 - Primera Rueda - G2 NIVEL 1 B Eq B | URBA: Menores de 19 - Segunda Rueda - G2 Nivel 1 Ganadores Eq B | URBA: Menores de 19 - Segunda Rueda - G2 Nivel 2 Intermedia Eq B | URBA: Menores de 19 - Segunda Rueda - G2 Nivel 1 Ganadores | URBA: Menores de 19 - Primera Rueda - G2 NIVEL 2 Desarrollo | URBA: Menores de 19 - Primera Rueda - G2 NIVEL 2 D | URBA: Menores de 19 - Segunda Rueda - G2 Nivel 1 Intermedia Eq B | URBA: Menores de 19 - Primera Rueda - G2 NIVEL 2 C | URBA: Menores de 19 - Primera Rueda - G2 NIVEL 2 D Eq B | URBA: Menores de 19 - Primera Rueda - G2 NIVEL 2 Desarrollo Eq B | URBA: Menores de 19 - Segunda Rueda - G2 Nivel 2 Intermedia | URBA: Menores de 19 - Segunda Rueda - G2 Nivel 2 Ganadores | URBA: Menores de 19 - Segunda Rueda - G2 Nivel 2 Ganadores Eq B | URBA: Menores de 19 - Segunda Rueda - G2 Nivel 1 Intermedia | URBA: MENORES DE 19 - G2 NIVEL 1 ""B"" | URBA: MENORES DE 19 - G2 NIVEL 1 ""A""",urba:2025218,tournaments.season_id,ambiguo,parcial
2025217,urba:2025217,Menores de 19 - Primera Rueda - G2 NIVEL 2 C,2026,otro,M19,masculino,primera,primera,,11,66,66,ad6dc9e8-d59c-4f1a-8b39-afd10e0f52f8 | 31ecf7ea-34c6-4762-bd9e-d5622bf3451d | 04a1c83c-0402-44f6-9395-d304d7a0048f | dc3aabb1-eb23-4c8d-bef0-f493f095aae7 | e64d9edd-e238-42e7-915f-1dc45153c1fa | 8b5434f8-41d4-4d9d-8c5d-44fe96399f42 | a21a7906-8869-45d2-8cc6-2b354b8ec1db | cb596849-59dc-4a39-8bb5-4ed7ed800c71 | ffa1c355-ad06-4b46-8749-4c3bb8312de6 | 65437c72-15f0-44c9-a534-840ec5c83299 | d0790837-67b9-4a56-8d8f-2b04497a6e8c | 3f11580a-b23e-4ac2-b8e2-7471ad24290e | 8a3729de-9694-49a6-90e2-67a80e4b0940 | b9f03d3c-0896-41c9-8651-b99e02f21ee2 | 2569bc21-8026-4a57-99a8-398ee7aef33e | 6814d5b9-c845-4e05-bb2e-0db0e9a64355 | 8018994b-15be-4582-a054-ecaae431e60d | b68ceaef-298e-4c63-9964-c9a95ba43822,"URBA: Menores de 19 - Primera Rueda - G2 NIVEL 2 C Eq B | URBA: Menores de 19 - Primera Rueda - G2 NIVEL 1 A Eq B | URBA: Menores de 19 - Primera Rueda - G2 NIVEL 1 B Eq B | URBA: Menores de 19 - Segunda Rueda - G2 Nivel 1 Ganadores Eq B | URBA: Menores de 19 - Segunda Rueda - G2 Nivel 2 Intermedia Eq B | URBA: Menores de 19 - Segunda Rueda - G2 Nivel 1 Ganadores | URBA: Menores de 19 - Primera Rueda - G2 NIVEL 2 Desarrollo | URBA: Menores de 19 - Primera Rueda - G2 NIVEL 2 D | URBA: Menores de 19 - Segunda Rueda - G2 Nivel 1 Intermedia Eq B | URBA: Menores de 19 - Primera Rueda - G2 NIVEL 2 C | URBA: Menores de 19 - Primera Rueda - G2 NIVEL 2 D Eq B | URBA: Menores de 19 - Primera Rueda - G2 NIVEL 2 Desarrollo Eq B | URBA: Menores de 19 - Segunda Rueda - G2 Nivel 2 Intermedia | URBA: Menores de 19 - Segunda Rueda - G2 Nivel 2 Ganadores | URBA: Menores de 19 - Segunda Rueda - G2 Nivel 2 Ganadores Eq B | URBA: Menores de 19 - Segunda Rueda - G2 Nivel 1 Intermedia | URBA: MENORES DE 19 - G2 NIVEL 1 ""B"" | URBA: MENORES DE 19 - G2 NIVEL 1 ""A""",urba:2025218,tournaments.season_id,ambiguo,parcial
2025218,urba:2025218,Menores de 19 - Primera Rueda - G2 NIVEL 2 C Eq B,2026,otro,M19,masculino,primera,primera,,11,66,66,ad6dc9e8-d59c-4f1a-8b39-afd10e0f52f8 | 31ecf7ea-34c6-4762-bd9e-d5622bf3451d | 04a1c83c-0402-44f6-9395-d304d7a0048f | dc3aabb1-eb23-4c8d-bef0-f493f095aae7 | e64d9edd-e238-42e7-915f-1dc45153c1fa | 8b5434f8-41d4-4d9d-8c5d-44fe96399f42 | a21a7906-8869-45d2-8cc6-2b354b8ec1db | cb596849-59dc-4a39-8bb5-4ed7ed800c71 | ffa1c355-ad06-4b46-8749-4c3bb8312de6 | 65437c72-15f0-44c9-a534-840ec5c83299 | d0790837-67b9-4a56-8d8f-2b04497a6e8c | 3f11580a-b23e-4ac2-b8e2-7471ad24290e | 8a3729de-9694-49a6-90e2-67a80e4b0940 | b9f03d3c-0896-41c9-8651-b99e02f21ee2 | 2569bc21-8026-4a57-99a8-398ee7aef33e | 6814d5b9-c845-4e05-bb2e-0db0e9a64355 | 8018994b-15be-4582-a054-ecaae431e60d | b68ceaef-298e-4c63-9964-c9a95ba43822,"URBA: Menores de 19 - Primera Rueda - G2 NIVEL 2 C Eq B | URBA: Menores de 19 - Primera Rueda - G2 NIVEL 1 A Eq B | URBA: Menores de 19 - Primera Rueda - G2 NIVEL 1 B Eq B | URBA: Menores de 19 - Segunda Rueda - G2 Nivel 1 Ganadores Eq B | URBA: Menores de 19 - Segunda Rueda - G2 Nivel 2 Intermedia Eq B | URBA: Menores de 19 - Segunda Rueda - G2 Nivel 1 Ganadores | URBA: Menores de 19 - Primera Rueda - G2 NIVEL 2 Desarrollo | URBA: Menores de 19 - Primera Rueda - G2 NIVEL 2 D | URBA: Menores de 19 - Segunda Rueda - G2 Nivel 1 Intermedia Eq B | URBA: Menores de 19 - Primera Rueda - G2 NIVEL 2 C | URBA: Menores de 19 - Primera Rueda - G2 NIVEL 2 D Eq B | URBA: Menores de 19 - Primera Rueda - G2 NIVEL 2 Desarrollo Eq B | URBA: Menores de 19 - Segunda Rueda - G2 Nivel 2 Intermedia | URBA: Menores de 19 - Segunda Rueda - G2 Nivel 2 Ganadores | URBA: Menores de 19 - Segunda Rueda - G2 Nivel 2 Ganadores Eq B | URBA: Menores de 19 - Segunda Rueda - G2 Nivel 1 Intermedia | URBA: MENORES DE 19 - G2 NIVEL 1 ""B"" | URBA: MENORES DE 19 - G2 NIVEL 1 ""A""",urba:2025218,tournaments.season_id,ambiguo,parcial
2025219,urba:2025219,Menores de 19 - Primera Rueda - G2 NIVEL 2 D,2026,otro,M19,masculino,primera,primera,,12,66,66,ad6dc9e8-d59c-4f1a-8b39-afd10e0f52f8 | 31ecf7ea-34c6-4762-bd9e-d5622bf3451d | 04a1c83c-0402-44f6-9395-d304d7a0048f | dc3aabb1-eb23-4c8d-bef0-f493f095aae7 | e64d9edd-e238-42e7-915f-1dc45153c1fa | 8b5434f8-41d4-4d9d-8c5d-44fe96399f42 | a21a7906-8869-45d2-8cc6-2b354b8ec1db | cb596849-59dc-4a39-8bb5-4ed7ed800c71 | ffa1c355-ad06-4b46-8749-4c3bb8312de6 | 65437c72-15f0-44c9-a534-840ec5c83299 | d0790837-67b9-4a56-8d8f-2b04497a6e8c | 3f11580a-b23e-4ac2-b8e2-7471ad24290e | 8a3729de-9694-49a6-90e2-67a80e4b0940 | b9f03d3c-0896-41c9-8651-b99e02f21ee2 | 2569bc21-8026-4a57-99a8-398ee7aef33e | 6814d5b9-c845-4e05-bb2e-0db0e9a64355 | 8018994b-15be-4582-a054-ecaae431e60d | b68ceaef-298e-4c63-9964-c9a95ba43822,"URBA: Menores de 19 - Primera Rueda - G2 NIVEL 2 C Eq B | URBA: Menores de 19 - Primera Rueda - G2 NIVEL 1 A Eq B | URBA: Menores de 19 - Primera Rueda - G2 NIVEL 1 B Eq B | URBA: Menores de 19 - Segunda Rueda - G2 Nivel 1 Ganadores Eq B | URBA: Menores de 19 - Segunda Rueda - G2 Nivel 2 Intermedia Eq B | URBA: Menores de 19 - Segunda Rueda - G2 Nivel 1 Ganadores | URBA: Menores de 19 - Primera Rueda - G2 NIVEL 2 Desarrollo | URBA: Menores de 19 - Primera Rueda - G2 NIVEL 2 D | URBA: Menores de 19 - Segunda Rueda - G2 Nivel 1 Intermedia Eq B | URBA: Menores de 19 - Primera Rueda - G2 NIVEL 2 C | URBA: Menores de 19 - Primera Rueda - G2 NIVEL 2 D Eq B | URBA: Menores de 19 - Primera Rueda - G2 NIVEL 2 Desarrollo Eq B | URBA: Menores de 19 - Segunda Rueda - G2 Nivel 2 Intermedia | URBA: Menores de 19 - Segunda Rueda - G2 Nivel 2 Ganadores | URBA: Menores de 19 - Segunda Rueda - G2 Nivel 2 Ganadores Eq B | URBA: Menores de 19 - Segunda Rueda - G2 Nivel 1 Intermedia | URBA: MENORES DE 19 - G2 NIVEL 1 ""B"" | URBA: MENORES DE 19 - G2 NIVEL 1 ""A""",urba:2025218,tournaments.season_id,ambiguo,parcial
2025220,urba:2025220,Menores de 19 - Primera Rueda - G2 NIVEL 2 D Eq B,2026,otro,M19,masculino,primera,primera,,12,66,66,ad6dc9e8-d59c-4f1a-8b39-afd10e0f52f8 | 31ecf7ea-34c6-4762-bd9e-d5622bf3451d | 04a1c83c-0402-44f6-9395-d304d7a0048f | dc3aabb1-eb23-4c8d-bef0-f493f095aae7 | e64d9edd-e238-42e7-915f-1dc45153c1fa | 8b5434f8-41d4-4d9d-8c5d-44fe96399f42 | a21a7906-8869-45d2-8cc6-2b354b8ec1db | cb596849-59dc-4a39-8bb5-4ed7ed800c71 | ffa1c355-ad06-4b46-8749-4c3bb8312de6 | 65437c72-15f0-44c9-a534-840ec5c83299 | d0790837-67b9-4a56-8d8f-2b04497a6e8c | 3f11580a-b23e-4ac2-b8e2-7471ad24290e | 8a3729de-9694-49a6-90e2-67a80e4b0940 | b9f03d3c-0896-41c9-8651-b99e02f21ee2 | 2569bc21-8026-4a57-99a8-398ee7aef33e | 6814d5b9-c845-4e05-bb2e-0db0e9a64355 | 8018994b-15be-4582-a054-ecaae431e60d | b68ceaef-298e-4c63-9964-c9a95ba43822,"URBA: Menores de 19 - Primera Rueda - G2 NIVEL 2 C Eq B | URBA: Menores de 19 - Primera Rueda - G2 NIVEL 1 A Eq B | URBA: Menores de 19 - Primera Rueda - G2 NIVEL 1 B Eq B | URBA: Menores de 19 - Segunda Rueda - G2 Nivel 1 Ganadores Eq B | URBA: Menores de 19 - Segunda Rueda - G2 Nivel 2 Intermedia Eq B | URBA: Menores de 19 - Segunda Rueda - G2 Nivel 1 Ganadores | URBA: Menores de 19 - Primera Rueda - G2 NIVEL 2 Desarrollo | URBA: Menores de 19 - Primera Rueda - G2 NIVEL 2 D | URBA: Menores de 19 - Segunda Rueda - G2 Nivel 1 Intermedia Eq B | URBA: Menores de 19 - Primera Rueda - G2 NIVEL 2 C | URBA: Menores de 19 - Primera Rueda - G2 NIVEL 2 D Eq B | URBA: Menores de 19 - Primera Rueda - G2 NIVEL 2 Desarrollo Eq B | URBA: Menores de 19 - Segunda Rueda - G2 Nivel 2 Intermedia | URBA: Menores de 19 - Segunda Rueda - G2 Nivel 2 Ganadores | URBA: Menores de 19 - Segunda Rueda - G2 Nivel 2 Ganadores Eq B | URBA: Menores de 19 - Segunda Rueda - G2 Nivel 1 Intermedia | URBA: MENORES DE 19 - G2 NIVEL 1 ""B"" | URBA: MENORES DE 19 - G2 NIVEL 1 ""A""",urba:2025218,tournaments.season_id,ambiguo,parcial
2025227,urba:2025227,Menores de 19 - Primera Rueda - G2 NIVEL 2 Desarrollo,2026,Desarrollo,M19,masculino,primera,primera,,14,77,77,b74c175d-6604-45d5-8106-5abab0043d61 | ad6dc9e8-d59c-4f1a-8b39-afd10e0f52f8 | 31ecf7ea-34c6-4762-bd9e-d5622bf3451d | 04a1c83c-0402-44f6-9395-d304d7a0048f | fae10b96-237a-4193-a39d-9281dff08505 | a21a7906-8869-45d2-8cc6-2b354b8ec1db | cb596849-59dc-4a39-8bb5-4ed7ed800c71 | 65437c72-15f0-44c9-a534-840ec5c83299 | d0790837-67b9-4a56-8d8f-2b04497a6e8c | 3f11580a-b23e-4ac2-b8e2-7471ad24290e | 74bfba2d-8a9f-4f1e-9a9c-915d69c57c70 | 8018994b-15be-4582-a054-ecaae431e60d | b68ceaef-298e-4c63-9964-c9a95ba43822,"URBA: Menores de 19 - Segunda Rueda - G1 Desarrollo | URBA: Menores de 19 - Primera Rueda - G2 NIVEL 2 C Eq B | URBA: Menores de 19 - Primera Rueda - G2 NIVEL 1 A Eq B | URBA: Menores de 19 - Primera Rueda - G2 NIVEL 1 B Eq B | URBA: Menores de 19 - Segunda Rueda - G2 Desarrollo Eq B | URBA: Menores de 19 - Primera Rueda - G2 NIVEL 2 Desarrollo | URBA: Menores de 19 - Primera Rueda - G2 NIVEL 2 D | URBA: Menores de 19 - Primera Rueda - G2 NIVEL 2 C | URBA: Menores de 19 - Primera Rueda - G2 NIVEL 2 D Eq B | URBA: Menores de 19 - Primera Rueda - G2 NIVEL 2 Desarrollo Eq B | URBA: Menores de 19 - Segunda Rueda - G2 Desarrollo | URBA: MENORES DE 19 - G2 NIVEL 1 ""B"" | URBA: MENORES DE 19 - G2 NIVEL 1 ""A""",urba:2025278,tournaments.season_id,ambiguo,parcial
2025228,urba:2025228,Menores de 19 - Primera Rueda - G2 NIVEL 2 Desarrollo Eq B,2026,Desarrollo,M19,masculino,primera,primera,,14,77,77,b74c175d-6604-45d5-8106-5abab0043d61 | ad6dc9e8-d59c-4f1a-8b39-afd10e0f52f8 | 31ecf7ea-34c6-4762-bd9e-d5622bf3451d | 04a1c83c-0402-44f6-9395-d304d7a0048f | fae10b96-237a-4193-a39d-9281dff08505 | a21a7906-8869-45d2-8cc6-2b354b8ec1db | cb596849-59dc-4a39-8bb5-4ed7ed800c71 | 65437c72-15f0-44c9-a534-840ec5c83299 | d0790837-67b9-4a56-8d8f-2b04497a6e8c | 3f11580a-b23e-4ac2-b8e2-7471ad24290e | 74bfba2d-8a9f-4f1e-9a9c-915d69c57c70 | 8018994b-15be-4582-a054-ecaae431e60d | b68ceaef-298e-4c63-9964-c9a95ba43822,"URBA: Menores de 19 - Segunda Rueda - G1 Desarrollo | URBA: Menores de 19 - Primera Rueda - G2 NIVEL 2 C Eq B | URBA: Menores de 19 - Primera Rueda - G2 NIVEL 1 A Eq B | URBA: Menores de 19 - Primera Rueda - G2 NIVEL 1 B Eq B | URBA: Menores de 19 - Segunda Rueda - G2 Desarrollo Eq B | URBA: Menores de 19 - Primera Rueda - G2 NIVEL 2 Desarrollo | URBA: Menores de 19 - Primera Rueda - G2 NIVEL 2 D | URBA: Menores de 19 - Primera Rueda - G2 NIVEL 2 C | URBA: Menores de 19 - Primera Rueda - G2 NIVEL 2 D Eq B | URBA: Menores de 19 - Primera Rueda - G2 NIVEL 2 Desarrollo Eq B | URBA: Menores de 19 - Segunda Rueda - G2 Desarrollo | URBA: MENORES DE 19 - G2 NIVEL 1 ""B"" | URBA: MENORES DE 19 - G2 NIVEL 1 ""A""",urba:2025278,tournaments.season_id,ambiguo,parcial
2025224,urba:2025224,Menores de 19 - Primera Rueda - G1 A,2026,otro,M19,masculino,primera,primera,,10,66,66,bfd183f1-4e00-4d0d-a651-a5d30cfb069b,URBA: Menores de 19 - Primera Rueda - G1 A,urba:2025224,tournaments.season_id,ambiguo,parcial
2025225,urba:2025225,Menores de 19 - Primera Rueda - G1 B,2026,otro,M19,masculino,primera,primera,,10,66,66,1e1a41e8-3933-4737-8c03-bd09dabafc4c,URBA: Menores de 19 - Primera Rueda - G1 B,urba:2025225,tournaments.season_id,ambiguo,parcial
2025226,urba:2025226,Menores de 19 - Primera Rueda - G1 Formativa A,2026,Formativo,M19,masculino,primera,primera,,12,66,66,e83f6983-faf7-43e0-b116-1ca57b12e30e | 72f08376-b3ea-4e29-821a-2c8ad169d889 | 89b2cd65-71e1-40d6-bf30-8e87cfb1ee7d | 8255c0a4-626f-48d0-b699-255cabf8cee4 | 1f68ca92-6174-409c-8874-bda5ac135554,URBA: Menores de 19 - Primera Rueda - G1 Formativa A | URBA: Menores de 19 - Primera Rueda - G1 Formativa B | URBA: Menores de 19 - Segunda Rueda - Formativa A | URBA: Menores de 19 - Segunda Rueda - Formativa B | URBA: Menores de 19 - Primera Rueda - G1 Formativa C,urba:2025226,tournaments.season_id,ambiguo,parcial
2025229,urba:2025229,Menores de 19 - Primera Rueda - G1 Formativa B,2026,Formativo,M19,masculino,primera,primera,,11,66,66,e83f6983-faf7-43e0-b116-1ca57b12e30e | 72f08376-b3ea-4e29-821a-2c8ad169d889 | 89b2cd65-71e1-40d6-bf30-8e87cfb1ee7d | 8255c0a4-626f-48d0-b699-255cabf8cee4 | 1f68ca92-6174-409c-8874-bda5ac135554,URBA: Menores de 19 - Primera Rueda - G1 Formativa A | URBA: Menores de 19 - Primera Rueda - G1 Formativa B | URBA: Menores de 19 - Segunda Rueda - Formativa A | URBA: Menores de 19 - Segunda Rueda - Formativa B | URBA: Menores de 19 - Primera Rueda - G1 Formativa C,urba:2025226,tournaments.season_id,ambiguo,parcial
2025230,urba:2025230,Menores de 19 - Primera Rueda - G1 Formativa C,2026,Formativo,M19,masculino,primera,primera,,10,66,66,e83f6983-faf7-43e0-b116-1ca57b12e30e | 72f08376-b3ea-4e29-821a-2c8ad169d889 | 89b2cd65-71e1-40d6-bf30-8e87cfb1ee7d | 8255c0a4-626f-48d0-b699-255cabf8cee4 | 1f68ca92-6174-409c-8874-bda5ac135554,URBA: Menores de 19 - Primera Rueda - G1 Formativa A | URBA: Menores de 19 - Primera Rueda - G1 Formativa B | URBA: Menores de 19 - Segunda Rueda - Formativa A | URBA: Menores de 19 - Segunda Rueda - Formativa B | URBA: Menores de 19 - Primera Rueda - G1 Formativa C,urba:2025226,tournaments.season_id,ambiguo,parcial
2025231,urba:2025231,Menores de 17 - Primera Rueda - G2 NIVEL 1 A,2026,otro,M17,masculino,primera,primera,,12,66,66,f1c1bd5b-8a43-4b32-91fb-46908fbff2ca | c04461e0-c0cc-4db4-b840-a163dc43228c | 25f455f2-51c3-458f-81cf-89db2e1f0af3 | c9515ca4-4a69-454c-83ac-1760b1891943 | de535e32-c4e6-48b3-900a-be259b4d29b1 | 78d168c6-a71f-4726-89f9-44235dd6e5c4,"URBA: Menores de 17 - Primera Rueda - G2 NIVEL 1 A Eq B | URBA: Menores de 17 - Primera Rueda - G2 NIVEL 1 B Eq B | URBA: Menores de 17 - Primera Rueda - G2 NIVEL 2 C Eq B | URBA: Menores de 17 - G2 NIVEL 1 ""B"" | URBA: Menores de 17 - Primera Rueda - G2 NIVEL 2 C | URBA: Menores de 17 - G2 NIVEL 1 ""A""",urba:2025232,tournaments.season_id,ambiguo,parcial
2025232,urba:2025232,Menores de 17 - Primera Rueda - G2 NIVEL 1 A Eq B,2026,otro,M17,masculino,primera,primera,,12,66,65,f1c1bd5b-8a43-4b32-91fb-46908fbff2ca | c04461e0-c0cc-4db4-b840-a163dc43228c | 25f455f2-51c3-458f-81cf-89db2e1f0af3 | c9515ca4-4a69-454c-83ac-1760b1891943 | de535e32-c4e6-48b3-900a-be259b4d29b1 | 78d168c6-a71f-4726-89f9-44235dd6e5c4,"URBA: Menores de 17 - Primera Rueda - G2 NIVEL 1 A Eq B | URBA: Menores de 17 - Primera Rueda - G2 NIVEL 1 B Eq B | URBA: Menores de 17 - Primera Rueda - G2 NIVEL 2 C Eq B | URBA: Menores de 17 - G2 NIVEL 1 ""B"" | URBA: Menores de 17 - Primera Rueda - G2 NIVEL 2 C | URBA: Menores de 17 - G2 NIVEL 1 ""A""",urba:2025232,tournaments.season_id,ambiguo,parcial
2025233,urba:2025233,Menores de 17 - Primera Rueda - G2 NIVEL 1 B,2026,otro,M17,masculino,primera,primera,,12,66,66,f1c1bd5b-8a43-4b32-91fb-46908fbff2ca | c04461e0-c0cc-4db4-b840-a163dc43228c | 25f455f2-51c3-458f-81cf-89db2e1f0af3 | c9515ca4-4a69-454c-83ac-1760b1891943 | de535e32-c4e6-48b3-900a-be259b4d29b1 | 78d168c6-a71f-4726-89f9-44235dd6e5c4,"URBA: Menores de 17 - Primera Rueda - G2 NIVEL 1 A Eq B | URBA: Menores de 17 - Primera Rueda - G2 NIVEL 1 B Eq B | URBA: Menores de 17 - Primera Rueda - G2 NIVEL 2 C Eq B | URBA: Menores de 17 - G2 NIVEL 1 ""B"" | URBA: Menores de 17 - Primera Rueda - G2 NIVEL 2 C | URBA: Menores de 17 - G2 NIVEL 1 ""A""",urba:2025232,tournaments.season_id,ambiguo,parcial
2025234,urba:2025234,Menores de 17 - Primera Rueda - G2 NIVEL 1 B Eq B,2026,otro,M17,masculino,primera,primera,,12,66,66,f1c1bd5b-8a43-4b32-91fb-46908fbff2ca | c04461e0-c0cc-4db4-b840-a163dc43228c | 25f455f2-51c3-458f-81cf-89db2e1f0af3 | c9515ca4-4a69-454c-83ac-1760b1891943 | de535e32-c4e6-48b3-900a-be259b4d29b1 | 78d168c6-a71f-4726-89f9-44235dd6e5c4,"URBA: Menores de 17 - Primera Rueda - G2 NIVEL 1 A Eq B | URBA: Menores de 17 - Primera Rueda - G2 NIVEL 1 B Eq B | URBA: Menores de 17 - Primera Rueda - G2 NIVEL 2 C Eq B | URBA: Menores de 17 - G2 NIVEL 1 ""B"" | URBA: Menores de 17 - Primera Rueda - G2 NIVEL 2 C | URBA: Menores de 17 - G2 NIVEL 1 ""A""",urba:2025232,tournaments.season_id,ambiguo,parcial
2025235,urba:2025235,Menores de 17 - Primera Rueda - G2 NIVEL 2 C,2026,otro,M17,masculino,primera,primera,,11,66,66,f1c1bd5b-8a43-4b32-91fb-46908fbff2ca | c04461e0-c0cc-4db4-b840-a163dc43228c | 25f455f2-51c3-458f-81cf-89db2e1f0af3 | c9515ca4-4a69-454c-83ac-1760b1891943 | de535e32-c4e6-48b3-900a-be259b4d29b1 | 78d168c6-a71f-4726-89f9-44235dd6e5c4,"URBA: Menores de 17 - Primera Rueda - G2 NIVEL 1 A Eq B | URBA: Menores de 17 - Primera Rueda - G2 NIVEL 1 B Eq B | URBA: Menores de 17 - Primera Rueda - G2 NIVEL 2 C Eq B | URBA: Menores de 17 - G2 NIVEL 1 ""B"" | URBA: Menores de 17 - Primera Rueda - G2 NIVEL 2 C | URBA: Menores de 17 - G2 NIVEL 1 ""A""",urba:2025232,tournaments.season_id,ambiguo,parcial
2025236,urba:2025236,Menores de 17 - Primera Rueda - G2 NIVEL 2 C Eq B,2026,otro,M17,masculino,primera,primera,,11,66,66,f1c1bd5b-8a43-4b32-91fb-46908fbff2ca | c04461e0-c0cc-4db4-b840-a163dc43228c | 25f455f2-51c3-458f-81cf-89db2e1f0af3 | c9515ca4-4a69-454c-83ac-1760b1891943 | de535e32-c4e6-48b3-900a-be259b4d29b1 | 78d168c6-a71f-4726-89f9-44235dd6e5c4,"URBA: Menores de 17 - Primera Rueda - G2 NIVEL 1 A Eq B | URBA: Menores de 17 - Primera Rueda - G2 NIVEL 1 B Eq B | URBA: Menores de 17 - Primera Rueda - G2 NIVEL 2 C Eq B | URBA: Menores de 17 - G2 NIVEL 1 ""B"" | URBA: Menores de 17 - Primera Rueda - G2 NIVEL 2 C | URBA: Menores de 17 - G2 NIVEL 1 ""A""",urba:2025232,tournaments.season_id,ambiguo,parcial
2025237,urba:2025237,Menores de 17 - Primera Rueda - G1 A,2026,otro,M17,masculino,primera,primera,,12,66,66,45b0ab07-54d1-4414-baf9-6a3ba15f8724,URBA: Menores de 17 - Primera Rueda - G1 A,urba:2025237,tournaments.season_id,ambiguo,parcial
2025238,urba:2025238,Menores de 17 - Primera Rueda - G1 B,2026,otro,M17,masculino,primera,primera,,12,66,66,d7ccb372-dc1b-44dc-b700-8c40f535fed5,URBA: Menores de 17 - Primera Rueda - G1 B,urba:2025238,tournaments.season_id,ambiguo,parcial
2025239,urba:2025239,Menores de 17 - Primera Rueda - G1 C,2026,otro,M17,masculino,primera,primera,,9,66,66,e2632887-1b34-46b9-ab75-1c3c74b6d082,URBA: Menores de 17 - Primera Rueda - G1 C,urba:2025239,tournaments.season_id,ambiguo,parcial
2025240,urba:2025240,Menores de 17 - Primera Rueda - G1 Formativo  A,2026,Formativo,M17,masculino,primera,primera,,11,66,66,00fcf0d1-9aef-4aa5-999e-eeb507b1384a | bb10efdf-c2ae-467e-a57b-84648f4d6b07 | ec858b33-afe1-46f9-a2d9-84c835325dba,URBA: Menores de 17 - Primera Rueda - G1 Formativo  A | URBA: Menores de 17 - Primera Rueda - G1 Formativo  B | URBA: Menores de 17 - Primera Rueda - G1 Formativo  C,urba:2025240,tournaments.season_id,ambiguo,parcial
2025241,urba:2025241,Menores de 17 - Primera Rueda - G1 Formativo  B,2026,Formativo,M17,masculino,primera,primera,,11,66,66,00fcf0d1-9aef-4aa5-999e-eeb507b1384a | bb10efdf-c2ae-467e-a57b-84648f4d6b07 | ec858b33-afe1-46f9-a2d9-84c835325dba,URBA: Menores de 17 - Primera Rueda - G1 Formativo  A | URBA: Menores de 17 - Primera Rueda - G1 Formativo  B | URBA: Menores de 17 - Primera Rueda - G1 Formativo  C,urba:2025240,tournaments.season_id,ambiguo,parcial
2025242,urba:2025242,Menores de 17 - Primera Rueda - G1 Formativo  C,2026,Formativo,M17,masculino,primera,primera,,12,66,66,00fcf0d1-9aef-4aa5-999e-eeb507b1384a | bb10efdf-c2ae-467e-a57b-84648f4d6b07 | ec858b33-afe1-46f9-a2d9-84c835325dba,URBA: Menores de 17 - Primera Rueda - G1 Formativo  A | URBA: Menores de 17 - Primera Rueda - G1 Formativo  B | URBA: Menores de 17 - Primera Rueda - G1 Formativo  C,urba:2025240,tournaments.season_id,ambiguo,parcial
2025243,urba:2025243,Menores de 16 - Primera Rueda - G2 NIVEL 1 A,2026,otro,M16,masculino,primera,primera,,12,66,66,723654e0-0b67-453a-9f14-c3f24d8c08b3 | bcebd48d-b252-4c5e-aa9a-df03fe401c95 | 67331044-36af-4137-9de8-9132fd1dad89 | 007c7e5d-a780-4db3-be61-55e844319c9f | 686eb4db-5fdb-4b0e-9157-1b79e577913d | a8f20318-e2e2-49a1-8125-b3f3352ee5fd | a1c0cca1-c204-4c2b-b2c9-f16afc6e1130 | cb3cd903-1928-4170-a552-5c65155162b2 | 01dcf552-8583-418e-913e-bce2f63a38b5 | d04ec218-2c77-4e10-bffe-6c235164ad91 | 8fa26951-bd81-4409-a75c-b3f9459c753d | c54762cc-ee9c-49d8-8970-8e678eafd54a | 3fa9cc9c-3cec-4a7f-907e-3b1f3a60d464 | 00f91470-f116-49df-8a4a-cbd39e6e3135,URBA: Menores de 16 - Primera Rueda - G2 NIVEL 2 Desarrollo Eq B | URBA: Menores de 16 - Segunda Rueda - G2 Nivel 2 Ganadores Eq B | URBA: Menores de 16 - Primera Rueda - G2 NIVEL 1 B Eq B | URBA: Menores de 16 - Segunda Rueda - G2 Nivel 1 Intermedia Eq B | URBA: Menores de 16 - Primera Rueda - G2 NIVEL 1 A | URBA: Menores de 16 - Primera Rueda - G2 NIVEL 2 C Eq B | URBA: Menores de 16 - Segunda Rueda - G2 Nivel 2 Ganadores | URBA: Menores de 16 - Segunda Rueda - G2 Nivel 1 Ganadores | URBA: Menores de 16 - Segunda Rueda - G2 Nivel 1 Intermedia | URBA: Menores de 16 - Segunda Rueda - G2 Nivel 1 Ganadores Eq B | URBA: Menores de 16 - Primera Rueda - G2 NIVEL 2 Desarrollo | URBA: Menores de 16 - Primera Rueda - G2 NIVEL 1 B | URBA: Menores de 16 - Primera Rueda - G2 NIVEL 1 A Eq B | URBA: Menores de 16 - Primera Rueda - G2 NIVEL 2 C,urba:2025250,tournaments.season_id,ambiguo,parcial
2025244,urba:2025244,Menores de 16 - Primera Rueda - G2 NIVEL 1 A Eq B,2026,otro,M16,masculino,primera,primera,,12,66,66,723654e0-0b67-453a-9f14-c3f24d8c08b3 | bcebd48d-b252-4c5e-aa9a-df03fe401c95 | 67331044-36af-4137-9de8-9132fd1dad89 | 007c7e5d-a780-4db3-be61-55e844319c9f | 686eb4db-5fdb-4b0e-9157-1b79e577913d | a8f20318-e2e2-49a1-8125-b3f3352ee5fd | a1c0cca1-c204-4c2b-b2c9-f16afc6e1130 | cb3cd903-1928-4170-a552-5c65155162b2 | 01dcf552-8583-418e-913e-bce2f63a38b5 | d04ec218-2c77-4e10-bffe-6c235164ad91 | 8fa26951-bd81-4409-a75c-b3f9459c753d | c54762cc-ee9c-49d8-8970-8e678eafd54a | 3fa9cc9c-3cec-4a7f-907e-3b1f3a60d464 | 00f91470-f116-49df-8a4a-cbd39e6e3135,URBA: Menores de 16 - Primera Rueda - G2 NIVEL 2 Desarrollo Eq B | URBA: Menores de 16 - Segunda Rueda - G2 Nivel 2 Ganadores Eq B | URBA: Menores de 16 - Primera Rueda - G2 NIVEL 1 B Eq B | URBA: Menores de 16 - Segunda Rueda - G2 Nivel 1 Intermedia Eq B | URBA: Menores de 16 - Primera Rueda - G2 NIVEL 1 A | URBA: Menores de 16 - Primera Rueda - G2 NIVEL 2 C Eq B | URBA: Menores de 16 - Segunda Rueda - G2 Nivel 2 Ganadores | URBA: Menores de 16 - Segunda Rueda - G2 Nivel 1 Ganadores | URBA: Menores de 16 - Segunda Rueda - G2 Nivel 1 Intermedia | URBA: Menores de 16 - Segunda Rueda - G2 Nivel 1 Ganadores Eq B | URBA: Menores de 16 - Primera Rueda - G2 NIVEL 2 Desarrollo | URBA: Menores de 16 - Primera Rueda - G2 NIVEL 1 B | URBA: Menores de 16 - Primera Rueda - G2 NIVEL 1 A Eq B | URBA: Menores de 16 - Primera Rueda - G2 NIVEL 2 C,urba:2025250,tournaments.season_id,ambiguo,parcial
2025245,urba:2025245,Menores de 16 - Primera Rueda - G2 NIVEL 1 B,2026,otro,M16,masculino,primera,primera,,12,66,66,723654e0-0b67-453a-9f14-c3f24d8c08b3 | bcebd48d-b252-4c5e-aa9a-df03fe401c95 | 67331044-36af-4137-9de8-9132fd1dad89 | 007c7e5d-a780-4db3-be61-55e844319c9f | 686eb4db-5fdb-4b0e-9157-1b79e577913d | a8f20318-e2e2-49a1-8125-b3f3352ee5fd | a1c0cca1-c204-4c2b-b2c9-f16afc6e1130 | cb3cd903-1928-4170-a552-5c65155162b2 | 01dcf552-8583-418e-913e-bce2f63a38b5 | d04ec218-2c77-4e10-bffe-6c235164ad91 | 8fa26951-bd81-4409-a75c-b3f9459c753d | c54762cc-ee9c-49d8-8970-8e678eafd54a | 3fa9cc9c-3cec-4a7f-907e-3b1f3a60d464 | 00f91470-f116-49df-8a4a-cbd39e6e3135,URBA: Menores de 16 - Primera Rueda - G2 NIVEL 2 Desarrollo Eq B | URBA: Menores de 16 - Segunda Rueda - G2 Nivel 2 Ganadores Eq B | URBA: Menores de 16 - Primera Rueda - G2 NIVEL 1 B Eq B | URBA: Menores de 16 - Segunda Rueda - G2 Nivel 1 Intermedia Eq B | URBA: Menores de 16 - Primera Rueda - G2 NIVEL 1 A | URBA: Menores de 16 - Primera Rueda - G2 NIVEL 2 C Eq B | URBA: Menores de 16 - Segunda Rueda - G2 Nivel 2 Ganadores | URBA: Menores de 16 - Segunda Rueda - G2 Nivel 1 Ganadores | URBA: Menores de 16 - Segunda Rueda - G2 Nivel 1 Intermedia | URBA: Menores de 16 - Segunda Rueda - G2 Nivel 1 Ganadores Eq B | URBA: Menores de 16 - Primera Rueda - G2 NIVEL 2 Desarrollo | URBA: Menores de 16 - Primera Rueda - G2 NIVEL 1 B | URBA: Menores de 16 - Primera Rueda - G2 NIVEL 1 A Eq B | URBA: Menores de 16 - Primera Rueda - G2 NIVEL 2 C,urba:2025250,tournaments.season_id,ambiguo,parcial
2025246,urba:2025246,Menores de 16 - Primera Rueda - G2 NIVEL 1 B Eq B,2026,otro,M16,masculino,primera,primera,,12,66,66,723654e0-0b67-453a-9f14-c3f24d8c08b3 | bcebd48d-b252-4c5e-aa9a-df03fe401c95 | 67331044-36af-4137-9de8-9132fd1dad89 | 007c7e5d-a780-4db3-be61-55e844319c9f | 686eb4db-5fdb-4b0e-9157-1b79e577913d | a8f20318-e2e2-49a1-8125-b3f3352ee5fd | a1c0cca1-c204-4c2b-b2c9-f16afc6e1130 | cb3cd903-1928-4170-a552-5c65155162b2 | 01dcf552-8583-418e-913e-bce2f63a38b5 | d04ec218-2c77-4e10-bffe-6c235164ad91 | 8fa26951-bd81-4409-a75c-b3f9459c753d | c54762cc-ee9c-49d8-8970-8e678eafd54a | 3fa9cc9c-3cec-4a7f-907e-3b1f3a60d464 | 00f91470-f116-49df-8a4a-cbd39e6e3135,URBA: Menores de 16 - Primera Rueda - G2 NIVEL 2 Desarrollo Eq B | URBA: Menores de 16 - Segunda Rueda - G2 Nivel 2 Ganadores Eq B | URBA: Menores de 16 - Primera Rueda - G2 NIVEL 1 B Eq B | URBA: Menores de 16 - Segunda Rueda - G2 Nivel 1 Intermedia Eq B | URBA: Menores de 16 - Primera Rueda - G2 NIVEL 1 A | URBA: Menores de 16 - Primera Rueda - G2 NIVEL 2 C Eq B | URBA: Menores de 16 - Segunda Rueda - G2 Nivel 2 Ganadores | URBA: Menores de 16 - Segunda Rueda - G2 Nivel 1 Ganadores | URBA: Menores de 16 - Segunda Rueda - G2 Nivel 1 Intermedia | URBA: Menores de 16 - Segunda Rueda - G2 Nivel 1 Ganadores Eq B | URBA: Menores de 16 - Primera Rueda - G2 NIVEL 2 Desarrollo | URBA: Menores de 16 - Primera Rueda - G2 NIVEL 1 B | URBA: Menores de 16 - Primera Rueda - G2 NIVEL 1 A Eq B | URBA: Menores de 16 - Primera Rueda - G2 NIVEL 2 C,urba:2025250,tournaments.season_id,ambiguo,parcial
2025247,urba:2025247,Menores de 16 - Primera Rueda - G2 NIVEL 2 C,2026,otro,M16,masculino,primera,primera,,11,66,66,723654e0-0b67-453a-9f14-c3f24d8c08b3 | bcebd48d-b252-4c5e-aa9a-df03fe401c95 | 67331044-36af-4137-9de8-9132fd1dad89 | 007c7e5d-a780-4db3-be61-55e844319c9f | 686eb4db-5fdb-4b0e-9157-1b79e577913d | a8f20318-e2e2-49a1-8125-b3f3352ee5fd | a1c0cca1-c204-4c2b-b2c9-f16afc6e1130 | cb3cd903-1928-4170-a552-5c65155162b2 | 01dcf552-8583-418e-913e-bce2f63a38b5 | d04ec218-2c77-4e10-bffe-6c235164ad91 | 8fa26951-bd81-4409-a75c-b3f9459c753d | c54762cc-ee9c-49d8-8970-8e678eafd54a | 3fa9cc9c-3cec-4a7f-907e-3b1f3a60d464 | 00f91470-f116-49df-8a4a-cbd39e6e3135,URBA: Menores de 16 - Primera Rueda - G2 NIVEL 2 Desarrollo Eq B | URBA: Menores de 16 - Segunda Rueda - G2 Nivel 2 Ganadores Eq B | URBA: Menores de 16 - Primera Rueda - G2 NIVEL 1 B Eq B | URBA: Menores de 16 - Segunda Rueda - G2 Nivel 1 Intermedia Eq B | URBA: Menores de 16 - Primera Rueda - G2 NIVEL 1 A | URBA: Menores de 16 - Primera Rueda - G2 NIVEL 2 C Eq B | URBA: Menores de 16 - Segunda Rueda - G2 Nivel 2 Ganadores | URBA: Menores de 16 - Segunda Rueda - G2 Nivel 1 Ganadores | URBA: Menores de 16 - Segunda Rueda - G2 Nivel 1 Intermedia | URBA: Menores de 16 - Segunda Rueda - G2 Nivel 1 Ganadores Eq B | URBA: Menores de 16 - Primera Rueda - G2 NIVEL 2 Desarrollo | URBA: Menores de 16 - Primera Rueda - G2 NIVEL 1 B | URBA: Menores de 16 - Primera Rueda - G2 NIVEL 1 A Eq B | URBA: Menores de 16 - Primera Rueda - G2 NIVEL 2 C,urba:2025250,tournaments.season_id,ambiguo,parcial
2025248,urba:2025248,Menores de 16 - Primera Rueda - G2 NIVEL 2 C Eq B,2026,otro,M16,masculino,primera,primera,,11,66,66,723654e0-0b67-453a-9f14-c3f24d8c08b3 | bcebd48d-b252-4c5e-aa9a-df03fe401c95 | 67331044-36af-4137-9de8-9132fd1dad89 | 007c7e5d-a780-4db3-be61-55e844319c9f | 686eb4db-5fdb-4b0e-9157-1b79e577913d | a8f20318-e2e2-49a1-8125-b3f3352ee5fd | a1c0cca1-c204-4c2b-b2c9-f16afc6e1130 | cb3cd903-1928-4170-a552-5c65155162b2 | 01dcf552-8583-418e-913e-bce2f63a38b5 | d04ec218-2c77-4e10-bffe-6c235164ad91 | 8fa26951-bd81-4409-a75c-b3f9459c753d | c54762cc-ee9c-49d8-8970-8e678eafd54a | 3fa9cc9c-3cec-4a7f-907e-3b1f3a60d464 | 00f91470-f116-49df-8a4a-cbd39e6e3135,URBA: Menores de 16 - Primera Rueda - G2 NIVEL 2 Desarrollo Eq B | URBA: Menores de 16 - Segunda Rueda - G2 Nivel 2 Ganadores Eq B | URBA: Menores de 16 - Primera Rueda - G2 NIVEL 1 B Eq B | URBA: Menores de 16 - Segunda Rueda - G2 Nivel 1 Intermedia Eq B | URBA: Menores de 16 - Primera Rueda - G2 NIVEL 1 A | URBA: Menores de 16 - Primera Rueda - G2 NIVEL 2 C Eq B | URBA: Menores de 16 - Segunda Rueda - G2 Nivel 2 Ganadores | URBA: Menores de 16 - Segunda Rueda - G2 Nivel 1 Ganadores | URBA: Menores de 16 - Segunda Rueda - G2 Nivel 1 Intermedia | URBA: Menores de 16 - Segunda Rueda - G2 Nivel 1 Ganadores Eq B | URBA: Menores de 16 - Primera Rueda - G2 NIVEL 2 Desarrollo | URBA: Menores de 16 - Primera Rueda - G2 NIVEL 1 B | URBA: Menores de 16 - Primera Rueda - G2 NIVEL 1 A Eq B | URBA: Menores de 16 - Primera Rueda - G2 NIVEL 2 C,urba:2025250,tournaments.season_id,ambiguo,parcial
2025249,urba:2025249,Menores de 16 - Primera Rueda - G2 NIVEL 2 Desarrollo,2026,Desarrollo,M16,masculino,primera,primera,,11,66,66,723654e0-0b67-453a-9f14-c3f24d8c08b3 | 67331044-36af-4137-9de8-9132fd1dad89 | ac88c6ac-5af1-45f5-8f07-a26b23ea8368 | 686eb4db-5fdb-4b0e-9157-1b79e577913d | a8f20318-e2e2-49a1-8125-b3f3352ee5fd | b4257b40-e902-40b3-aff4-325ccb6b3548 | 8fa26951-bd81-4409-a75c-b3f9459c753d | c54762cc-ee9c-49d8-8970-8e678eafd54a | 3fa9cc9c-3cec-4a7f-907e-3b1f3a60d464 | 2462e095-f285-44a0-9781-7ea3b48a88e7 | 00f91470-f116-49df-8a4a-cbd39e6e3135,URBA: Menores de 16 - Primera Rueda - G2 NIVEL 2 Desarrollo Eq B | URBA: Menores de 16 - Primera Rueda - G2 NIVEL 1 B Eq B | URBA: Menores de 16 - Segunda Rueda - G1 Desarrollo | URBA: Menores de 16 - Primera Rueda - G2 NIVEL 1 A | URBA: Menores de 16 - Primera Rueda - G2 NIVEL 2 C Eq B | URBA: Menores de 16 - Segunda Rueda - G2 Desarrollo | URBA: Menores de 16 - Primera Rueda - G2 NIVEL 2 Desarrollo | URBA: Menores de 16 - Primera Rueda - G2 NIVEL 1 B | URBA: Menores de 16 - Primera Rueda - G2 NIVEL 1 A Eq B | URBA: Menores de 16 - Segunda Rueda - G2 Desarrollo Eq B | URBA: Menores de 16 - Primera Rueda - G2 NIVEL 2 C,urba:2025250,tournaments.season_id,ambiguo,parcial
2025250,urba:2025250,Menores de 16 - Primera Rueda - G2 NIVEL 2 Desarrollo Eq B,2026,Desarrollo,M16,masculino,primera,primera,,11,66,66,723654e0-0b67-453a-9f14-c3f24d8c08b3 | 67331044-36af-4137-9de8-9132fd1dad89 | ac88c6ac-5af1-45f5-8f07-a26b23ea8368 | 686eb4db-5fdb-4b0e-9157-1b79e577913d | a8f20318-e2e2-49a1-8125-b3f3352ee5fd | b4257b40-e902-40b3-aff4-325ccb6b3548 | 8fa26951-bd81-4409-a75c-b3f9459c753d | c54762cc-ee9c-49d8-8970-8e678eafd54a | 3fa9cc9c-3cec-4a7f-907e-3b1f3a60d464 | 2462e095-f285-44a0-9781-7ea3b48a88e7 | 00f91470-f116-49df-8a4a-cbd39e6e3135,URBA: Menores de 16 - Primera Rueda - G2 NIVEL 2 Desarrollo Eq B | URBA: Menores de 16 - Primera Rueda - G2 NIVEL 1 B Eq B | URBA: Menores de 16 - Segunda Rueda - G1 Desarrollo | URBA: Menores de 16 - Primera Rueda - G2 NIVEL 1 A | URBA: Menores de 16 - Primera Rueda - G2 NIVEL 2 C Eq B | URBA: Menores de 16 - Segunda Rueda - G2 Desarrollo | URBA: Menores de 16 - Primera Rueda - G2 NIVEL 2 Desarrollo | URBA: Menores de 16 - Primera Rueda - G2 NIVEL 1 B | URBA: Menores de 16 - Primera Rueda - G2 NIVEL 1 A Eq B | URBA: Menores de 16 - Segunda Rueda - G2 Desarrollo Eq B | URBA: Menores de 16 - Primera Rueda - G2 NIVEL 2 C,urba:2025250,tournaments.season_id,ambiguo,parcial
2025251,urba:2025251,Menores de 16 - Primera Rueda - G1 A,2026,otro,M16,masculino,primera,primera,,13,77,77,1b0e7117-f8d1-4239-bd8f-f95e0bb88293,URBA: Menores de 16 - Primera Rueda - G1 A,urba:2025251,tournaments.season_id,ambiguo,parcial
2025252,urba:2025252,Menores de 16 - Primera Rueda - G1 B,2026,otro,M16,masculino,primera,primera,,12,66,66,b5d1de80-c612-4d2d-9d9d-ece31cac69a9,URBA: Menores de 16 - Primera Rueda - G1 B,urba:2025252,tournaments.season_id,ambiguo,parcial
2025253,urba:2025253,Menores de 16 - Primera Rueda - G1 Formativa A,2026,Formativo,M16,masculino,primera,primera,,7,66,66,d41ee4ab-ea89-4ebb-b975-690ad3362a2b | abb3a830-cfe6-442d-9c75-23532d28b66e | ba911f55-0e8e-4131-9a4f-ab46434d1b12 | 87cf050a-bb88-4827-8426-f8e7af2874f3,URBA: Menores de 16 - Segunda Rueda - Formativa B | URBA: Menores de 16 - Segunda Rueda - Formativa A | URBA: Menores de 16 - Primera Rueda - G1 Formativa A | URBA: Menores de 16 - Primera Rueda - G1 Formativa B,urba:2025306,tournaments.season_id,ambiguo,parcial
2025254,urba:2025254,Menores de 16 - Primera Rueda - G1 Formativa B,2026,Formativo,M16,masculino,primera,primera,,10,66,66,d41ee4ab-ea89-4ebb-b975-690ad3362a2b | abb3a830-cfe6-442d-9c75-23532d28b66e | ba911f55-0e8e-4131-9a4f-ab46434d1b12 | 87cf050a-bb88-4827-8426-f8e7af2874f3,URBA: Menores de 16 - Segunda Rueda - Formativa B | URBA: Menores de 16 - Segunda Rueda - Formativa A | URBA: Menores de 16 - Primera Rueda - G1 Formativa A | URBA: Menores de 16 - Primera Rueda - G1 Formativa B,urba:2025306,tournaments.season_id,ambiguo,parcial
2025255,urba:2025255,Menores de 15 - Primera Rueda - G2 NIVEL 1 A,2026,otro,M15,masculino,primera,primera,,12,66,66,e2ddf61c-f0c1-4a6c-9b6b-7c104f53bae4 | f1d8924b-7018-464b-b30f-427a5e97f583 | baf964e6-5b4c-49df-8572-6c38a664a3bd | dc819114-3a23-4fe6-9716-21e41e2934ba | 5685c88b-0366-4451-940d-e83f20b312e5 | 1d8145b3-c66d-4f6a-9fb2-a47e3a01b53a,URBA: Menores de 15 - Primera Rueda - G2 NIVEL 1 A | URBA: Menores de 15 - Primera Rueda - G2 NIVEL 1 A Eq B | URBA: Menores de 15 - Primera Rueda - G2 NIVEL 1 B Eq B | URBA: Menores de 15 - Primera Rueda - G2 NIVEL 1 B | URBA: Menores de 15 - Primera Rueda - G2 NIVEL 2 Desarrollo Eq B | URBA: Menores de 15 - Primera Rueda - G2 NIVEL 2 Desarrollo,urba:2025255,tournaments.season_id,ambiguo,parcial
2025256,urba:2025256,Menores de 15 - Primera Rueda - G2 NIVEL 1 A Eq B,2026,otro,M15,masculino,primera,primera,,12,66,66,e2ddf61c-f0c1-4a6c-9b6b-7c104f53bae4 | f1d8924b-7018-464b-b30f-427a5e97f583 | baf964e6-5b4c-49df-8572-6c38a664a3bd | dc819114-3a23-4fe6-9716-21e41e2934ba | 5685c88b-0366-4451-940d-e83f20b312e5 | 1d8145b3-c66d-4f6a-9fb2-a47e3a01b53a,URBA: Menores de 15 - Primera Rueda - G2 NIVEL 1 A | URBA: Menores de 15 - Primera Rueda - G2 NIVEL 1 A Eq B | URBA: Menores de 15 - Primera Rueda - G2 NIVEL 1 B Eq B | URBA: Menores de 15 - Primera Rueda - G2 NIVEL 1 B | URBA: Menores de 15 - Primera Rueda - G2 NIVEL 2 Desarrollo Eq B | URBA: Menores de 15 - Primera Rueda - G2 NIVEL 2 Desarrollo,urba:2025255,tournaments.season_id,ambiguo,parcial
2025257,urba:2025257,Menores de 15 - Primera Rueda - G2 NIVEL 1 B,2026,otro,M15,masculino,primera,primera,,12,66,66,e2ddf61c-f0c1-4a6c-9b6b-7c104f53bae4 | f1d8924b-7018-464b-b30f-427a5e97f583 | baf964e6-5b4c-49df-8572-6c38a664a3bd | dc819114-3a23-4fe6-9716-21e41e2934ba | 5685c88b-0366-4451-940d-e83f20b312e5 | 1d8145b3-c66d-4f6a-9fb2-a47e3a01b53a,URBA: Menores de 15 - Primera Rueda - G2 NIVEL 1 A | URBA: Menores de 15 - Primera Rueda - G2 NIVEL 1 A Eq B | URBA: Menores de 15 - Primera Rueda - G2 NIVEL 1 B Eq B | URBA: Menores de 15 - Primera Rueda - G2 NIVEL 1 B | URBA: Menores de 15 - Primera Rueda - G2 NIVEL 2 Desarrollo Eq B | URBA: Menores de 15 - Primera Rueda - G2 NIVEL 2 Desarrollo,urba:2025255,tournaments.season_id,ambiguo,parcial
2025258,urba:2025258,Menores de 15 - Primera Rueda - G2 NIVEL 1 B Eq B,2026,otro,M15,masculino,primera,primera,,12,66,66,e2ddf61c-f0c1-4a6c-9b6b-7c104f53bae4 | f1d8924b-7018-464b-b30f-427a5e97f583 | baf964e6-5b4c-49df-8572-6c38a664a3bd | dc819114-3a23-4fe6-9716-21e41e2934ba | 5685c88b-0366-4451-940d-e83f20b312e5 | 1d8145b3-c66d-4f6a-9fb2-a47e3a01b53a,URBA: Menores de 15 - Primera Rueda - G2 NIVEL 1 A | URBA: Menores de 15 - Primera Rueda - G2 NIVEL 1 A Eq B | URBA: Menores de 15 - Primera Rueda - G2 NIVEL 1 B Eq B | URBA: Menores de 15 - Primera Rueda - G2 NIVEL 1 B | URBA: Menores de 15 - Primera Rueda - G2 NIVEL 2 Desarrollo Eq B | URBA: Menores de 15 - Primera Rueda - G2 NIVEL 2 Desarrollo,urba:2025255,tournaments.season_id,ambiguo,parcial
2025259,urba:2025259,Menores de 15 - Primera Rueda - G2 NIVEL 2 Desarrollo,2026,Desarrollo,M15,masculino,primera,primera,,10,66,66,e2ddf61c-f0c1-4a6c-9b6b-7c104f53bae4 | f1d8924b-7018-464b-b30f-427a5e97f583 | baf964e6-5b4c-49df-8572-6c38a664a3bd | 97b008cc-724c-4357-bc09-ebf9246325b3 | dc819114-3a23-4fe6-9716-21e41e2934ba | 5685c88b-0366-4451-940d-e83f20b312e5 | 1d8145b3-c66d-4f6a-9fb2-a47e3a01b53a | e8dd211b-b4b8-4b72-b000-69ee235f73fe,URBA: Menores de 15 - Primera Rueda - G2 NIVEL 1 A | URBA: Menores de 15 - Primera Rueda - G2 NIVEL 1 A Eq B | URBA: Menores de 15 - Primera Rueda - G2 NIVEL 1 B Eq B | URBA: Menores de 15 - Segunda Rueda - G2 Desarrollo | URBA: Menores de 15 - Primera Rueda - G2 NIVEL 1 B | URBA: Menores de 15 - Primera Rueda - G2 NIVEL 2 Desarrollo Eq B | URBA: Menores de 15 - Primera Rueda - G2 NIVEL 2 Desarrollo | URBA: Menores de 15 - Segunda Rueda - G2 Desarrollo Eq B,urba:2025255,tournaments.season_id,ambiguo,parcial
2025260,urba:2025260,Menores de 15 - Primera Rueda - G2 NIVEL 2 Desarrollo Eq B,2026,Desarrollo,M15,masculino,primera,primera,,10,66,66,e2ddf61c-f0c1-4a6c-9b6b-7c104f53bae4 | f1d8924b-7018-464b-b30f-427a5e97f583 | baf964e6-5b4c-49df-8572-6c38a664a3bd | 97b008cc-724c-4357-bc09-ebf9246325b3 | dc819114-3a23-4fe6-9716-21e41e2934ba | 5685c88b-0366-4451-940d-e83f20b312e5 | 1d8145b3-c66d-4f6a-9fb2-a47e3a01b53a | e8dd211b-b4b8-4b72-b000-69ee235f73fe,URBA: Menores de 15 - Primera Rueda - G2 NIVEL 1 A | URBA: Menores de 15 - Primera Rueda - G2 NIVEL 1 A Eq B | URBA: Menores de 15 - Primera Rueda - G2 NIVEL 1 B Eq B | URBA: Menores de 15 - Segunda Rueda - G2 Desarrollo | URBA: Menores de 15 - Primera Rueda - G2 NIVEL 1 B | URBA: Menores de 15 - Primera Rueda - G2 NIVEL 2 Desarrollo Eq B | URBA: Menores de 15 - Primera Rueda - G2 NIVEL 2 Desarrollo | URBA: Menores de 15 - Segunda Rueda - G2 Desarrollo Eq B,urba:2025255,tournaments.season_id,ambiguo,parcial
2025261,urba:2025261,Menores de 15 - Primera Rueda - G1 A,2026,otro,M15,masculino,primera,primera,urba:serie:2025261,13,77,77,c46eeaae-d4d7-458d-ab5c-ec9cd3576afc | 529a00a1-390a-417f-862d-5620a2c9a36a,URBA: Menores de 15 - Primera Rueda - G1 A | URBA: Menores de 15 - Segunda Rueda - G1 A,urba:2025261,tournaments.season_id,ambiguo,parcial
2025262,urba:2025262,Menores de 15 - Primera Rueda - G1 B,2026,otro,M15,masculino,primera,primera,urba:serie:2025262,14,77,77,669020ba-4742-43f0-ac69-d700d9cdb8bc | 91e1449f-7a59-4879-a05f-902d7819fa67,URBA: Menores de 15 - Segunda Rueda - G1 B | URBA: Menores de 15 - Primera Rueda - G1 B,urba:2025314,tournaments.season_id,ambiguo,parcial
2025263,urba:2025263,Menores de 15 - Primera Rueda - G1 Formativa A,2026,Formativo,M15,masculino,primera,primera,,10,66,66,5f9507a2-5677-4876-8acb-c748059482fb | c849fb37-468d-4a75-a30f-6f5cb30acf87 | 2e74de89-d924-45ac-9963-ba38e2065c04 | f58c9313-d368-4a1f-bd62-bb26e24f105a | be65620a-3e3c-4577-8ec6-0be13d3eeae8,URBA: Menores de 15 - Segunda Rueda - Formativa B | URBA: Menores de 15 - Segunda Rueda - Formativa A | URBA: Menores de 15 - Primera Rueda - G1 Formativa A | URBA: Menores de 15 - Primera Rueda - G1 Formativa B | URBA: Menores de 15 - Segunda Rueda - Formativa C,urba:2025316,tournaments.season_id,ambiguo,parcial
2025264,urba:2025264,Menores de 15 - Primera Rueda - G1 Formativa B,2026,Formativo,M15,masculino,primera,primera,,11,66,66,5f9507a2-5677-4876-8acb-c748059482fb | c849fb37-468d-4a75-a30f-6f5cb30acf87 | 2e74de89-d924-45ac-9963-ba38e2065c04 | f58c9313-d368-4a1f-bd62-bb26e24f105a | be65620a-3e3c-4577-8ec6-0be13d3eeae8,URBA: Menores de 15 - Segunda Rueda - Formativa B | URBA: Menores de 15 - Segunda Rueda - Formativa A | URBA: Menores de 15 - Primera Rueda - G1 Formativa A | URBA: Menores de 15 - Primera Rueda - G1 Formativa B | URBA: Menores de 15 - Segunda Rueda - Formativa C,urba:2025316,tournaments.season_id,ambiguo,parcial
2025275,urba:2025275,Menores de 19 - Segunda Rueda - G2 Desarrollo,2026,Desarrollo,M19,masculino,segunda,segunda,,12,66,0,b74c175d-6604-45d5-8106-5abab0043d61 | fae10b96-237a-4193-a39d-9281dff08505 | a21a7906-8869-45d2-8cc6-2b354b8ec1db | 3f11580a-b23e-4ac2-b8e2-7471ad24290e | 74bfba2d-8a9f-4f1e-9a9c-915d69c57c70,URBA: Menores de 19 - Segunda Rueda - G1 Desarrollo | URBA: Menores de 19 - Segunda Rueda - G2 Desarrollo Eq B | URBA: Menores de 19 - Primera Rueda - G2 NIVEL 2 Desarrollo | URBA: Menores de 19 - Primera Rueda - G2 NIVEL 2 Desarrollo Eq B | URBA: Menores de 19 - Segunda Rueda - G2 Desarrollo,urba:2025278,tournaments.season_id,ambiguo,parcial
2025276,urba:2025276,Menores de 19 - Segunda Rueda - G2 Desarrollo Eq B,2026,Desarrollo,M19,masculino,segunda,segunda,,12,66,0,b74c175d-6604-45d5-8106-5abab0043d61 | fae10b96-237a-4193-a39d-9281dff08505 | a21a7906-8869-45d2-8cc6-2b354b8ec1db | 3f11580a-b23e-4ac2-b8e2-7471ad24290e | 74bfba2d-8a9f-4f1e-9a9c-915d69c57c70,URBA: Menores de 19 - Segunda Rueda - G1 Desarrollo | URBA: Menores de 19 - Segunda Rueda - G2 Desarrollo Eq B | URBA: Menores de 19 - Primera Rueda - G2 NIVEL 2 Desarrollo | URBA: Menores de 19 - Primera Rueda - G2 NIVEL 2 Desarrollo Eq B | URBA: Menores de 19 - Segunda Rueda - G2 Desarrollo,urba:2025278,tournaments.season_id,ambiguo,parcial
2025267,urba:2025267,Menores de 19 - Segunda Rueda - G2 Nivel 1 Ganadores,2026,otro,M19,masculino,segunda,segunda,,12,66,0,1e4904fd-eeb4-40b7-be6b-2c83fde214a8 | ad6dc9e8-d59c-4f1a-8b39-afd10e0f52f8 | 31ecf7ea-34c6-4762-bd9e-d5622bf3451d | 04a1c83c-0402-44f6-9395-d304d7a0048f | dc3aabb1-eb23-4c8d-bef0-f493f095aae7 | 8b5434f8-41d4-4d9d-8c5d-44fe96399f42 | cb596849-59dc-4a39-8bb5-4ed7ed800c71 | 65437c72-15f0-44c9-a534-840ec5c83299 | d0790837-67b9-4a56-8d8f-2b04497a6e8c | b9f03d3c-0896-41c9-8651-b99e02f21ee2 | 2569bc21-8026-4a57-99a8-398ee7aef33e | 8018994b-15be-4582-a054-ecaae431e60d | b68ceaef-298e-4c63-9964-c9a95ba43822,"URBA: Menores de 19 - Segunda Rueda -  G1 Ganadores | URBA: Menores de 19 - Primera Rueda - G2 NIVEL 2 C Eq B | URBA: Menores de 19 - Primera Rueda - G2 NIVEL 1 A Eq B | URBA: Menores de 19 - Primera Rueda - G2 NIVEL 1 B Eq B | URBA: Menores de 19 - Segunda Rueda - G2 Nivel 1 Ganadores Eq B | URBA: Menores de 19 - Segunda Rueda - G2 Nivel 1 Ganadores | URBA: Menores de 19 - Primera Rueda - G2 NIVEL 2 D | URBA: Menores de 19 - Primera Rueda - G2 NIVEL 2 C | URBA: Menores de 19 - Primera Rueda - G2 NIVEL 2 D Eq B | URBA: Menores de 19 - Segunda Rueda - G2 Nivel 2 Ganadores | URBA: Menores de 19 - Segunda Rueda - G2 Nivel 2 Ganadores Eq B | URBA: MENORES DE 19 - G2 NIVEL 1 ""B"" | URBA: MENORES DE 19 - G2 NIVEL 1 ""A""",urba:2025277,tournaments.season_id,ambiguo,parcial
2025268,urba:2025268,Menores de 19 - Segunda Rueda - G2 Nivel 1 Ganadores Eq B,2026,otro,M19,masculino,segunda,segunda,,12,66,0,1e4904fd-eeb4-40b7-be6b-2c83fde214a8 | ad6dc9e8-d59c-4f1a-8b39-afd10e0f52f8 | 31ecf7ea-34c6-4762-bd9e-d5622bf3451d | 04a1c83c-0402-44f6-9395-d304d7a0048f | dc3aabb1-eb23-4c8d-bef0-f493f095aae7 | 8b5434f8-41d4-4d9d-8c5d-44fe96399f42 | cb596849-59dc-4a39-8bb5-4ed7ed800c71 | 65437c72-15f0-44c9-a534-840ec5c83299 | d0790837-67b9-4a56-8d8f-2b04497a6e8c | b9f03d3c-0896-41c9-8651-b99e02f21ee2 | 2569bc21-8026-4a57-99a8-398ee7aef33e | 8018994b-15be-4582-a054-ecaae431e60d | b68ceaef-298e-4c63-9964-c9a95ba43822,"URBA: Menores de 19 - Segunda Rueda -  G1 Ganadores | URBA: Menores de 19 - Primera Rueda - G2 NIVEL 2 C Eq B | URBA: Menores de 19 - Primera Rueda - G2 NIVEL 1 A Eq B | URBA: Menores de 19 - Primera Rueda - G2 NIVEL 1 B Eq B | URBA: Menores de 19 - Segunda Rueda - G2 Nivel 1 Ganadores Eq B | URBA: Menores de 19 - Segunda Rueda - G2 Nivel 1 Ganadores | URBA: Menores de 19 - Primera Rueda - G2 NIVEL 2 D | URBA: Menores de 19 - Primera Rueda - G2 NIVEL 2 C | URBA: Menores de 19 - Primera Rueda - G2 NIVEL 2 D Eq B | URBA: Menores de 19 - Segunda Rueda - G2 Nivel 2 Ganadores | URBA: Menores de 19 - Segunda Rueda - G2 Nivel 2 Ganadores Eq B | URBA: MENORES DE 19 - G2 NIVEL 1 ""B"" | URBA: MENORES DE 19 - G2 NIVEL 1 ""A""",urba:2025277,tournaments.season_id,ambiguo,parcial
2025269,urba:2025269,Menores de 19 - Segunda Rueda - G2 Nivel 1 Intermedia,2026,Intermedia,M19,masculino,segunda,segunda,,12,66,0,ad6dc9e8-d59c-4f1a-8b39-afd10e0f52f8 | 31ecf7ea-34c6-4762-bd9e-d5622bf3451d | 04a1c83c-0402-44f6-9395-d304d7a0048f | e64d9edd-e238-42e7-915f-1dc45153c1fa | cb596849-59dc-4a39-8bb5-4ed7ed800c71 | ffa1c355-ad06-4b46-8749-4c3bb8312de6 | 65437c72-15f0-44c9-a534-840ec5c83299 | d0790837-67b9-4a56-8d8f-2b04497a6e8c | 8a3729de-9694-49a6-90e2-67a80e4b0940 | 6814d5b9-c845-4e05-bb2e-0db0e9a64355 | 8018994b-15be-4582-a054-ecaae431e60d | b68ceaef-298e-4c63-9964-c9a95ba43822,"URBA: Menores de 19 - Primera Rueda - G2 NIVEL 2 C Eq B | URBA: Menores de 19 - Primera Rueda - G2 NIVEL 1 A Eq B | URBA: Menores de 19 - Primera Rueda - G2 NIVEL 1 B Eq B | URBA: Menores de 19 - Segunda Rueda - G2 Nivel 2 Intermedia Eq B | URBA: Menores de 19 - Primera Rueda - G2 NIVEL 2 D | URBA: Menores de 19 - Segunda Rueda - G2 Nivel 1 Intermedia Eq B | URBA: Menores de 19 - Primera Rueda - G2 NIVEL 2 C | URBA: Menores de 19 - Primera Rueda - G2 NIVEL 2 D Eq B | URBA: Menores de 19 - Segunda Rueda - G2 Nivel 2 Intermedia | URBA: Menores de 19 - Segunda Rueda - G2 Nivel 1 Intermedia | URBA: MENORES DE 19 - G2 NIVEL 1 ""B"" | URBA: MENORES DE 19 - G2 NIVEL 1 ""A""",urba:2025218,tournaments.season_id,ambiguo,parcial
2025270,urba:2025270,Menores de 19 - Segunda Rueda - G2 Nivel 1 Intermedia Eq B,2026,Intermedia,M19,masculino,segunda,segunda,,12,66,0,ad6dc9e8-d59c-4f1a-8b39-afd10e0f52f8 | 31ecf7ea-34c6-4762-bd9e-d5622bf3451d | 04a1c83c-0402-44f6-9395-d304d7a0048f | e64d9edd-e238-42e7-915f-1dc45153c1fa | cb596849-59dc-4a39-8bb5-4ed7ed800c71 | ffa1c355-ad06-4b46-8749-4c3bb8312de6 | 65437c72-15f0-44c9-a534-840ec5c83299 | d0790837-67b9-4a56-8d8f-2b04497a6e8c | 8a3729de-9694-49a6-90e2-67a80e4b0940 | 6814d5b9-c845-4e05-bb2e-0db0e9a64355 | 8018994b-15be-4582-a054-ecaae431e60d | b68ceaef-298e-4c63-9964-c9a95ba43822,"URBA: Menores de 19 - Primera Rueda - G2 NIVEL 2 C Eq B | URBA: Menores de 19 - Primera Rueda - G2 NIVEL 1 A Eq B | URBA: Menores de 19 - Primera Rueda - G2 NIVEL 1 B Eq B | URBA: Menores de 19 - Segunda Rueda - G2 Nivel 2 Intermedia Eq B | URBA: Menores de 19 - Primera Rueda - G2 NIVEL 2 D | URBA: Menores de 19 - Segunda Rueda - G2 Nivel 1 Intermedia Eq B | URBA: Menores de 19 - Primera Rueda - G2 NIVEL 2 C | URBA: Menores de 19 - Primera Rueda - G2 NIVEL 2 D Eq B | URBA: Menores de 19 - Segunda Rueda - G2 Nivel 2 Intermedia | URBA: Menores de 19 - Segunda Rueda - G2 Nivel 1 Intermedia | URBA: MENORES DE 19 - G2 NIVEL 1 ""B"" | URBA: MENORES DE 19 - G2 NIVEL 1 ""A""",urba:2025218,tournaments.season_id,ambiguo,parcial
2025271,urba:2025271,Menores de 19 - Segunda Rueda - G2 Nivel 2 Ganadores,2026,otro,M19,masculino,segunda,segunda,,12,66,0,1e4904fd-eeb4-40b7-be6b-2c83fde214a8 | ad6dc9e8-d59c-4f1a-8b39-afd10e0f52f8 | 31ecf7ea-34c6-4762-bd9e-d5622bf3451d | 04a1c83c-0402-44f6-9395-d304d7a0048f | dc3aabb1-eb23-4c8d-bef0-f493f095aae7 | 8b5434f8-41d4-4d9d-8c5d-44fe96399f42 | cb596849-59dc-4a39-8bb5-4ed7ed800c71 | 65437c72-15f0-44c9-a534-840ec5c83299 | d0790837-67b9-4a56-8d8f-2b04497a6e8c | b9f03d3c-0896-41c9-8651-b99e02f21ee2 | 2569bc21-8026-4a57-99a8-398ee7aef33e | 8018994b-15be-4582-a054-ecaae431e60d | b68ceaef-298e-4c63-9964-c9a95ba43822,"URBA: Menores de 19 - Segunda Rueda -  G1 Ganadores | URBA: Menores de 19 - Primera Rueda - G2 NIVEL 2 C Eq B | URBA: Menores de 19 - Primera Rueda - G2 NIVEL 1 A Eq B | URBA: Menores de 19 - Primera Rueda - G2 NIVEL 1 B Eq B | URBA: Menores de 19 - Segunda Rueda - G2 Nivel 1 Ganadores Eq B | URBA: Menores de 19 - Segunda Rueda - G2 Nivel 1 Ganadores | URBA: Menores de 19 - Primera Rueda - G2 NIVEL 2 D | URBA: Menores de 19 - Primera Rueda - G2 NIVEL 2 C | URBA: Menores de 19 - Primera Rueda - G2 NIVEL 2 D Eq B | URBA: Menores de 19 - Segunda Rueda - G2 Nivel 2 Ganadores | URBA: Menores de 19 - Segunda Rueda - G2 Nivel 2 Ganadores Eq B | URBA: MENORES DE 19 - G2 NIVEL 1 ""B"" | URBA: MENORES DE 19 - G2 NIVEL 1 ""A""",urba:2025277,tournaments.season_id,ambiguo,parcial
2025272,urba:2025272,Menores de 19 - Segunda Rueda - G2 Nivel 2 Ganadores Eq B,2026,otro,M19,masculino,segunda,segunda,,12,66,0,1e4904fd-eeb4-40b7-be6b-2c83fde214a8 | ad6dc9e8-d59c-4f1a-8b39-afd10e0f52f8 | 31ecf7ea-34c6-4762-bd9e-d5622bf3451d | 04a1c83c-0402-44f6-9395-d304d7a0048f | dc3aabb1-eb23-4c8d-bef0-f493f095aae7 | 8b5434f8-41d4-4d9d-8c5d-44fe96399f42 | cb596849-59dc-4a39-8bb5-4ed7ed800c71 | 65437c72-15f0-44c9-a534-840ec5c83299 | d0790837-67b9-4a56-8d8f-2b04497a6e8c | b9f03d3c-0896-41c9-8651-b99e02f21ee2 | 2569bc21-8026-4a57-99a8-398ee7aef33e | 8018994b-15be-4582-a054-ecaae431e60d | b68ceaef-298e-4c63-9964-c9a95ba43822,"URBA: Menores de 19 - Segunda Rueda -  G1 Ganadores | URBA: Menores de 19 - Primera Rueda - G2 NIVEL 2 C Eq B | URBA: Menores de 19 - Primera Rueda - G2 NIVEL 1 A Eq B | URBA: Menores de 19 - Primera Rueda - G2 NIVEL 1 B Eq B | URBA: Menores de 19 - Segunda Rueda - G2 Nivel 1 Ganadores Eq B | URBA: Menores de 19 - Segunda Rueda - G2 Nivel 1 Ganadores | URBA: Menores de 19 - Primera Rueda - G2 NIVEL 2 D | URBA: Menores de 19 - Primera Rueda - G2 NIVEL 2 C | URBA: Menores de 19 - Primera Rueda - G2 NIVEL 2 D Eq B | URBA: Menores de 19 - Segunda Rueda - G2 Nivel 2 Ganadores | URBA: Menores de 19 - Segunda Rueda - G2 Nivel 2 Ganadores Eq B | URBA: MENORES DE 19 - G2 NIVEL 1 ""B"" | URBA: MENORES DE 19 - G2 NIVEL 1 ""A""",urba:2025277,tournaments.season_id,ambiguo,parcial
2025273,urba:2025273,Menores de 19 - Segunda Rueda - G2 Nivel 2 Intermedia,2026,Intermedia,M19,masculino,segunda,segunda,,13,77,0,ad6dc9e8-d59c-4f1a-8b39-afd10e0f52f8 | 31ecf7ea-34c6-4762-bd9e-d5622bf3451d | 04a1c83c-0402-44f6-9395-d304d7a0048f | e64d9edd-e238-42e7-915f-1dc45153c1fa | cb596849-59dc-4a39-8bb5-4ed7ed800c71 | ffa1c355-ad06-4b46-8749-4c3bb8312de6 | 65437c72-15f0-44c9-a534-840ec5c83299 | d0790837-67b9-4a56-8d8f-2b04497a6e8c | 8a3729de-9694-49a6-90e2-67a80e4b0940 | 6814d5b9-c845-4e05-bb2e-0db0e9a64355 | 8018994b-15be-4582-a054-ecaae431e60d | b68ceaef-298e-4c63-9964-c9a95ba43822,"URBA: Menores de 19 - Primera Rueda - G2 NIVEL 2 C Eq B | URBA: Menores de 19 - Primera Rueda - G2 NIVEL 1 A Eq B | URBA: Menores de 19 - Primera Rueda - G2 NIVEL 1 B Eq B | URBA: Menores de 19 - Segunda Rueda - G2 Nivel 2 Intermedia Eq B | URBA: Menores de 19 - Primera Rueda - G2 NIVEL 2 D | URBA: Menores de 19 - Segunda Rueda - G2 Nivel 1 Intermedia Eq B | URBA: Menores de 19 - Primera Rueda - G2 NIVEL 2 C | URBA: Menores de 19 - Primera Rueda - G2 NIVEL 2 D Eq B | URBA: Menores de 19 - Segunda Rueda - G2 Nivel 2 Intermedia | URBA: Menores de 19 - Segunda Rueda - G2 Nivel 1 Intermedia | URBA: MENORES DE 19 - G2 NIVEL 1 ""B"" | URBA: MENORES DE 19 - G2 NIVEL 1 ""A""",urba:2025218,tournaments.season_id,ambiguo,parcial
2025274,urba:2025274,Menores de 19 - Segunda Rueda - G2 Nivel 2 Intermedia Eq B,2026,Intermedia,M19,masculino,segunda,segunda,,13,77,0,ad6dc9e8-d59c-4f1a-8b39-afd10e0f52f8 | 31ecf7ea-34c6-4762-bd9e-d5622bf3451d | 04a1c83c-0402-44f6-9395-d304d7a0048f | e64d9edd-e238-42e7-915f-1dc45153c1fa | cb596849-59dc-4a39-8bb5-4ed7ed800c71 | ffa1c355-ad06-4b46-8749-4c3bb8312de6 | 65437c72-15f0-44c9-a534-840ec5c83299 | d0790837-67b9-4a56-8d8f-2b04497a6e8c | 8a3729de-9694-49a6-90e2-67a80e4b0940 | 6814d5b9-c845-4e05-bb2e-0db0e9a64355 | 8018994b-15be-4582-a054-ecaae431e60d | b68ceaef-298e-4c63-9964-c9a95ba43822,"URBA: Menores de 19 - Primera Rueda - G2 NIVEL 2 C Eq B | URBA: Menores de 19 - Primera Rueda - G2 NIVEL 1 A Eq B | URBA: Menores de 19 - Primera Rueda - G2 NIVEL 1 B Eq B | URBA: Menores de 19 - Segunda Rueda - G2 Nivel 2 Intermedia Eq B | URBA: Menores de 19 - Primera Rueda - G2 NIVEL 2 D | URBA: Menores de 19 - Segunda Rueda - G2 Nivel 1 Intermedia Eq B | URBA: Menores de 19 - Primera Rueda - G2 NIVEL 2 C | URBA: Menores de 19 - Primera Rueda - G2 NIVEL 2 D Eq B | URBA: Menores de 19 - Segunda Rueda - G2 Nivel 2 Intermedia | URBA: Menores de 19 - Segunda Rueda - G2 Nivel 1 Intermedia | URBA: MENORES DE 19 - G2 NIVEL 1 ""B"" | URBA: MENORES DE 19 - G2 NIVEL 1 ""A""",urba:2025218,tournaments.season_id,ambiguo,parcial
2025278,urba:2025278,Menores de 19 - Segunda Rueda - G1 Desarrollo,2026,Desarrollo,M19,masculino,segunda,segunda,,11,66,0,b74c175d-6604-45d5-8106-5abab0043d61 | fae10b96-237a-4193-a39d-9281dff08505 | a21a7906-8869-45d2-8cc6-2b354b8ec1db | 3f11580a-b23e-4ac2-b8e2-7471ad24290e | 74bfba2d-8a9f-4f1e-9a9c-915d69c57c70,URBA: Menores de 19 - Segunda Rueda - G1 Desarrollo | URBA: Menores de 19 - Segunda Rueda - G2 Desarrollo Eq B | URBA: Menores de 19 - Primera Rueda - G2 NIVEL 2 Desarrollo | URBA: Menores de 19 - Primera Rueda - G2 NIVEL 2 Desarrollo Eq B | URBA: Menores de 19 - Segunda Rueda - G2 Desarrollo,urba:2025278,tournaments.season_id,ambiguo,parcial
2025277,urba:2025277,Menores de 19 - Segunda Rueda -  G1 Ganadores,2026,otro,M19,masculino,segunda,segunda,,12,66,0,1e4904fd-eeb4-40b7-be6b-2c83fde214a8 | dc3aabb1-eb23-4c8d-bef0-f493f095aae7 | 8b5434f8-41d4-4d9d-8c5d-44fe96399f42 | b9f03d3c-0896-41c9-8651-b99e02f21ee2 | 2569bc21-8026-4a57-99a8-398ee7aef33e,URBA: Menores de 19 - Segunda Rueda -  G1 Ganadores | URBA: Menores de 19 - Segunda Rueda - G2 Nivel 1 Ganadores Eq B | URBA: Menores de 19 - Segunda Rueda - G2 Nivel 1 Ganadores | URBA: Menores de 19 - Segunda Rueda - G2 Nivel 2 Ganadores | URBA: Menores de 19 - Segunda Rueda - G2 Nivel 2 Ganadores Eq B,urba:2025277,tournaments.season_id,ambiguo,parcial
2025279,urba:2025279,Menores de 19 - Segunda Rueda - Formativa A,2026,Formativo,M19,masculino,segunda,segunda,,12,66,0,e83f6983-faf7-43e0-b116-1ca57b12e30e | 72f08376-b3ea-4e29-821a-2c8ad169d889 | 89b2cd65-71e1-40d6-bf30-8e87cfb1ee7d | 8255c0a4-626f-48d0-b699-255cabf8cee4 | 1f68ca92-6174-409c-8874-bda5ac135554,URBA: Menores de 19 - Primera Rueda - G1 Formativa A | URBA: Menores de 19 - Primera Rueda - G1 Formativa B | URBA: Menores de 19 - Segunda Rueda - Formativa A | URBA: Menores de 19 - Segunda Rueda - Formativa B | URBA: Menores de 19 - Primera Rueda - G1 Formativa C,urba:2025226,tournaments.season_id,ambiguo,parcial
2025282,urba:2025282,Menores de 19 - Segunda Rueda - Formativa B,2026,Formativo,M19,masculino,segunda,segunda,,10,66,0,e83f6983-faf7-43e0-b116-1ca57b12e30e | 72f08376-b3ea-4e29-821a-2c8ad169d889 | 89b2cd65-71e1-40d6-bf30-8e87cfb1ee7d | 8255c0a4-626f-48d0-b699-255cabf8cee4 | 1f68ca92-6174-409c-8874-bda5ac135554,URBA: Menores de 19 - Primera Rueda - G1 Formativa A | URBA: Menores de 19 - Primera Rueda - G1 Formativa B | URBA: Menores de 19 - Segunda Rueda - Formativa A | URBA: Menores de 19 - Segunda Rueda - Formativa B | URBA: Menores de 19 - Primera Rueda - G1 Formativa C,urba:2025226,tournaments.season_id,ambiguo,parcial
2025283,urba:2025283,Menores de 17 - Segunda Rueda - G2 Ganadores,2026,otro,M17,masculino,segunda,segunda,,12,66,0,c52e709a-670c-44b8-8bc4-cfa727a31223 | a00d5414-a13f-4108-a721-cd3ca1f9f7d7 | c4626be3-9e8f-402c-a33c-7067883465df,URBA: Menores de 17 - Segunda Rueda - G2 Ganadores Eq B | URBA: Menores de 17 - Segunda Rueda - G1 Ganadores | URBA: Menores de 17 - Segunda Rueda - G2 Ganadores,urba:2025284,tournaments.season_id,ambiguo,parcial
2025284,urba:2025284,Menores de 17 - Segunda Rueda - G2 Ganadores Eq B,2026,otro,M17,masculino,segunda,segunda,,12,66,0,c52e709a-670c-44b8-8bc4-cfa727a31223 | a00d5414-a13f-4108-a721-cd3ca1f9f7d7 | c4626be3-9e8f-402c-a33c-7067883465df,URBA: Menores de 17 - Segunda Rueda - G2 Ganadores Eq B | URBA: Menores de 17 - Segunda Rueda - G1 Ganadores | URBA: Menores de 17 - Segunda Rueda - G2 Ganadores,urba:2025284,tournaments.season_id,ambiguo,parcial
2025285,urba:2025285,Menores de 17 - Segunda Rueda - G2  Intermedia,2026,Intermedia,M17,masculino,segunda,segunda,,12,66,0,58a8e880-acc9-41af-968e-39b0c8067627 | 8e5ef612-f2b8-4080-8438-f2081b0d8c08 | fe44534c-2756-493a-a974-5336c03af480,URBA: Menores de 17 - Segunda Rueda - G2  Intermedia | URBA: Menores de 17 - Segunda Rueda - G2 Intermedia Eq B | URBA: Menores de 17 - Segunda Rueda - G1 Intermedia,urba:2025285,tournaments.season_id,ambiguo,parcial
2025286,urba:2025286,Menores de 17 - Segunda Rueda - G2 Intermedia Eq B,2026,Intermedia,M17,masculino,segunda,segunda,,12,66,0,58a8e880-acc9-41af-968e-39b0c8067627 | 8e5ef612-f2b8-4080-8438-f2081b0d8c08 | fe44534c-2756-493a-a974-5336c03af480,URBA: Menores de 17 - Segunda Rueda - G2  Intermedia | URBA: Menores de 17 - Segunda Rueda - G2 Intermedia Eq B | URBA: Menores de 17 - Segunda Rueda - G1 Intermedia,urba:2025285,tournaments.season_id,ambiguo,parcial
2025287,urba:2025287,Menores de 17 - Segunda Rueda - G2  Desarrollo,2026,Desarrollo,M17,masculino,segunda,segunda,,13,77,0,62298316-ece6-45d2-b842-04b2747bdc95 | 778fdcbd-9dba-426d-912f-ae6fb0de205e | 78afedad-280b-4754-aff8-171bd1eba2c8,URBA: Menores de 17 - Segunda Rueda - G2  Desarrollo | URBA: Menores de 17 - Segunda Rueda - G1 Desarrollo | URBA: Menores de 17 - Segunda Rueda - G2 Desarrollo Eq B,urba:2025287,tournaments.season_id,ambiguo,parcial
2025288,urba:2025288,Menores de 17 - Segunda Rueda - G2 Desarrollo Eq B,2026,Desarrollo,M17,masculino,segunda,segunda,,13,77,0,62298316-ece6-45d2-b842-04b2747bdc95 | 778fdcbd-9dba-426d-912f-ae6fb0de205e | 78afedad-280b-4754-aff8-171bd1eba2c8,URBA: Menores de 17 - Segunda Rueda - G2  Desarrollo | URBA: Menores de 17 - Segunda Rueda - G1 Desarrollo | URBA: Menores de 17 - Segunda Rueda - G2 Desarrollo Eq B,urba:2025287,tournaments.season_id,ambiguo,parcial
2025289,urba:2025289,Menores de 17 - Segunda Rueda - G1 Ganadores,2026,otro,M17,masculino,segunda,segunda,,11,66,0,c52e709a-670c-44b8-8bc4-cfa727a31223 | a00d5414-a13f-4108-a721-cd3ca1f9f7d7 | c4626be3-9e8f-402c-a33c-7067883465df,URBA: Menores de 17 - Segunda Rueda - G2 Ganadores Eq B | URBA: Menores de 17 - Segunda Rueda - G1 Ganadores | URBA: Menores de 17 - Segunda Rueda - G2 Ganadores,urba:2025284,tournaments.season_id,ambiguo,parcial
2025290,urba:2025290,Menores de 17 - Segunda Rueda - G1 Intermedia,2026,Intermedia,M17,masculino,segunda,segunda,,11,66,0,58a8e880-acc9-41af-968e-39b0c8067627 | 8e5ef612-f2b8-4080-8438-f2081b0d8c08 | fe44534c-2756-493a-a974-5336c03af480,URBA: Menores de 17 - Segunda Rueda - G2  Intermedia | URBA: Menores de 17 - Segunda Rueda - G2 Intermedia Eq B | URBA: Menores de 17 - Segunda Rueda - G1 Intermedia,urba:2025285,tournaments.season_id,ambiguo,parcial
2025291,urba:2025291,Menores de 17 - Segunda Rueda - G1 Desarrollo,2026,Desarrollo,M17,masculino,segunda,segunda,,10,66,0,62298316-ece6-45d2-b842-04b2747bdc95 | 778fdcbd-9dba-426d-912f-ae6fb0de205e | 78afedad-280b-4754-aff8-171bd1eba2c8,URBA: Menores de 17 - Segunda Rueda - G2  Desarrollo | URBA: Menores de 17 - Segunda Rueda - G1 Desarrollo | URBA: Menores de 17 - Segunda Rueda - G2 Desarrollo Eq B,urba:2025287,tournaments.season_id,ambiguo,parcial
2025292,urba:2025292,Menores de 17 - Segunda Rueda - Formativa A,2026,Formativo,M17,masculino,segunda,segunda,,11,66,0,8b314480-6826-4215-94a6-997f3692804e | 3631a6fb-9c31-4a72-8f39-270012d50ee8 | 8f56758b-e8d3-407c-b141-47a3ad067ef8,URBA: Menores de 17 - Segunda Rueda - Formativa B | URBA: Menores de 17 - Segunda Rueda - Formativa A | URBA: Menores de 17 - Segunda Rueda - Formativa C,urba:2025293,tournaments.season_id,ambiguo,parcial
2025293,urba:2025293,Menores de 17 - Segunda Rueda - Formativa B,2026,Formativo,M17,masculino,segunda,segunda,,9,66,0,8b314480-6826-4215-94a6-997f3692804e | 3631a6fb-9c31-4a72-8f39-270012d50ee8 | 8f56758b-e8d3-407c-b141-47a3ad067ef8,URBA: Menores de 17 - Segunda Rueda - Formativa B | URBA: Menores de 17 - Segunda Rueda - Formativa A | URBA: Menores de 17 - Segunda Rueda - Formativa C,urba:2025293,tournaments.season_id,ambiguo,parcial
2025294,urba:2025294,Menores de 17 - Segunda Rueda - Formativa C,2026,Formativo,M17,masculino,segunda,segunda,,12,66,0,8b314480-6826-4215-94a6-997f3692804e | 3631a6fb-9c31-4a72-8f39-270012d50ee8 | 8f56758b-e8d3-407c-b141-47a3ad067ef8,URBA: Menores de 17 - Segunda Rueda - Formativa B | URBA: Menores de 17 - Segunda Rueda - Formativa A | URBA: Menores de 17 - Segunda Rueda - Formativa C,urba:2025293,tournaments.season_id,ambiguo,parcial
2025295,urba:2025295,Menores de 16 - Segunda Rueda - G2 Nivel 1 Ganadores,2026,otro,M16,masculino,segunda,segunda,,12,66,0,bcebd48d-b252-4c5e-aa9a-df03fe401c95 | 67331044-36af-4137-9de8-9132fd1dad89 | 686eb4db-5fdb-4b0e-9157-1b79e577913d | a8f20318-e2e2-49a1-8125-b3f3352ee5fd | a1c0cca1-c204-4c2b-b2c9-f16afc6e1130 | cb3cd903-1928-4170-a552-5c65155162b2 | 6f641b46-36fe-49cc-ad6a-0a4fada299a0 | d04ec218-2c77-4e10-bffe-6c235164ad91 | c54762cc-ee9c-49d8-8970-8e678eafd54a | 3fa9cc9c-3cec-4a7f-907e-3b1f3a60d464 | 00f91470-f116-49df-8a4a-cbd39e6e3135,URBA: Menores de 16 - Segunda Rueda - G2 Nivel 2 Ganadores Eq B | URBA: Menores de 16 - Primera Rueda - G2 NIVEL 1 B Eq B | URBA: Menores de 16 - Primera Rueda - G2 NIVEL 1 A | URBA: Menores de 16 - Primera Rueda - G2 NIVEL 2 C Eq B | URBA: Menores de 16 - Segunda Rueda - G2 Nivel 2 Ganadores | URBA: Menores de 16 - Segunda Rueda - G2 Nivel 1 Ganadores | URBA: Menores de 16 - Segunda Rueda - G1 Ganadores | URBA: Menores de 16 - Segunda Rueda - G2 Nivel 1 Ganadores Eq B | URBA: Menores de 16 - Primera Rueda - G2 NIVEL 1 B | URBA: Menores de 16 - Primera Rueda - G2 NIVEL 1 A Eq B | URBA: Menores de 16 - Primera Rueda - G2 NIVEL 2 C,urba:2025300,tournaments.season_id,ambiguo,parcial
2025296,urba:2025296,Menores de 16 - Segunda Rueda - G2 Nivel 1 Intermedia,2026,Intermedia,M16,masculino,segunda,segunda,,12,66,0,67331044-36af-4137-9de8-9132fd1dad89 | 007c7e5d-a780-4db3-be61-55e844319c9f | 686eb4db-5fdb-4b0e-9157-1b79e577913d | a8f20318-e2e2-49a1-8125-b3f3352ee5fd | 01dcf552-8583-418e-913e-bce2f63a38b5 | c54762cc-ee9c-49d8-8970-8e678eafd54a | 3fa9cc9c-3cec-4a7f-907e-3b1f3a60d464 | 00f91470-f116-49df-8a4a-cbd39e6e3135,URBA: Menores de 16 - Primera Rueda - G2 NIVEL 1 B Eq B | URBA: Menores de 16 - Segunda Rueda - G2 Nivel 1 Intermedia Eq B | URBA: Menores de 16 - Primera Rueda - G2 NIVEL 1 A | URBA: Menores de 16 - Primera Rueda - G2 NIVEL 2 C Eq B | URBA: Menores de 16 - Segunda Rueda - G2 Nivel 1 Intermedia | URBA: Menores de 16 - Primera Rueda - G2 NIVEL 1 B | URBA: Menores de 16 - Primera Rueda - G2 NIVEL 1 A Eq B | URBA: Menores de 16 - Primera Rueda - G2 NIVEL 2 C,urba:2025246,tournaments.season_id,ambiguo,parcial
2025297,urba:2025297,Menores de 16 - Segunda Rueda - G2 Nivel 1 Ganadores Eq B,2026,otro,M16,masculino,segunda,segunda,,12,66,0,bcebd48d-b252-4c5e-aa9a-df03fe401c95 | 67331044-36af-4137-9de8-9132fd1dad89 | 686eb4db-5fdb-4b0e-9157-1b79e577913d | a8f20318-e2e2-49a1-8125-b3f3352ee5fd | a1c0cca1-c204-4c2b-b2c9-f16afc6e1130 | cb3cd903-1928-4170-a552-5c65155162b2 | 6f641b46-36fe-49cc-ad6a-0a4fada299a0 | d04ec218-2c77-4e10-bffe-6c235164ad91 | c54762cc-ee9c-49d8-8970-8e678eafd54a | 3fa9cc9c-3cec-4a7f-907e-3b1f3a60d464 | 00f91470-f116-49df-8a4a-cbd39e6e3135,URBA: Menores de 16 - Segunda Rueda - G2 Nivel 2 Ganadores Eq B | URBA: Menores de 16 - Primera Rueda - G2 NIVEL 1 B Eq B | URBA: Menores de 16 - Primera Rueda - G2 NIVEL 1 A | URBA: Menores de 16 - Primera Rueda - G2 NIVEL 2 C Eq B | URBA: Menores de 16 - Segunda Rueda - G2 Nivel 2 Ganadores | URBA: Menores de 16 - Segunda Rueda - G2 Nivel 1 Ganadores | URBA: Menores de 16 - Segunda Rueda - G1 Ganadores | URBA: Menores de 16 - Segunda Rueda - G2 Nivel 1 Ganadores Eq B | URBA: Menores de 16 - Primera Rueda - G2 NIVEL 1 B | URBA: Menores de 16 - Primera Rueda - G2 NIVEL 1 A Eq B | URBA: Menores de 16 - Primera Rueda - G2 NIVEL 2 C,urba:2025300,tournaments.season_id,ambiguo,parcial
2025298,urba:2025298,Menores de 16 - Segunda Rueda - G2 Nivel 1 Intermedia Eq B,2026,Intermedia,M16,masculino,segunda,segunda,,12,66,0,67331044-36af-4137-9de8-9132fd1dad89 | 007c7e5d-a780-4db3-be61-55e844319c9f | 686eb4db-5fdb-4b0e-9157-1b79e577913d | a8f20318-e2e2-49a1-8125-b3f3352ee5fd | 01dcf552-8583-418e-913e-bce2f63a38b5 | c54762cc-ee9c-49d8-8970-8e678eafd54a | 3fa9cc9c-3cec-4a7f-907e-3b1f3a60d464 | 00f91470-f116-49df-8a4a-cbd39e6e3135,URBA: Menores de 16 - Primera Rueda - G2 NIVEL 1 B Eq B | URBA: Menores de 16 - Segunda Rueda - G2 Nivel 1 Intermedia Eq B | URBA: Menores de 16 - Primera Rueda - G2 NIVEL 1 A | URBA: Menores de 16 - Primera Rueda - G2 NIVEL 2 C Eq B | URBA: Menores de 16 - Segunda Rueda - G2 Nivel 1 Intermedia | URBA: Menores de 16 - Primera Rueda - G2 NIVEL 1 B | URBA: Menores de 16 - Primera Rueda - G2 NIVEL 1 A Eq B | URBA: Menores de 16 - Primera Rueda - G2 NIVEL 2 C,urba:2025246,tournaments.season_id,ambiguo,parcial
2025299,urba:2025299,Menores de 16 - Segunda Rueda - G2 Nivel 2 Ganadores,2026,otro,M16,masculino,segunda,segunda,,11,66,0,bcebd48d-b252-4c5e-aa9a-df03fe401c95 | 67331044-36af-4137-9de8-9132fd1dad89 | 686eb4db-5fdb-4b0e-9157-1b79e577913d | a8f20318-e2e2-49a1-8125-b3f3352ee5fd | a1c0cca1-c204-4c2b-b2c9-f16afc6e1130 | cb3cd903-1928-4170-a552-5c65155162b2 | 6f641b46-36fe-49cc-ad6a-0a4fada299a0 | d04ec218-2c77-4e10-bffe-6c235164ad91 | c54762cc-ee9c-49d8-8970-8e678eafd54a | 3fa9cc9c-3cec-4a7f-907e-3b1f3a60d464 | 00f91470-f116-49df-8a4a-cbd39e6e3135,URBA: Menores de 16 - Segunda Rueda - G2 Nivel 2 Ganadores Eq B | URBA: Menores de 16 - Primera Rueda - G2 NIVEL 1 B Eq B | URBA: Menores de 16 - Primera Rueda - G2 NIVEL 1 A | URBA: Menores de 16 - Primera Rueda - G2 NIVEL 2 C Eq B | URBA: Menores de 16 - Segunda Rueda - G2 Nivel 2 Ganadores | URBA: Menores de 16 - Segunda Rueda - G2 Nivel 1 Ganadores | URBA: Menores de 16 - Segunda Rueda - G1 Ganadores | URBA: Menores de 16 - Segunda Rueda - G2 Nivel 1 Ganadores Eq B | URBA: Menores de 16 - Primera Rueda - G2 NIVEL 1 B | URBA: Menores de 16 - Primera Rueda - G2 NIVEL 1 A Eq B | URBA: Menores de 16 - Primera Rueda - G2 NIVEL 2 C,urba:2025300,tournaments.season_id,ambiguo,parcial
2025300,urba:2025300,Menores de 16 - Segunda Rueda - G2 Nivel 2 Ganadores Eq B,2026,otro,M16,masculino,segunda,segunda,,11,66,0,bcebd48d-b252-4c5e-aa9a-df03fe401c95 | 67331044-36af-4137-9de8-9132fd1dad89 | 686eb4db-5fdb-4b0e-9157-1b79e577913d | a8f20318-e2e2-49a1-8125-b3f3352ee5fd | a1c0cca1-c204-4c2b-b2c9-f16afc6e1130 | cb3cd903-1928-4170-a552-5c65155162b2 | 6f641b46-36fe-49cc-ad6a-0a4fada299a0 | d04ec218-2c77-4e10-bffe-6c235164ad91 | c54762cc-ee9c-49d8-8970-8e678eafd54a | 3fa9cc9c-3cec-4a7f-907e-3b1f3a60d464 | 00f91470-f116-49df-8a4a-cbd39e6e3135,URBA: Menores de 16 - Segunda Rueda - G2 Nivel 2 Ganadores Eq B | URBA: Menores de 16 - Primera Rueda - G2 NIVEL 1 B Eq B | URBA: Menores de 16 - Primera Rueda - G2 NIVEL 1 A | URBA: Menores de 16 - Primera Rueda - G2 NIVEL 2 C Eq B | URBA: Menores de 16 - Segunda Rueda - G2 Nivel 2 Ganadores | URBA: Menores de 16 - Segunda Rueda - G2 Nivel 1 Ganadores | URBA: Menores de 16 - Segunda Rueda - G1 Ganadores | URBA: Menores de 16 - Segunda Rueda - G2 Nivel 1 Ganadores Eq B | URBA: Menores de 16 - Primera Rueda - G2 NIVEL 1 B | URBA: Menores de 16 - Primera Rueda - G2 NIVEL 1 A Eq B | URBA: Menores de 16 - Primera Rueda - G2 NIVEL 2 C,urba:2025300,tournaments.season_id,ambiguo,parcial
2025301,urba:2025301,Menores de 16 - Segunda Rueda - G2 Desarrollo,2026,Desarrollo,M16,masculino,segunda,segunda,,11,66,0,723654e0-0b67-453a-9f14-c3f24d8c08b3 | ac88c6ac-5af1-45f5-8f07-a26b23ea8368 | b4257b40-e902-40b3-aff4-325ccb6b3548 | 8fa26951-bd81-4409-a75c-b3f9459c753d | 2462e095-f285-44a0-9781-7ea3b48a88e7,URBA: Menores de 16 - Primera Rueda - G2 NIVEL 2 Desarrollo Eq B | URBA: Menores de 16 - Segunda Rueda - G1 Desarrollo | URBA: Menores de 16 - Segunda Rueda - G2 Desarrollo | URBA: Menores de 16 - Primera Rueda - G2 NIVEL 2 Desarrollo | URBA: Menores de 16 - Segunda Rueda - G2 Desarrollo Eq B,urba:2025250,tournaments.season_id,ambiguo,parcial
2025302,urba:2025302,Menores de 16 - Segunda Rueda - G2 Desarrollo Eq B,2026,Desarrollo,M16,masculino,segunda,segunda,,11,66,0,723654e0-0b67-453a-9f14-c3f24d8c08b3 | ac88c6ac-5af1-45f5-8f07-a26b23ea8368 | b4257b40-e902-40b3-aff4-325ccb6b3548 | 8fa26951-bd81-4409-a75c-b3f9459c753d | 2462e095-f285-44a0-9781-7ea3b48a88e7,URBA: Menores de 16 - Primera Rueda - G2 NIVEL 2 Desarrollo Eq B | URBA: Menores de 16 - Segunda Rueda - G1 Desarrollo | URBA: Menores de 16 - Segunda Rueda - G2 Desarrollo | URBA: Menores de 16 - Primera Rueda - G2 NIVEL 2 Desarrollo | URBA: Menores de 16 - Segunda Rueda - G2 Desarrollo Eq B,urba:2025250,tournaments.season_id,ambiguo,parcial
2025303,urba:2025303,Menores de 16 - Segunda Rueda - G1 Ganadores,2026,otro,M16,masculino,segunda,segunda,,12,66,0,bcebd48d-b252-4c5e-aa9a-df03fe401c95 | a1c0cca1-c204-4c2b-b2c9-f16afc6e1130 | cb3cd903-1928-4170-a552-5c65155162b2 | 6f641b46-36fe-49cc-ad6a-0a4fada299a0 | d04ec218-2c77-4e10-bffe-6c235164ad91,URBA: Menores de 16 - Segunda Rueda - G2 Nivel 2 Ganadores Eq B | URBA: Menores de 16 - Segunda Rueda - G2 Nivel 2 Ganadores | URBA: Menores de 16 - Segunda Rueda - G2 Nivel 1 Ganadores | URBA: Menores de 16 - Segunda Rueda - G1 Ganadores | URBA: Menores de 16 - Segunda Rueda - G2 Nivel 1 Ganadores Eq B,urba:2025300,tournaments.season_id,ambiguo,parcial
2025304,urba:2025304,Menores de 16 - Segunda Rueda - G1 Desarrollo,2026,Desarrollo,M16,masculino,segunda,segunda,,10,66,0,723654e0-0b67-453a-9f14-c3f24d8c08b3 | ac88c6ac-5af1-45f5-8f07-a26b23ea8368 | b4257b40-e902-40b3-aff4-325ccb6b3548 | 8fa26951-bd81-4409-a75c-b3f9459c753d | 2462e095-f285-44a0-9781-7ea3b48a88e7,URBA: Menores de 16 - Primera Rueda - G2 NIVEL 2 Desarrollo Eq B | URBA: Menores de 16 - Segunda Rueda - G1 Desarrollo | URBA: Menores de 16 - Segunda Rueda - G2 Desarrollo | URBA: Menores de 16 - Primera Rueda - G2 NIVEL 2 Desarrollo | URBA: Menores de 16 - Segunda Rueda - G2 Desarrollo Eq B,urba:2025250,tournaments.season_id,ambiguo,parcial
2025305,urba:2025305,Menores de 16 - Segunda Rueda - Formativa A,2026,Formativo,M16,masculino,segunda,segunda,,7,66,0,d41ee4ab-ea89-4ebb-b975-690ad3362a2b | abb3a830-cfe6-442d-9c75-23532d28b66e | ba911f55-0e8e-4131-9a4f-ab46434d1b12 | 87cf050a-bb88-4827-8426-f8e7af2874f3,URBA: Menores de 16 - Segunda Rueda - Formativa B | URBA: Menores de 16 - Segunda Rueda - Formativa A | URBA: Menores de 16 - Primera Rueda - G1 Formativa A | URBA: Menores de 16 - Primera Rueda - G1 Formativa B,urba:2025306,tournaments.season_id,ambiguo,parcial
2025306,urba:2025306,Menores de 16 - Segunda Rueda - Formativa B,2026,Formativo,M16,masculino,segunda,segunda,,9,66,0,d41ee4ab-ea89-4ebb-b975-690ad3362a2b | abb3a830-cfe6-442d-9c75-23532d28b66e | ba911f55-0e8e-4131-9a4f-ab46434d1b12 | 87cf050a-bb88-4827-8426-f8e7af2874f3,URBA: Menores de 16 - Segunda Rueda - Formativa B | URBA: Menores de 16 - Segunda Rueda - Formativa A | URBA: Menores de 16 - Primera Rueda - G1 Formativa A | URBA: Menores de 16 - Primera Rueda - G1 Formativa B,urba:2025306,tournaments.season_id,ambiguo,parcial
2025307,urba:2025307,Menores de 15 - Segunda Rueda - G2 A,2026,otro,M15,masculino,segunda,segunda,,12,66,0,6ba88e62-09cc-4326-b410-2ea857b309b6,URBA: Menores de 15 - Segunda Rueda - G2 A,urba:2025307,tournaments.season_id,ambiguo,parcial
2025308,urba:2025308,Menores de 15 - Segunda Rueda - G2 A Eq B,2026,otro,M15,masculino,segunda,segunda,,12,66,0,942e97df-93c4-4c5d-8dbb-53f5f12a2463,URBA: Menores de 15 - Segunda Rueda - G2 A Eq B,urba:2025308,tournaments.season_id,ambiguo,parcial
2025309,urba:2025309,Menores de 15 - Segunda Rueda - G2 B,2026,otro,M15,masculino,segunda,segunda,,12,66,0,0ded7ffe-7c28-48fd-8d0e-3f2f0c4fff0b,URBA: Menores de 15 - Segunda Rueda - G2 B,urba:2025309,tournaments.season_id,ambiguo,parcial
2025310,urba:2025310,Menores de 15 - Segunda Rueda - G2 B Eq B,2026,otro,M15,masculino,segunda,segunda,,12,66,0,233707de-25b3-4ada-8dd6-f3367074b67d,URBA: Menores de 15 - Segunda Rueda - G2 B Eq B,urba:2025310,tournaments.season_id,ambiguo,parcial
2025311,urba:2025311,Menores de 15 - Segunda Rueda - G2 Desarrollo,2026,Desarrollo,M15,masculino,segunda,segunda,,9,66,0,97b008cc-724c-4357-bc09-ebf9246325b3 | 5685c88b-0366-4451-940d-e83f20b312e5 | 1d8145b3-c66d-4f6a-9fb2-a47e3a01b53a | e8dd211b-b4b8-4b72-b000-69ee235f73fe,URBA: Menores de 15 - Segunda Rueda - G2 Desarrollo | URBA: Menores de 15 - Primera Rueda - G2 NIVEL 2 Desarrollo Eq B | URBA: Menores de 15 - Primera Rueda - G2 NIVEL 2 Desarrollo | URBA: Menores de 15 - Segunda Rueda - G2 Desarrollo Eq B,urba:2025311,tournaments.season_id,ambiguo,parcial
2025312,urba:2025312,Menores de 15 - Segunda Rueda - G2 Desarrollo Eq B,2026,Desarrollo,M15,masculino,segunda,segunda,,9,66,0,97b008cc-724c-4357-bc09-ebf9246325b3 | 5685c88b-0366-4451-940d-e83f20b312e5 | 1d8145b3-c66d-4f6a-9fb2-a47e3a01b53a | e8dd211b-b4b8-4b72-b000-69ee235f73fe,URBA: Menores de 15 - Segunda Rueda - G2 Desarrollo | URBA: Menores de 15 - Primera Rueda - G2 NIVEL 2 Desarrollo Eq B | URBA: Menores de 15 - Primera Rueda - G2 NIVEL 2 Desarrollo | URBA: Menores de 15 - Segunda Rueda - G2 Desarrollo Eq B,urba:2025311,tournaments.season_id,ambiguo,parcial
2025313,urba:2025313,Menores de 15 - Segunda Rueda - G1 A,2026,otro,M15,masculino,segunda,segunda,urba:serie:2025261,14,77,0,c46eeaae-d4d7-458d-ab5c-ec9cd3576afc | 529a00a1-390a-417f-862d-5620a2c9a36a,URBA: Menores de 15 - Primera Rueda - G1 A | URBA: Menores de 15 - Segunda Rueda - G1 A,urba:2025261,tournaments.season_id,ambiguo,parcial
2025314,urba:2025314,Menores de 15 - Segunda Rueda - G1 B,2026,otro,M15,masculino,segunda,segunda,urba:serie:2025262,14,77,0,669020ba-4742-43f0-ac69-d700d9cdb8bc | 91e1449f-7a59-4879-a05f-902d7819fa67,URBA: Menores de 15 - Segunda Rueda - G1 B | URBA: Menores de 15 - Primera Rueda - G1 B,urba:2025314,tournaments.season_id,ambiguo,parcial
2025315,urba:2025315,Menores de 15 - Segunda Rueda - Formativa A,2026,Formativo,M15,masculino,segunda,segunda,,10,66,0,5f9507a2-5677-4876-8acb-c748059482fb | c849fb37-468d-4a75-a30f-6f5cb30acf87 | 2e74de89-d924-45ac-9963-ba38e2065c04 | f58c9313-d368-4a1f-bd62-bb26e24f105a | be65620a-3e3c-4577-8ec6-0be13d3eeae8,URBA: Menores de 15 - Segunda Rueda - Formativa B | URBA: Menores de 15 - Segunda Rueda - Formativa A | URBA: Menores de 15 - Primera Rueda - G1 Formativa A | URBA: Menores de 15 - Primera Rueda - G1 Formativa B | URBA: Menores de 15 - Segunda Rueda - Formativa C,urba:2025316,tournaments.season_id,ambiguo,parcial
2025316,urba:2025316,Menores de 15 - Segunda Rueda - Formativa B,2026,Formativo,M15,masculino,segunda,segunda,,9,66,0,5f9507a2-5677-4876-8acb-c748059482fb | c849fb37-468d-4a75-a30f-6f5cb30acf87 | 2e74de89-d924-45ac-9963-ba38e2065c04 | f58c9313-d368-4a1f-bd62-bb26e24f105a | be65620a-3e3c-4577-8ec6-0be13d3eeae8,URBA: Menores de 15 - Segunda Rueda - Formativa B | URBA: Menores de 15 - Segunda Rueda - Formativa A | URBA: Menores de 15 - Primera Rueda - G1 Formativa A | URBA: Menores de 15 - Primera Rueda - G1 Formativa B | URBA: Menores de 15 - Segunda Rueda - Formativa C,urba:2025316,tournaments.season_id,ambiguo,parcial
2025317,urba:2025317,Menores de 15 - Segunda Rueda - Formativa C,2026,Formativo,M15,masculino,segunda,segunda,,6,66,0,5f9507a2-5677-4876-8acb-c748059482fb | c849fb37-468d-4a75-a30f-6f5cb30acf87 | 2e74de89-d924-45ac-9963-ba38e2065c04 | f58c9313-d368-4a1f-bd62-bb26e24f105a | be65620a-3e3c-4577-8ec6-0be13d3eeae8,URBA: Menores de 15 - Segunda Rueda - Formativa B | URBA: Menores de 15 - Segunda Rueda - Formativa A | URBA: Menores de 15 - Primera Rueda - G1 Formativa A | URBA: Menores de 15 - Primera Rueda - G1 Formativa B | URBA: Menores de 15 - Segunda Rueda - Formativa C,urba:2025316,tournaments.season_id,ambiguo,parcial
